"joint","motion","dof","K_star","K","n_fixed","n_random","converged","loglik","BIC","npm","rmse_max","rmse_median","rmse_ratio","r2_ss","r2_marg","n_var_at_zero","seconds"
"sternoclavicular","frontal plane elevation",1,8,1,2,2,TRUE,-305.15501231502,617.241496435639,5,1.07561163727631,0.779434405497432,1.37998993846039,0.984469241682658,0.938194936903357,0,0.714102983474731
"sternoclavicular","frontal plane elevation",1,8,2,3,3,TRUE,-148.691628740283,307.087318008406,7,0.566178142949706,0.398437052250791,1.42099772034588,0.996670840061402,0.945226632480865,0,1.15989184379578
"sternoclavicular","frontal plane elevation",1,8,3,4,4,TRUE,-145.815640549426,304.107930348931,9,0.399664206900292,0.31713885561763,1.26021835489676,0.996984377912995,0.947238966586303,0,2.00306487083435
"sternoclavicular","frontal plane elevation",1,8,4,5,5,TRUE,-123.508057354191,262.2653526807,11,0.374524556530808,0.270316929412383,1.38550166778289,0.997763132816209,0.946068588314199,0,4.03200435638428
"sternoclavicular","frontal plane elevation",1,8,5,6,6,TRUE,-109.684958686505,237.391744067569,13,0.371734181709009,0.212399597154397,1.75016425025886,0.998082131719707,0.940233893444572,0,4.70455265045166
"sternoclavicular","frontal plane elevation",1,8,6,7,7,TRUE,-105.753699259322,232.301813935442,15,0.375256564554592,0.150273645824223,2.49715485703683,0.998228953153692,0.937924676568375,0,11.3385396003723
"sternoclavicular","frontal plane elevation",1,8,7,8,8,TRUE,-95.2530294273844,214.073062993807,17,0.369367835764599,0.161803851345302,2.28281238483217,0.998194228403706,0.945664438781335,2,30.2326707839966
"sternoclavicular","frontal plane elevation",1,8,8,9,9,TRUE,-89.8598739606339,206.059340782546,19,0.354767997573496,0.186813955573652,1.89904440749143,0.998364527656727,0.947984628501287,3,74.1577498912811
"sternoclavicular","frontal plane elevation",1,8,9,10,10,TRUE,-93.2702268022723,215.652635188062,21,0.347665695275309,0.141955252749099,2.44912173760697,0.998480360249029,0.949528094638342,2,37.4715092182159
"sternoclavicular","frontal plane elevation",1,8,10,11,11,TRUE,-93.7553275856135,219.395425476985,23,0.344370746730656,0.13311958903073,2.58692765834155,0.998550632375858,0.950264086071123,1,39.8297624588013
"sternoclavicular","frontal plane elevation",1,8,11,12,12,TRUE,-90.9114245341343,216.480208096266,25,0.341077758832352,0.126441203301194,2.6975206651575,0.998635898835439,0.946425714062721,2,64.7925012111664
"sternoclavicular","frontal plane elevation",1,8,12,13,13,TRUE,-95.0435848908841,227.517117532005,27,0.34203928446216,0.115598624763497,2.95885253965553,0.998664923307836,0.945116303375832,1,73.3002119064331
"sternoclavicular","frontal plane elevation",1,8,13,14,14,TRUE,-96.3297068030315,232.86195007854,29,0.339104054035478,0.166622837391092,2.03515952161794,0.998622221725114,0.94619454660974,2,83.3055095672607
"sternoclavicular","frontal plane elevation",1,8,14,15,15,TRUE,-97.0346278479865,237.04438089069,31,0.34024663714403,0.138995677364433,2.4478936582462,0.998670055039081,0.943952715506418,3,469.598404884338
"sternoclavicular","frontal plane elevation",1,8,15,16,16,TRUE,-98.8709659190354,243.489645755027,33,0.335111085467026,0.0992285478477391,3.3771640594926,0.998742307285672,0.943751121082125,3,216.154648780823
"sternoclavicular","frontal plane elevation",1,8,16,17,17,TRUE,-105.33408607862,259.188474796437,35,0.340209805761498,0.103267096574328,3.29446471380771,0.998703903401124,0.945107077662439,3,719.323635101318
"sternoclavicular","frontal plane elevation",1,8,17,18,18,FALSE,NA,NA,NA,NA,NA,NA,NA,NA,NA,933.236249923706
"sternoclavicular","frontal plane elevation",1,8,18,19,19,FALSE,NA,NA,NA,NA,NA,NA,NA,NA,NA,1122.69833469391
"sternoclavicular","frontal plane elevation",1,8,19,20,20,FALSE,NA,NA,NA,NA,NA,NA,NA,NA,NA,1330.13304972649
"sternoclavicular","frontal plane elevation",1,8,20,21,21,FALSE,NA,NA,NA,NA,NA,NA,NA,NA,NA,1182.22013831139
"acromioclavicular","frontal plane elevation",1,8,1,2,2,TRUE,-196.101180971333,399.133833748265,5,0.58056255139704,0.543812294918157,1.06757893637622,0.98939893382185,-0.591338293228897,0,0.661321878433228
"acromioclavicular","frontal plane elevation",1,8,2,3,3,TRUE,-137.699987802862,285.104036133564,7,0.535078139358105,0.384080169681984,1.39314180110144,0.994592338189864,-0.587298743487733,0,1.04802274703979
"acromioclavicular","frontal plane elevation",1,8,3,4,4,TRUE,-106.542098782425,225.560846814929,9,0.422863337607089,0.190024942908619,2.22530437917531,0.996278718127603,-0.576362884333831,0,1.3480269908905
"acromioclavicular","frontal plane elevation",1,8,4,5,5,TRUE,-73.4349368009422,162.119111574203,11,0.334637684436504,0.178641416081752,1.87323685501554,0.997496850611766,-0.587478615889906,0,4.52952766418457
"acromioclavicular","frontal plane elevation",1,8,5,6,6,TRUE,-48.8438370797109,115.70950085398,13,0.272475289556256,0.185975913924858,1.46511063613511,0.998113770283356,-0.570183891310565,0,3.86843252182007
"acromioclavicular","frontal plane elevation",1,8,6,7,7,TRUE,-48.091382173963,116.977179764724,15,0.256227844933292,0.155970400162539,1.64279789412781,0.998308361838354,-0.540130018373371,0,3.88092279434204
"acromioclavicular","frontal plane elevation",1,8,7,8,8,TRUE,-41.6561698105831,106.879343760204,17,0.243431857575638,0.162957184769302,1.49383936596759,0.998415554682446,-0.525227514537957,0,4.55066633224487
"acromioclavicular","frontal plane elevation",1,8,8,9,9,TRUE,-38.0680077163492,102.475608293976,19,0.232997288342683,0.154347946732867,1.5095587163588,0.998544110740638,-0.534332975093446,0,4.60290813446045
"acromioclavicular","frontal plane elevation",1,8,9,10,10,TRUE,-37.9490961861803,105.010373955878,21,0.226472280427768,0.156790414798794,1.44442682110635,0.99860217321171,-0.538349348796972,0,8.01907277107239
"acromioclavicular","frontal plane elevation",1,8,10,11,11,TRUE,-40.3085153665024,112.501801038762,23,0.238778361357607,0.171130473649375,1.39530006705196,0.998478369412668,-0.541739967494554,1,83.3915228843689
"acromioclavicular","frontal plane elevation",1,8,11,12,12,FALSE,NA,NA,NA,NA,NA,NA,NA,NA,NA,327.066916465759
"acromioclavicular","frontal plane elevation",1,8,12,13,13,FALSE,NA,NA,NA,NA,NA,NA,NA,NA,NA,395.489104747772
"acromioclavicular","frontal plane elevation",1,8,13,14,14,FALSE,NA,NA,NA,NA,NA,NA,NA,NA,NA,540.900936841965
"acromioclavicular","frontal plane elevation",1,8,14,15,15,FALSE,NA,NA,NA,NA,NA,NA,NA,NA,NA,616.429047584534
"acromioclavicular","frontal plane elevation",1,8,15,16,16,FALSE,NA,NA,NA,NA,NA,NA,NA,NA,NA,719.823393821716
"acromioclavicular","frontal plane elevation",1,8,16,17,17,FALSE,NA,NA,NA,NA,NA,NA,NA,NA,NA,725.20778799057
"acromioclavicular","frontal plane elevation",1,8,17,18,18,FALSE,NA,NA,NA,NA,NA,NA,NA,NA,NA,773.442121982574
"acromioclavicular","frontal plane elevation",1,8,18,19,19,FALSE,NA,NA,NA,NA,NA,NA,NA,NA,NA,1038.27358341217
"acromioclavicular","frontal plane elevation",1,8,19,20,20,FALSE,NA,NA,NA,NA,NA,NA,NA,NA,NA,989.087144851685
"acromioclavicular","frontal plane elevation",1,8,20,21,21,FALSE,NA,NA,NA,NA,NA,NA,NA,NA,NA,996.174165487289
"scapulothoracic","frontal plane elevation",1,11,1,2,2,TRUE,-3994.93603714813,8007.04201031868,5,2.95101993491224,0.872576071444212,3.38196293880483,0.986763911842514,0.0207024425881059,0,3.95243692398071
"scapulothoracic","frontal plane elevation",1,11,2,3,3,TRUE,-2773.66689779139,5571.37170601417,7,1.63500882657107,0.588943141676646,2.77617432120256,0.996017527372257,0.0198810256651656,0,7.73370718955994
"scapulothoracic","frontal plane elevation",1,11,3,4,4,TRUE,-1883.55837258059,3798.02263000154,9,0.637304280051765,0.363856858252653,1.75152471527481,0.998408044498586,0.0197181810925231,0,14.5820400714874
"scapulothoracic","frontal plane elevation",1,11,4,5,5,TRUE,-1489.91431318595,3017.60248562124,11,0.570731982725866,0.277849915970811,2.0541016927492,0.999009983640896,0.018611990205556,0,22.384003162384
"scapulothoracic","frontal plane elevation",1,11,5,6,6,TRUE,-1328.60978124076,2701.86139613982,13,0.562804870664464,0.251851577278751,2.23466883449989,0.99922823136328,0.0223057886600464,0,33.9795064926147
"scapulothoracic","frontal plane elevation",1,11,6,7,7,TRUE,-1196.73048479532,2444.97077765792,15,0.551770508541937,0.216566234405051,2.54781411357942,0.999386946670237,0.0224218944153428,0,45.590564250946
"scapulothoracic","frontal plane elevation",1,11,7,8,8,TRUE,-1146.92294861159,2352.22367969943,17,0.490260943491254,0.212695172989493,2.30499327559009,0.999473318035541,0.0225508257727812,0,40.6403515338898
"scapulothoracic","frontal plane elevation",1,11,8,9,9,TRUE,-1021.10036614855,2107.44648918233,19,0.374994403638524,0.203767996046657,1.84030078772851,0.999581039505516,0.0228056345231969,0,45.1673789024353
"scapulothoracic","frontal plane elevation",1,11,9,10,10,TRUE,-938.694068736708,1949.5018687676,21,0.315141070081486,0.185490222304779,1.69896324542475,0.999654705479812,0.0228848415109801,0,82.1193480491638
"scapulothoracic","frontal plane elevation",1,11,10,11,11,TRUE,-904.207221312915,1887.39614832899,23,0.272356311379754,0.171668650310701,1.58652328708137,0.999702477491594,0.0231180326289147,0,92.0820255279541
"scapulothoracic","frontal plane elevation",1,11,11,12,12,TRUE,-892.000996858545,1869.85167382922,25,0.264793544291385,0.157793351651013,1.67810330106316,0.999739087786221,0.0229516669292849,0,124.573582172394
"scapulothoracic","frontal plane elevation",1,11,12,13,13,TRUE,-919.994244627647,1932.70614377639,27,0.244123760574114,0.152133125792149,1.6046719562421,0.999760518250184,0.0221111521898256,0,166.906259775162
"scapulothoracic","frontal plane elevation",1,11,13,14,14,TRUE,-975.649836030978,2050.88530099202,29,0.235325870599226,0.147904051925167,1.59107115414452,0.999772010933698,0.0224280169668335,0,166.805738210678
"scapulothoracic","frontal plane elevation",1,11,14,15,15,TRUE,-1005.35132218316,2117.15624770535,31,0.241333357800676,0.141805133779917,1.70186615510851,0.999786638783823,0.0225160872568121,0,161.22230386734
"scapulothoracic","frontal plane elevation",1,11,15,16,16,TRUE,-1057.18931741784,2227.70021258368,33,0.234445069415769,0.137381134594193,1.7065303042393,0.999794874094271,0.0223077227979883,0,171.523887634277
"scapulothoracic","frontal plane elevation",1,11,16,17,17,TRUE,-1090.78063201214,2301.75081618126,35,0.225070313385917,0.138537722329824,1.62461392897799,0.999807809501418,0.021945891890192,0,232.714762449265
"scapulothoracic","frontal plane elevation",1,11,17,18,18,TRUE,-1157.76920827084,2442.59594310762,37,0.213329063860095,0.13435625663155,1.5877865996603,0.999814273890207,0.0219016377399327,0,274.536043167114
"scapulothoracic","frontal plane elevation",1,11,18,19,19,TRUE,-1200.6203702865,2535.16624154791,39,0.212390493656115,0.132904443717827,1.59806916695011,0.999825173215979,0.0223321021000573,0,314.590344667435
"scapulothoracic","frontal plane elevation",1,11,19,20,20,TRUE,-1258.9157850153,2658.62504541449,41,0.212904495284888,0.128700538861053,1.65426265631057,0.99983231131479,0.0229409537408973,0,362.802410125732
"scapulothoracic","frontal plane elevation",1,11,20,21,21,TRUE,-1328.05041117644,2803.76227214574,43,0.211278049768075,0.123132633046642,1.71585748262237,0.999837473287769,0.023300729723929,0,392.405763149261
"glenohumeral","frontal plane elevation",1,9,1,2,2,TRUE,-4568.57587886993,9152.82922881951,5,9.1433615113424,4.05599056021094,2.25428569805816,0.922505283037884,-0.000336881303479863,0,3.26453685760498
"glenohumeral","frontal plane elevation",1,9,2,3,3,TRUE,-3325.54071077341,6673.02988105832,7,4.9640749633694,1.44504021463015,3.43525039172693,0.988028579093403,0.0589786058485764,0,5.63568735122681
"glenohumeral","frontal plane elevation",1,9,3,4,4,TRUE,-2668.44483669157,5365.10912132651,9,2.50562773682566,0.943220084980253,2.65646138873105,0.995919481447546,0.0609962269628521,0,8.00622248649597
"glenohumeral","frontal plane elevation",1,9,4,5,5,TRUE,-2355.7048455516,4745.90012747843,11,1.67472346287104,0.672397919477474,2.49067317782971,0.997760473101139,0.0589419529321247,0,16.8049676418304
"glenohumeral","frontal plane elevation",1,9,5,6,6,TRUE,-2111.66076694174,4264.08295869056,13,1.21148531902925,0.598443770659626,2.0243928977553,0.998664117995638,0.0603154077102978,0,24.2269008159637
"glenohumeral","frontal plane elevation",1,9,6,7,7,TRUE,-2053.9968692715,4155.02615178195,15,0.897085707405271,0.580411916273049,1.54560180839438,0.998947602734375,0.0590699207163237,0,24.363951921463
"glenohumeral","frontal plane elevation",1,9,7,8,8,TRUE,-1931.49128405582,3916.28596978243,17,0.642221779820741,0.493818209138094,1.30052267805529,0.999252062825055,0.0575824290964904,0,48.8850836753845
"glenohumeral","frontal plane elevation",1,9,8,9,9,TRUE,-1977.4893050133,4014.55300012926,19,0.674184702970353,0.388695117095737,1.73448204857253,0.999310934286547,0.0506799097528879,0,34.1249690055847
"glenohumeral","frontal plane elevation",1,9,9,10,10,TRUE,-1880.91534488701,3827.67606830853,21,0.617717491074867,0.342451798422149,1.80380857662599,0.999497363523449,0.0424957825695121,0,67.6228036880493
"glenohumeral","frontal plane elevation",1,9,10,11,11,TRUE,-1904.21603118245,3880.54842933126,23,0.61669914570865,0.339369188671231,1.81719250390196,0.999558014151923,0.043115613336914,0,58.3711211681366
"glenohumeral","frontal plane elevation",1,9,11,12,12,TRUE,-1949.94931379971,3978.28598299765,25,0.612185661232572,0.293584464500558,2.08521136250862,0.999596361467825,0.0433938007826552,0,75.0286335945129
"glenohumeral","frontal plane elevation",1,9,12,13,13,TRUE,-1977.41771307139,4039.49376997286,27,0.610647500839988,0.280601095909945,2.17621210230757,0.999641923939213,0.0419748112085118,0,82.470782995224
"glenohumeral","frontal plane elevation",1,9,13,14,14,TRUE,-1997.27599750139,4085.48132726473,29,0.599841124354404,0.265727530769007,2.25735407474899,0.999685964969992,0.0343948514386276,0,160.246028423309
"glenohumeral","frontal plane elevation",1,9,14,15,15,TRUE,-2048.00100701407,4193.20233472195,31,0.587135092537388,0.25113996106397,2.33788000145398,0.999711229499192,0.0301681016899454,0,138.089276790619
"glenohumeral","frontal plane elevation",1,9,15,16,16,TRUE,-2075.44347773389,4254.35826459343,33,0.575345296285935,0.229413361022589,2.50789794335162,0.999746416203132,0.0285615796190472,0,235.880631446838
"glenohumeral","frontal plane elevation",1,9,16,17,17,TRUE,-2139.25645798513,4388.25521352778,35,0.564487712044795,0.231940507089954,2.43376079119232,0.999762123317177,0.0298964940897058,0,147.230723619461
"glenohumeral","frontal plane elevation",1,9,17,18,18,TRUE,-2190.652685061,4497.31865611138,37,0.555398666565302,0.210357171014049,2.64026495454348,0.999779795389462,0.0248310297598313,0,241.892737627029
"glenohumeral","frontal plane elevation",1,9,18,19,19,TRUE,-2262.15355495007,4646.59138432138,39,0.546283824333663,0.211924519558497,2.57772826604368,0.999786858067174,0.0258054632243274,0,273.420922279358
"glenohumeral","frontal plane elevation",1,9,19,20,20,TRUE,-2331.41419044722,4791.38364374753,41,0.541775701759879,0.208074028710372,2.60376417526861,0.999789374798978,0.0297371106797785,0,288.568187713623
"glenohumeral","frontal plane elevation",1,9,20,21,21,TRUE,-2354.66464295519,4844.15553719533,43,0.537466504832623,0.188493198226433,2.85138408117504,0.999802194615758,0.0386283894104943,0,318.733928203583
"sternoclavicular","scapular plane elevation",1,9,1,2,2,TRUE,-703.871720732156,1424.03392415442,5,3.48962531394339,0.40113824376008,8.69930845095519,0.991170159566515,-0.228425300763013,0,0.4317786693573
"sternoclavicular","scapular plane elevation",1,9,2,3,3,TRUE,-522.749100069632,1068.30487590541,7,1.40156263374076,0.142184687119107,9.85733880447114,0.998862231025519,-0.226448507705821,0,0.778646469116211
"sternoclavicular","scapular plane elevation",1,9,3,4,4,TRUE,-416.102552158454,861.527973159102,9,0.894190320239309,0.0493032108596634,18.1365534748747,0.999791084951218,-0.22605706188698,0,1.42322826385498
"sternoclavicular","scapular plane elevation",1,9,4,5,5,TRUE,-442.17374468241,920.186551283056,11,0.482141277736358,0.027043482621202,17.8283723472199,0.99988598936225,-0.224003944456753,0,1.749516248703
"sternoclavicular","scapular plane elevation",1,9,5,6,6,TRUE,-458.114413854423,958.584082703125,13,0.288248289176001,0.0130614261716629,22.0686688718084,0.999957286757065,-0.222876443801422,0,6.11069345474243
"sternoclavicular","scapular plane elevation",1,9,6,7,7,TRUE,-461.728333811476,972.328115693275,15,0.0993374489252191,0.00289801030314105,34.27781081991,0.999993124204135,-0.219542474334228,0,5.70272946357727
"sternoclavicular","scapular plane elevation",1,9,7,8,8,TRUE,-577.240283237897,1209.86820762216,17,1.85510173767648,0.411029672997846,4.5133036847347,0.99902734952098,-0.234371474125969,1,7.56957030296326
"sternoclavicular","scapular plane elevation",1,9,8,9,9,TRUE,-401.595531020741,865.09489626389,19,0.146924729662123,0.00912580338696019,16.0999227609991,0.999986196665945,-0.248710287695808,0,13.3378851413727
"sternoclavicular","scapular plane elevation",1,9,9,10,10,TRUE,-347.432138604913,763.284304508277,21,0.0969796660165177,0.00577130794316849,16.8037586923971,0.999995482799357,-0.150359490752875,2,228.912889957428
"sternoclavicular","scapular plane elevation",1,9,10,11,11,FALSE,NA,NA,NA,NA,NA,NA,NA,NA,NA,322.773859262466
"sternoclavicular","scapular plane elevation",1,9,11,12,12,FALSE,NA,NA,NA,NA,NA,NA,NA,NA,NA,465.887163877487
"sternoclavicular","scapular plane elevation",1,9,12,13,13,FALSE,NA,NA,NA,NA,NA,NA,NA,NA,NA,540.845998048782
"sternoclavicular","scapular plane elevation",1,9,13,14,14,FALSE,NA,NA,NA,NA,NA,NA,NA,NA,NA,846.07230591774
"sternoclavicular","scapular plane elevation",1,9,14,13,13,FALSE,NA,NA,NA,NA,NA,NA,NA,NA,NA,586.679511547089
"sternoclavicular","scapular plane elevation",1,9,15,14,14,FALSE,NA,NA,NA,NA,NA,NA,NA,NA,NA,775.233166456223
"sternoclavicular","scapular plane elevation",1,9,16,17,17,FALSE,NA,NA,NA,NA,NA,NA,NA,NA,NA,1118.05336380005
"sternoclavicular","scapular plane elevation",1,9,17,13,13,FALSE,NA,NA,NA,NA,NA,NA,NA,NA,NA,476.310901165009
"sternoclavicular","scapular plane elevation",1,9,18,12,12,FALSE,NA,NA,NA,NA,NA,NA,NA,NA,NA,379.551742076874
"sternoclavicular","scapular plane elevation",1,9,19,14,14,FALSE,NA,NA,NA,NA,NA,NA,NA,NA,NA,699.316328525543
"sternoclavicular","scapular plane elevation",1,9,20,15,15,FALSE,NA,NA,NA,NA,NA,NA,NA,NA,NA,605.507119417191
"scapulothoracic","scapular plane elevation",1,11,1,2,2,TRUE,-4585.75116845261,9191.16146506884,5,2.84485498564101,0.721834676617277,3.94114480475336,0.983191085054786,-0.725000707272071,0,8.05717372894287
"scapulothoracic","scapular plane elevation",1,11,2,3,3,TRUE,-3227.80031735826,6483.12341414559,7,1.56059353872185,0.328865045945751,4.74539194104346,0.99564345818076,-0.713676131022585,0,14.9354932308197
"scapulothoracic","scapular plane elevation",1,11,3,4,4,TRUE,-2714.29864219899,5463.9837150925,9,1.43281956598604,0.158903772033818,9.01690090579543,0.997604580023649,-0.710875127315518,0,13.7497634887695
"scapulothoracic","scapular plane elevation",1,11,4,5,5,TRUE,-2231.29192716,4505.83393627997,11,0.823059554929267,0.107478705239327,7.65788490935507,0.998663239025726,-0.715373579009071,0,34.4665815830231
"scapulothoracic","scapular plane elevation",1,11,5,6,6,TRUE,-2068.69018083094,4188.49409488729,13,0.654894821556657,0.155043948292956,4.22393023892317,0.998977130444625,-0.718478738790349,0,52.266818523407
"scapulothoracic","scapular plane elevation",1,11,6,7,7,TRUE,-1934.63682057871,3928.25102564829,15,0.642146639739285,0.14156396858123,4.53608814569802,0.999195372095855,-0.738064676460132,0,119.787854909897
"scapulothoracic","scapular plane elevation",1,11,7,8,8,TRUE,-1750.0234772825,3566.88799032132,17,0.631015418100858,0.0853521554339015,7.39308122791966,0.999389937969108,-0.748639316931685,0,97.4257082939148
"scapulothoracic","scapular plane elevation",1,11,8,9,9,TRUE,-1683.05497992091,3440.81464686359,19,0.605277820528775,0.0820832839596542,7.37394742669266,0.999494895280229,-0.739974153908929,0,119.625209331512
"scapulothoracic","scapular plane elevation",1,11,9,10,10,TRUE,-1612.01374303624,3306.59582435969,21,0.518570055967039,0.055365637442524,9.36627987902017,0.999566088876753,-0.751015336293992,0,122.205824375153
"scapulothoracic","scapular plane elevation",1,11,10,11,11,TRUE,-1532.54155384146,3155.51509723559,23,0.416444932696784,0.0361427967235245,11.522211075208,0.99963594336399,-0.766108017406348,0,180.186641216278
"scapulothoracic","scapular plane elevation",1,11,11,12,12,TRUE,-1377.02280808063,2852.34125697936,25,0.357121059096115,0.0406745421540186,8.7799650637452,0.999705786016759,-0.747801139230141,0,217.323394536972
"scapulothoracic","scapular plane elevation",1,11,12,13,13,TRUE,-1416.63088496832,2939.4210620202,27,0.346959517856083,0.0189678432558925,18.2919857136787,0.999726932830167,-0.768434871201264,0,200.698979616165
"scapulothoracic","scapular plane elevation",1,11,13,14,14,TRUE,-1434.70189093538,2983.42672521976,29,0.329148565765086,0.0268003089788262,12.2815213072779,0.99974660530882,-0.778764621528667,0,358.31987452507
"scapulothoracic","scapular plane elevation",1,11,14,15,15,TRUE,-1448.52608715495,3018.93876892436,31,0.326386856984523,0.00914436769684759,35.6926654531883,0.999765573858509,-0.781963363706653,0,397.728895425797
"scapulothoracic","scapular plane elevation",1,11,15,16,16,TRUE,-1494.46243115363,3118.67510818717,33,0.30720326842602,0.0203777852477431,15.075400230751,0.999771051417032,-0.782627950342185,0,725.771861791611
"scapulothoracic","scapular plane elevation",1,11,16,17,17,TRUE,-1507.37505991966,3152.36401698468,35,0.302725961806994,0.0193138091813783,15.6740681739194,0.999786037675227,-0.796009689031571,0,363.777589082718
"scapulothoracic","scapular plane elevation",1,11,17,18,18,TRUE,-1472.29537989149,3090.06830819377,37,0.287684762356877,0.00862566780756526,33.352172698392,0.999810935396379,-0.800015866435158,0,477.321697235107
"scapulothoracic","scapular plane elevation",1,11,18,19,19,TRUE,-1521.73605213026,3196.81330393676,39,0.273726180819928,0.00877606991165929,31.1900638412502,0.999818849596896,-0.800355706872386,0,408.822825908661
"scapulothoracic","scapular plane elevation",1,11,19,20,20,TRUE,-1570.68525185294,3302.57535464757,41,0.276878048168715,0.00867065414992334,31.9327750111176,0.999825047336967,-0.80534929349302,0,668.28192949295
"scapulothoracic","scapular plane elevation",1,11,20,21,21,TRUE,-1592.59360904778,3354.25572030271,43,0.242802477336365,0.00804326816340512,30.1870424314654,0.999838284174155,-0.79481822811641,0,531.045125246048
"glenohumeral","scapular plane elevation",1,18,1,2,2,TRUE,-7806.9596796148,15629.1419714182,5,21.7926180180168,9.87726728748354,2.20634082117352,0.678827029349949,0.201557035909892,0,7.33320283889771
"glenohumeral","scapular plane elevation",1,18,2,3,3,TRUE,-6362.01616032074,12745.3439777055,7,13.1338280951324,2.86767247945934,4.57996099248007,0.930551578960439,0.473257747230147,0,14.1822025775909
"glenohumeral","scapular plane elevation",1,18,3,4,4,TRUE,-5857.69400594073,11742.788713821,9,9.85852854182704,2.06613493368973,4.77148340172612,0.96111173553992,0.484271828669239,0,19.125757932663
"glenohumeral","scapular plane elevation",1,18,4,5,5,TRUE,-5259.16091432423,10551.8115754634,11,7.25319916490113,1.56045601784719,4.64812790744827,0.980544609352888,0.501469553864474,0,28.5362238883972
"glenohumeral","scapular plane elevation",1,18,5,6,6,TRUE,-4856.58319611542,9752.74518392124,13,5.7947141577222,1.31444647386211,4.40848240909816,0.98814294172771,0.502370736137298,0,35.4836890697479
"glenohumeral","scapular plane elevation",1,18,6,7,7,TRUE,-4498.53213290364,9042.73210237312,15,4.58281111238973,1.09849908074736,4.17188433992302,0.992510635449978,0.502697492013638,0,52.969931602478
"glenohumeral","scapular plane elevation",1,18,7,8,8,TRUE,-4118.60055601518,8288.95799347166,17,3.24869532177666,0.811313947304982,4.00423945942031,0.995450376521511,0.499784537970619,0,69.3627693653107
"glenohumeral","scapular plane elevation",1,18,8,9,9,TRUE,-3871.09491877323,7800.0357638632,19,2.47224729159153,0.805845568164866,3.06789214864273,0.996798908216458,0.499358233067956,0,117.186562299728
"glenohumeral","scapular plane elevation",1,18,9,10,10,TRUE,-3640.83493025884,7345.60483170987,21,2.2368211957684,0.622097185762235,3.59561375129467,0.997722954979488,0.497762451767207,0,123.832112789154
"glenohumeral","scapular plane elevation",1,18,10,11,11,TRUE,-3532.77518028653,7135.5743766407,23,2.08508059337655,0.583452809786296,3.57369192230005,0.99816927467882,0.49406015580217,0,133.336267471313
"glenohumeral","scapular plane elevation",1,18,11,12,12,TRUE,-3429.20956298405,6934.53218691119,25,1.97203302228146,0.543073883304697,3.63124260419467,0.998526984134443,0.493277809236953,0,246.995483398438
"glenohumeral","scapular plane elevation",1,18,12,13,13,TRUE,-3344.90703194773,6772.016169714,27,1.81769297345709,0.505315278412556,3.59714627898717,0.998787486631243,0.491871536454444,0,218.116415023804
"glenohumeral","scapular plane elevation",1,18,13,14,14,TRUE,-3261.73647428014,6611.76409925426,29,1.66025253000679,0.496469488970927,3.34411795062801,0.99900217769487,0.491236876295133,0,248.476942062378
"glenohumeral","scapular plane elevation",1,18,14,15,15,TRUE,-3257.02728322346,6608.43476201634,31,1.56449806071462,0.445657620895813,3.51053810674176,0.99906794846413,0.496484817178264,0,279.385126113892
"glenohumeral","scapular plane elevation",1,18,15,16,16,TRUE,-3199.59063525862,6499.65051096211,33,1.48880849594625,0.470285163787326,3.16575688664404,0.999117623777705,0.498224686639904,0,347.238685131073
"glenohumeral","scapular plane elevation",1,18,16,17,17,TRUE,-3161.02436106173,6428.60700744378,35,1.44099009597264,0.406493096729029,3.54493128559379,0.999191071200522,0.498306924303114,0,294.519353628159
"glenohumeral","scapular plane elevation",1,18,17,18,18,TRUE,-3135.05917145521,6382.76567310619,37,1.39464180834865,0.369428001775888,3.77513832639765,0.999256330338498,0.498262139343071,0,466.313772439957
"glenohumeral","scapular plane elevation",1,18,18,19,19,TRUE,-3119.54321230238,6357.82279967598,39,1.37148529339321,0.3358664098672,4.08342499607355,0.999313498720218,0.498386408300247,0,423.566409349442
"glenohumeral","scapular plane elevation",1,18,19,20,20,TRUE,-3142.61785525548,6410.06113045762,41,1.36524183400099,0.354400752951801,3.85225432685993,0.999332191553678,0.498455876170308,0,558.873209238052
"glenohumeral","scapular plane elevation",1,18,20,21,21,TRUE,-3148.9437556532,6428.80197612851,43,1.34381133803192,0.303765532159997,4.42384403680178,0.999362641074286,0.49839171896153,0,635.337374448776
"sternoclavicular","sagittal plane elevation",1,8,1,2,2,TRUE,-210.32752684856,426.14811514046,5,0.917527931799217,0.573612029383918,1.59956187248144,0.994679891073464,0.270040634821363,0,0.701799154281616
"sternoclavicular","sagittal plane elevation",1,8,2,3,3,TRUE,-132.160048000029,272.010382020735,7,0.649183458459637,0.394352251206435,1.64620198432646,0.997638601504379,0.284698176520071,0,0.875275373458862
"sternoclavicular","sagittal plane elevation",1,8,3,4,4,TRUE,-113.320327921721,236.528166441456,9,0.429867522027037,0.388135650344141,1.10751878021484,0.998092728287958,0.280702173003165,0,1.77654814720154
"sternoclavicular","sagittal plane elevation",1,8,4,5,5,TRUE,-90.8021067033877,193.688948582125,11,0.333519422220041,0.299187097586427,1.11475202276628,0.998544151590255,0.281167755266439,0,3.33906531333923
"sternoclavicular","sagittal plane elevation",1,8,5,6,6,TRUE,-48.7996336375866,111.881227027859,13,0.304667750165244,0.174667357903238,1.74427410949918,0.999052660518663,0.271795826756218,0,6.43446135520935
"sternoclavicular","sagittal plane elevation",1,8,6,7,7,TRUE,-48.7975514768259,114.074287283673,15,0.2855676903447,0.203813832217671,1.40112026371065,0.999064881489137,0.275186892796349,0,4.28020811080933
"sternoclavicular","sagittal plane elevation",1,8,7,8,8,TRUE,-3.82825867151231,26.3329262503825,17,0.235341414139223,0.143330777219258,1.6419461242383,0.999426311665542,0.28166739045015,1,8.82929348945618
"sternoclavicular","sagittal plane elevation",1,8,8,9,9,TRUE,37.2520710706289,-53.6305086565637,19,0.173649846061329,0.136901166484211,1.26843218740109,0.999629738173467,0.276225116384282,1,20.0405864715576
"sternoclavicular","sagittal plane elevation",1,8,9,10,10,TRUE,27.4802927401162,-31.8897274182021,21,0.182601766639741,0.133718365287955,1.36556983961417,0.999609672526654,0.278450730274761,2,27.2807559967041
"sternoclavicular","sagittal plane elevation",1,8,10,11,11,TRUE,37.6205343667891,-49.9729860942118,23,0.167948052844011,0.122973924673941,1.36572084927205,0.999671456209206,0.27698075064919,1,127.687742948532
"sternoclavicular","sagittal plane elevation",1,8,11,12,12,TRUE,26.6011224492986,-25.7369376818944,25,0.17452729181568,0.127501128481295,1.36882938915544,0.999647160404248,0.277895648484006,1,23.8281865119934
"sternoclavicular","sagittal plane elevation",1,8,12,13,13,TRUE,27.5089793867716,-25.3554269795043,27,0.165504333902607,0.126993219670214,1.30325331015626,0.999662080158487,0.281220062568121,3,76.3885610103607
"sternoclavicular","sagittal plane elevation",1,8,13,14,14,TRUE,31.9199970975488,-31.9802378237223,29,0.162421898122068,0.114136442223218,1.42305029803205,0.999701701468823,0.283963355964743,1,66.9999063014984
"sternoclavicular","sagittal plane elevation",1,8,14,15,15,TRUE,25.5187684189823,-16.9805558892532,31,0.160987953798177,0.12102569955694,1.33019643255551,0.99969227142709,0.273153988806631,2,123.095241308212
"sternoclavicular","sagittal plane elevation",1,8,15,16,16,TRUE,24.8236694975028,-13.3931334689579,33,0.157664867247709,0.11616103551829,1.35729564172905,0.999708550660386,0.277848999635977,2,124.025804519653
"sternoclavicular","sagittal plane elevation",1,8,16,17,17,TRUE,25.0331977696217,-11.6149654358596,35,0.155346316423894,0.113391017629361,1.37000548783917,0.99972242621877,0.282138078055316,2,221.215088367462
"sternoclavicular","sagittal plane elevation",1,8,17,18,18,FALSE,NA,NA,NA,NA,NA,NA,NA,NA,NA,841.903942584991
"sternoclavicular","sagittal plane elevation",1,8,18,19,19,TRUE,19.8167998510545,3.21227955594721,39,0.158650178392045,0.107847212067134,1.47106425239149,0.999723787266524,0.274977756190441,1,361.937872886658
"sternoclavicular","sagittal plane elevation",1,8,19,20,20,TRUE,16.4962878005778,12.0505282342368,41,0.157727906012741,0.114292745544642,1.38003427305133,0.999711868298488,0.280655024316431,3,776.638351917267
"sternoclavicular","sagittal plane elevation",1,8,20,21,21,FALSE,NA,NA,NA,NA,NA,NA,NA,NA,NA,1591.97460246086
"acromioclavicular","sagittal plane elevation",1,8,1,2,2,TRUE,-219.163576039944,443.820213523229,5,0.662509806458224,0.536370595270729,1.23517174934585,0.983175511261573,-0.29081665597899,0,0.600547552108765
"acromioclavicular","sagittal plane elevation",1,8,2,3,3,TRUE,-106.179308517577,220.04890305583,7,0.378760920759262,0.314491237474694,1.20436080763535,0.994528767616375,-0.269953249102855,0,0.670852661132812
"acromioclavicular","sagittal plane elevation",1,8,3,4,4,TRUE,-77.3345673759843,164.556645349982,9,0.300172122254575,0.285018669049407,1.05316652854954,0.996113323378597,-0.274687440095966,0,1.16953778266907
"acromioclavicular","sagittal plane elevation",1,8,4,5,5,TRUE,-77.8475817084445,167.779898592238,11,0.297420157539967,0.278294779339413,1.06872345304483,0.996255435973292,-0.266451194987433,0,3.72383093833923
"acromioclavicular","sagittal plane elevation",1,8,5,6,6,TRUE,-32.5377528406774,79.3574654340402,13,0.260328047820118,0.174998917074543,1.48759805015952,0.997756786534949,-0.25725255176099,0,3.12391471862793
"acromioclavicular","sagittal plane elevation",1,8,6,7,7,TRUE,-31.8690718996315,80.2173281292847,15,0.241124565448216,0.191420272077425,1.25966055126433,0.997847855738867,-0.254221795921459,0,3.91408586502075
"acromioclavicular","sagittal plane elevation",1,8,7,8,8,TRUE,-18.4514840176453,55.5793769426484,17,0.231712893300092,0.179881973189794,1.28813848987309,0.998027539053648,-0.264975182512728,2,11.3113312721252
"acromioclavicular","sagittal plane elevation",1,8,8,9,9,TRUE,-8.76974140708806,38.4131162988702,19,0.223627324141392,0.154501143829488,1.44741533038871,0.998305390458786,-0.297701229563579,2,76.3513848781586
"acromioclavicular","sagittal plane elevation",1,8,9,10,10,TRUE,-10.7694043649752,44.6096667919807,21,0.22019797879198,0.15815902093426,1.3922568405599,0.998309190952564,-0.277475077109403,2,43.1436688899994
"acromioclavicular","sagittal plane elevation",1,8,10,11,11,FALSE,NA,NA,NA,NA,NA,NA,NA,NA,NA,301.853465080261
"acromioclavicular","sagittal plane elevation",1,8,11,12,12,TRUE,-16.5068601126364,60.4790274419756,25,0.220189858505727,0.149928105612826,1.46863630141732,0.99839525933481,-0.295354235419081,2,65.2805287837982
"acromioclavicular","sagittal plane elevation",1,8,12,13,13,TRUE,-14.07369579269,57.809923379419,27,0.203581377880068,0.155516488746715,1.30906619304938,0.998518686024473,-0.262248831656627,1,27.5651819705963
"acromioclavicular","sagittal plane elevation",1,8,13,14,14,TRUE,-12.6720837137986,57.2039237989724,29,0.209830617477585,0.145206418970627,1.44505056295088,0.99851530971459,-0.293238391040421,2,119.867329359055
"acromioclavicular","sagittal plane elevation",1,8,14,15,15,TRUE,-20.861768829311,75.7805186073334,31,0.206410227456722,0.149271366403709,1.38278514111326,0.998564955534253,-0.262344106756764,1,41.3387997150421
"acromioclavicular","sagittal plane elevation",1,8,15,16,16,TRUE,-14.2608064801622,64.775818486372,33,0.202915515208013,0.141770208660575,1.43129869896596,0.998637292088235,-0.306308439434936,2,109.925810337067
"acromioclavicular","sagittal plane elevation",1,8,16,17,17,TRUE,-13.109792003394,64.6710141101717,35,0.200304157820492,0.137210492257592,1.4598312018621,0.99868470187669,-0.228500581180806,3,386.285652160645
"acromioclavicular","sagittal plane elevation",1,8,17,18,18,TRUE,-17.4089338168566,75.4665223144333,37,0.20206474630419,0.140310514741541,1.44012547225277,0.998661519159503,-0.312634477677336,3,320.649212121964
"acromioclavicular","sagittal plane elevation",1,8,18,19,19,TRUE,-20.5153627824572,83.8766048229706,39,0.202712150497283,0.131696245961274,1.53924015842404,0.998708051729384,-0.280554077542636,3,540.999061346054
"acromioclavicular","sagittal plane elevation",1,8,19,20,20,TRUE,-19.6851041575589,84.4133121505104,41,0.19976996899454,0.135482392586175,1.47450871793155,0.998713880739103,-0.307480791781385,3,387.257882118225
"acromioclavicular","sagittal plane elevation",1,8,20,21,21,FALSE,NA,NA,NA,NA,NA,NA,NA,NA,NA,1137.86191892624
"scapulothoracic","sagittal plane elevation",1,11,1,2,2,TRUE,-4498.18614017518,9012.46665947471,5,5.14621992290225,1.7317516425404,2.9716847361282,0.94960670473758,-0.0126973313668943,0,4.06490254402161
"scapulothoracic","sagittal plane elevation",1,11,2,3,3,TRUE,-2882.19519222387,5786.92251522182,7,2.16313812243659,0.686620183555867,3.15041441286235,0.991657402902353,0.0634715290672194,0,8.55533790588379
"scapulothoracic","sagittal plane elevation",1,11,3,4,4,TRUE,-2344.28375251834,4717.53738746049,9,1.71912441587235,0.486432350035848,3.53414902554417,0.995700389238676,0.0613601196918229,0,11.9824883937836
"scapulothoracic","sagittal plane elevation",1,11,4,5,5,TRUE,-1874.35964335879,3784.12692079114,11,1.25084080560839,0.405147676841043,3.08737005568255,0.997611515082912,0.0889846705507408,0,21.38933801651
"scapulothoracic","sagittal plane elevation",1,11,5,6,6,TRUE,-1573.45855952388,3188.76250477104,13,1.04273836612167,0.350705181353205,2.9732619349912,0.998424826534263,0.0912557683016714,0,24.3350131511688
"scapulothoracic","sagittal plane elevation",1,11,6,7,7,TRUE,-1226.20743671021,2500.69801079344,15,0.984500764999594,0.257307673008057,3.82616170551885,0.999019914578224,0.095542126682686,0,38.0713202953339
"scapulothoracic","sagittal plane elevation",1,11,7,8,8,TRUE,-1242.78922376487,2540.2993365525,17,1.01610971753659,0.300581472060874,3.38048020914213,0.999079618583759,0.0947975504464647,0,80.3728220462799
"scapulothoracic","sagittal plane elevation",1,11,8,9,9,TRUE,-1221.44858392224,2504.05580851697,19,1.00937664430754,0.231151249437653,4.36673670059391,0.999168658707312,0.0945370271229977,0,70.6203918457031
"scapulothoracic","sagittal plane elevation",1,11,9,10,10,TRUE,-1139.60753209678,2346.81145651579,21,0.914619681090245,0.215897239928192,4.23636578862449,0.999301145958823,0.0924621473619461,0,105.676925420761
"scapulothoracic","sagittal plane elevation",1,11,10,11,11,TRUE,-1132.60506477939,2339.24427353075,23,0.758358098671706,0.202813976691023,3.73918065729281,0.999358223544453,0.0885414645980506,0,110.888495206833
"scapulothoracic","sagittal plane elevation",1,11,11,12,12,TRUE,-1022.03415098213,2124.54019758595,25,0.553484327483825,0.1623447796049,3.4093139849082,0.999487024049983,0.0822811946316007,0,136.454799175262
"scapulothoracic","sagittal plane elevation",1,11,12,13,13,TRUE,-1024.47901583671,2135.86767894486,27,0.488220878750542,0.184422578896857,2.64729449978895,0.999534617130815,0.065717298083065,0,136.381271600723
"scapulothoracic","sagittal plane elevation",1,11,13,14,14,TRUE,-1036.24420595894,2165.83581083905,29,0.48870092346086,0.144661960704372,3.37822687513242,0.99957129424334,0.0434035586832358,0,143.858644962311
"scapulothoracic","sagittal plane elevation",1,11,14,15,15,TRUE,-1093.42507262281,2286.63529581653,31,0.489010740295745,0.158592621572661,3.08343941506572,0.999581639116459,0.0120976420618298,0,171.166189193726
"scapulothoracic","sagittal plane elevation",1,11,15,16,16,TRUE,-1122.41517464674,2351.05325151413,33,0.650020097188749,0.13335876766993,4.87422093459638,0.999558234668426,0.0890945015367807,0,160.917837381363
"scapulothoracic","sagittal plane elevation",1,11,16,17,17,TRUE,-1121.80069361346,2356.2620410973,35,0.487524328494107,0.138422902700564,3.52199180180983,0.999589398831535,0.0934594975924686,0,261.247956037521
"scapulothoracic","sagittal plane elevation",1,11,17,18,18,TRUE,-1115.94595528176,2350.99031608363,37,0.488509185157145,0.126039082386849,3.87585482142575,0.999624389074768,0.0946942123406831,0,206.996351003647
"scapulothoracic","sagittal plane elevation",1,11,18,19,19,TRUE,-1125.89434369443,2377.32484455871,39,0.487195630589689,0.123272817446834,3.9521740532929,0.999649489720049,0.0950197886004588,0,225.588038444519
"scapulothoracic","sagittal plane elevation",1,11,19,20,20,TRUE,-1183.36528526201,2498.70447934361,41,0.484360876036527,0.118260438155219,4.09571352509952,0.999651411929441,0.0941503213967341,0,385.122831583023
"scapulothoracic","sagittal plane elevation",1,11,20,21,21,TRUE,-1225.66741039483,2589.746481259,43,0.481292156473062,0.115168962697674,4.17900921567283,0.999659141002343,0.092241787385042,0,324.446492433548
"glenohumeral","sagittal plane elevation",1,9,1,2,2,TRUE,-4509.47755614396,9034.84538143966,5,6.41605515429833,2.97117026721756,2.1594370491284,0.963993402725801,0.474641247379941,0,3.1677303314209
"glenohumeral","sagittal plane elevation",1,9,2,3,3,TRUE,-3744.16874364326,7510.58386409895,7,4.638173767608,1.47166034913591,3.15166048356967,0.987586204899113,0.475766448187483,0,6.31379175186157
"glenohumeral","sagittal plane elevation",1,9,3,4,4,TRUE,-3190.43875875168,6409.48000197649,9,2.41043767541309,0.917659294970935,2.62672397982895,0.994510326703276,0.475116644675069,0,10.47900390625
"glenohumeral","sagittal plane elevation",1,9,4,5,5,TRUE,-2793.85073610581,5622.66006434545,11,1.99500102709319,0.732110586536659,2.72499956124223,0.997088998405269,0.475889220240961,0,16.8799903392792
"glenohumeral","sagittal plane elevation",1,9,5,6,6,TRUE,-2585.42949569859,5212.17369119171,13,1.46718563164371,0.537183270884092,2.7312571168291,0.998051524619995,0.475513776172056,0,24.7152438163757
"glenohumeral","sagittal plane elevation",1,9,6,7,7,TRUE,-2495.61008619075,5038.89097983672,15,1.49238101921991,0.466386929989527,3.19987744779517,0.998465636497205,0.475589530135901,0,26.0109665393829
"glenohumeral","sagittal plane elevation",1,9,7,8,8,TRUE,-2283.31326982521,4620.65345476633,17,1.42379260937425,0.355919265352698,4.00032464655528,0.998986790059272,0.472951284437037,0,40.0960400104523
"glenohumeral","sagittal plane elevation",1,9,8,9,9,TRUE,-2304.77290085827,4669.92882449316,19,1.43030627108027,0.377583982652779,3.78804805498215,0.999082342617595,0.472677217704438,0,48.486603975296
"glenohumeral","sagittal plane elevation",1,9,9,10,10,TRUE,-2154.41486947507,4375.56886938744,21,1.30262662899878,0.292782536178581,4.44912680244102,0.999349421222175,0.472931067833543,0,79.9648540019989
"glenohumeral","sagittal plane elevation",1,9,10,11,11,TRUE,-2215.9782188604,4505.0516758188,23,1.2925143376246,0.298125531297546,4.33547013568117,0.999374548947664,0.471989193366779,0,96.4445583820343
"glenohumeral","sagittal plane elevation",1,9,11,12,12,TRUE,-2235.07272125773,4549.59678827416,25,1.27271673021127,0.273750051191237,4.64919266561951,0.999435294387523,0.469425418534493,0,152.20338010788
"glenohumeral","sagittal plane elevation",1,9,12,13,13,TRUE,-2270.86588605808,4627.53922553555,27,1.25776237049521,0.253140142656549,4.9686405217907,0.999477521498815,0.469621138011102,0,124.129576921463
"glenohumeral","sagittal plane elevation",1,9,13,14,14,TRUE,-2276.37683647293,4644.91723402595,29,1.24638660198244,0.238122268714123,5.23422949358334,0.999539502068544,0.469916490678466,0,229.86809015274
"glenohumeral","sagittal plane elevation",1,9,14,15,15,TRUE,-2274.54892965401,4647.6175280488,31,1.21534944628797,0.231640354699745,5.24670862235263,0.999598377847975,0.47032639667024,0,181.160173654556
"glenohumeral","sagittal plane elevation",1,9,15,16,16,TRUE,-2314.73814631497,4734.35206903143,33,1.2050320687665,0.217456638412911,5.54148209758656,0.999627979803634,0.46923287538415,0,231.569906949997
"glenohumeral","sagittal plane elevation",1,9,16,17,17,TRUE,-2363.68154055391,4838.59496517,35,1.19483669066793,0.213090364730015,5.60718309427923,0.999650555661144,0.468487068310504,0,174.813303947449
"glenohumeral","sagittal plane elevation",1,9,17,18,18,TRUE,-2416.95705692501,4951.50210557289,37,1.18369910039332,0.208579868392553,5.67504001951699,0.999670709360771,0.468621000706074,0,272.826646089554
"glenohumeral","sagittal plane elevation",1,9,18,19,19,TRUE,-2481.44874110252,5086.84158158861,39,1.17779006296008,0.20029978430002,5.88013645184922,0.999682884119815,0.468937837689464,0,335.376017570496
"glenohumeral","sagittal plane elevation",1,9,19,20,20,TRUE,-2540.30431855678,5210.90884415783,41,1.16788610356241,0.197974660227325,5.89916963222153,0.999696952098851,0.469117569399811,0,351.047998905182
"glenohumeral","sagittal plane elevation",1,9,20,21,21,TRUE,-2611.36732016822,5359.39095504141,43,1.16259936784355,0.196340533676271,5.92134158991572,0.999702570401082,0.468827682394273,0,382.733024597168
"sternoclavicular","horizontal flexion",1,14,1,2,2,TRUE,-1493.62118279579,2998.75529105654,5,1.98042907526158,0.570890722335053,3.46901604419361,0.972155726396621,0.0296901536884733,0,2.61479496955872
"sternoclavicular","horizontal flexion",1,14,2,3,3,TRUE,-792.262746714527,1600.64358908001,7,1.16174488222515,0.332327110944994,3.49578726490792,0.994625544489252,-0.146123233351236,0,6.22163343429565
"sternoclavicular","horizontal flexion",1,14,3,4,4,TRUE,-375.793597723143,772.310461283233,9,0.631687637159094,0.2020061913454,3.12707067517055,0.998055929267923,-0.352606656709319,0,6.83841729164124
"sternoclavicular","horizontal flexion",1,14,4,5,5,TRUE,-182.313876446872,389.956188916678,11,0.45380471767985,0.17623398272085,2.57501255248067,0.998835860547256,-0.275910279061927,0,13.7911829948425
"sternoclavicular","horizontal flexion",1,14,5,6,6,TRUE,77.347810282397,-124.762014355871,13,0.295606890795492,0.142905706336,2.06854504536341,0.999409772852716,-0.553571979107891,0,25.4276058673859
"sternoclavicular","horizontal flexion",1,14,6,7,7,TRUE,208.614951434016,-382.69112647312,15,0.241602222440762,0.13632365030864,1.77226931565997,0.999580475060397,-0.350355940135102,0,25.7067131996155
"sternoclavicular","horizontal flexion",1,14,7,8,8,TRUE,375.321581990813,-711.499217400727,17,0.210358354673542,0.0803916414728209,2.61666947980731,0.999732865538548,-0.452309469869381,0,40.1875290870667
"sternoclavicular","horizontal flexion",1,14,8,9,9,TRUE,457.305984554943,-870.862852342999,19,0.185798929381909,0.0594961272532605,3.12287434425788,0.999795599310693,-0.711376499302595,0,33.9221467971802
"sternoclavicular","horizontal flexion",1,14,9,10,10,TRUE,498.64250834239,-948.930729731906,21,0.185792020303664,0.0516067234227557,3.60015145278027,0.999826776135904,-1.04732750764002,0,45.3488042354584
"sternoclavicular","horizontal flexion",1,14,10,11,11,TRUE,560.536571014387,-1068.11368488991,23,0.185785718619053,0.0446111383393722,4.16455902124078,0.999860471820931,-1.21440129392276,0,52.5258030891418
"sternoclavicular","horizontal flexion",1,14,11,12,12,TRUE,603.37171062078,-1149.17879391671,25,0.185782632082821,0.0400075396495862,4.64369050709026,0.999882583404783,-1.45056171308911,0,88.6746418476105
"sternoclavicular","horizontal flexion",1,14,12,13,13,TRUE,612.046214554203,-1161.92263159757,27,0.185780374421033,0.0387048524313844,4.7999246283236,0.999892317375417,-1.83091946208547,0,106.501635074615
"sternoclavicular","horizontal flexion",1,14,13,14,14,TRUE,617.785078116936,-1168.79518853704,29,0.185779065351951,0.0362254923289773,5.12840691479971,0.999900842327286,-2.26072005284413,0,109.278337001801
"sternoclavicular","horizontal flexion",1,14,14,15,15,TRUE,631.16291584408,-1190.94569380534,31,0.185778465506604,0.0361779366263554,5.13513159761759,0.999909963247293,-2.66464792273774,0,148.253426790237
"sternoclavicular","horizontal flexion",1,14,15,16,16,TRUE,624.295629054595,-1172.60595004039,33,0.185778329241239,0.0369444280377611,5.02858858855127,0.999912412532027,-2.8819006831852,0,130.448774337769
"sternoclavicular","horizontal flexion",1,14,16,17,17,TRUE,622.75060069344,-1164.91072313209,35,0.185778241499793,0.0370625362055526,5.01256148444477,0.999915451978275,-2.89371913131073,0,187.254620552063
"sternoclavicular","horizontal flexion",1,14,17,18,18,TRUE,626.969933641312,-1168.74421884185,37,0.185778242014435,0.0384196240148382,4.83550390661514,0.999919574210383,-1.70025291347211,0,224.93084359169
"sternoclavicular","horizontal flexion",1,14,18,19,19,TRUE,623.481053076855,-1157.16128752694,39,0.185778148882327,0.0346107108614105,5.36764903865242,0.999923419017083,-2.86947021455101,0,280.995565414429
"sternoclavicular","horizontal flexion",1,14,19,20,20,TRUE,617.147435589768,-1139.88888236678,41,0.185778117411584,0.0300802767313262,6.1760774035071,0.999925617382669,-2.99979670699738,0,279.970704555511
"sternoclavicular","horizontal flexion",1,14,20,21,21,TRUE,617.75056460972,-1136.4899702207,43,0.185778122562772,0.0255713497377983,7.26508864286364,0.999930056087327,-3.02065044893311,0,259.956348657608
"acromioclavicular","horizontal flexion",1,19,1,2,2,TRUE,-1432.78696331144,2876.56004950955,5,2.008147290034,0.984772980953127,2.03919819986367,0.952260115163351,0.019491710988971,0,1.83069682121277
"acromioclavicular","horizontal flexion",1,19,2,3,3,TRUE,-715.558076756883,1446.49672555512,7,0.804122134603295,0.426334117551601,1.88613132634399,0.991160542267486,0.00733068304690476,0,6.18585348129272
"acromioclavicular","horizontal flexion",1,19,3,4,4,TRUE,-398.868627528862,817.512276253751,9,0.699887646300607,0.227501376137134,3.07641060544059,0.995986519481839,0.00655803203395822,0,11.0602815151215
"acromioclavicular","horizontal flexion",1,19,4,5,5,TRUE,-12.2650471425191,48.6995646357367,11,0.323660063285426,0.145462104942069,2.22504729609355,0.998497143909191,0.00981229412739171,0,10.605532169342
"acromioclavicular","horizontal flexion",1,19,5,6,6,TRUE,107.907170140053,-187.250420774735,13,0.259004435702053,0.128536762174991,2.01502224981708,0.998973184373461,-0.000411624709970138,0,18.8976113796234
"acromioclavicular","horizontal flexion",1,19,6,7,7,TRUE,267.398191087264,-501.838013514484,15,0.244025125878347,0.103503514128901,2.35765063565322,0.999345536571802,0.0157056764217244,0,16.4444794654846
"acromioclavicular","horizontal flexion",1,19,7,8,8,TRUE,354.263449977666,-671.174082140617,17,0.23156223005458,0.0627984315107244,3.68738875293462,0.99949411630871,0.0268260656555672,0,23.6824479103088
"acromioclavicular","horizontal flexion",1,19,8,9,9,TRUE,427.702467654791,-813.657668340195,19,0.212607011229097,0.0631119883346031,3.36872624107342,0.999594500140277,0.0246147157072965,0,41.4867784976959
"acromioclavicular","horizontal flexion",1,19,9,10,10,TRUE,476.640843723141,-907.139971322222,21,0.19737289189739,0.0574484044164001,3.43565489594424,0.999659209838518,0.0199533403024444,0,33.4347298145294
"acromioclavicular","horizontal flexion",1,19,10,11,11,TRUE,539.598490482058,-1028.66081568538,23,0.182262033168437,0.0485425716814906,3.75468432872363,0.999725847641161,0.0179809257344031,0,34.6627287864685
"acromioclavicular","horizontal flexion",1,19,11,12,12,TRUE,547.686806406522,-1040.44299837964,25,0.167759544387496,0.0428380202641798,3.91613672510849,0.99974697975467,0.0123343487986116,0,47.278477191925
"acromioclavicular","horizontal flexion",1,19,12,13,13,TRUE,616.447109739951,-1173.56915589182,27,0.156315134621358,0.0317911729119717,4.91693512077038,0.999803023951926,0.0211067783847118,0,65.0802462100983
"acromioclavicular","horizontal flexion",1,19,13,14,14,TRUE,588.796477798128,-1113.87344285351,29,0.149007567769955,0.0307947020139995,4.83874036846388,0.999802021174657,0.022195315095155,0,80.8599629402161
"acromioclavicular","horizontal flexion",1,19,14,15,15,TRUE,635.947550131018,-1203.78113836461,31,0.136525385696447,0.0272352550189379,5.01281833423314,0.99983170909365,0.0247566933460837,0,101.971768856049
"acromioclavicular","horizontal flexion",1,19,15,16,16,TRUE,663.769458778833,-1255.03050650557,33,0.129379719124945,0.0296250783820304,4.3672363480875,0.999851485825228,0.0209023205919571,0,128.676424741745
"acromioclavicular","horizontal flexion",1,19,16,17,17,TRUE,661.829324833861,-1246.75578946095,35,0.122329705603201,0.0269931119178143,4.53188598541942,0.999858601458177,0.0190857060993727,0,98.7882831096649
"acromioclavicular","horizontal flexion",1,19,17,18,18,TRUE,681.202575430335,-1281.10784149923,37,0.11662445305779,0.025456617074517,4.58130209196315,0.999872324755966,0.0188742314377797,0,133.375288963318
"acromioclavicular","horizontal flexion",1,19,18,19,19,TRUE,708.981506655807,-1332.2712547955,39,0.107830307619258,0.0221644497571927,4.86501171021697,0.99988828039279,0.0193509423951761,0,117.754526138306
"acromioclavicular","horizontal flexion",1,19,19,20,20,TRUE,723.180822711378,-1356.27543775197,41,0.0987091211091819,0.0184884266928872,5.33896814200836,0.999897823161347,0.0191228220933121,0,213.385062217712
"acromioclavicular","horizontal flexion",1,19,20,21,21,TRUE,720.636274149642,-1346.79189147383,43,0.0994049057770823,0.0148912286186457,6.67539988289581,0.999903151865078,0.0189466684158399,0,189.076392412186
"scapulothoracic","horizontal flexion",1,9,1,2,2,TRUE,-941.422655896885,1892.57486253905,5,2.98313970182196,2.31404815958425,1.28914330908217,0.936066721643877,0.759089001629192,0,0.680066823959351
"scapulothoracic","horizontal flexion",1,9,2,3,3,TRUE,-375.091811992017,763.804995027422,7,0.834400585647281,0.408985551739982,2.04017130213383,0.996521585817089,0.843252517889369,0,1.59413146972656
"scapulothoracic","horizontal flexion",1,9,3,4,4,TRUE,-276.387625191847,570.288441725192,9,0.570851579045919,0.313201173242312,1.82263550655436,0.998096192769343,0.840648968391119,0,1.64749455451965
"scapulothoracic","horizontal flexion",1,9,4,5,5,TRUE,-280.182581388719,581.770174417046,11,0.588700958002363,0.274044825841553,2.14819220247836,0.998280099849594,0.838437470944923,0,3.09840631484985
"scapulothoracic","horizontal flexion",1,9,5,6,6,TRUE,-248.873081465877,523.042994869473,13,0.501870658395774,0.259970903205032,1.9304878053986,0.998704166702209,0.837788940051861,0,4.62680745124817
"scapulothoracic","horizontal flexion",1,9,6,7,7,TRUE,-242.654611928419,514.497876092668,15,0.457197933263457,0.246894455146571,1.85179506357095,0.998839321185711,0.837801219775215,0,4.23110008239746
"scapulothoracic","horizontal flexion",1,9,7,8,8,TRUE,-219.114535798753,471.309544131446,17,0.432635651065572,0.232990014822655,1.8568849458844,0.998938923912886,0.83988416213889,0,10.974684715271
"scapulothoracic","horizontal flexion",1,9,8,9,9,TRUE,-199.455239612499,435.882772057049,19,0.41811396250059,0.200198376144109,2.08849827133272,0.999127548556181,0.840765381208519,0,10.9776825904846
"scapulothoracic","horizontal flexion",1,9,9,10,10,TRUE,-189.792620734036,420.449354598234,21,0.405133208594299,0.183406191432552,2.20893965154544,0.999262481624122,0.840812720498593,0,17.8055596351624
"scapulothoracic","horizontal flexion",1,9,10,11,11,TRUE,-191.344166514594,427.44426645746,23,0.392905151663646,0.174359990511834,2.25341347238132,0.999339230231887,0.841310520565748,0,12.9415721893311
"scapulothoracic","horizontal flexion",1,9,11,12,12,TRUE,-197.355519737748,443.358793201879,25,0.377644334767752,0.165263523367744,2.28510397861613,0.999382458077399,0.842481004731594,0,26.1273369789124
"scapulothoracic","horizontal flexion",1,9,12,13,13,TRUE,-198.706182803613,449.95193963172,27,0.358077620037748,0.160164064156994,2.23569264380527,0.999436828952808,0.843573555683041,0,20.8578412532806
"scapulothoracic","horizontal flexion",1,9,13,14,14,TRUE,-201.579067863925,459.589530050453,29,0.342205698933587,0.15731866066063,2.17523908159756,0.999484364797342,0.844015329526033,0,32.4720075130463
"scapulothoracic","horizontal flexion",1,9,14,15,15,TRUE,-208.973268893813,478.269752408341,31,0.333478061736355,0.146861950730576,2.27069067295813,0.999512984124814,0.844027697207759,0,30.8441660404205
"scapulothoracic","horizontal flexion",1,9,15,16,16,TRUE,-217.136408092921,498.487851104668,33,0.327810010427203,0.135875396339341,2.4125781359895,0.999534313879105,0.844091896908313,0,27.0029351711273
"scapulothoracic","horizontal flexion",1,9,16,17,17,TRUE,-227.236964992999,522.580785202935,35,0.32444863429629,0.139186530228171,2.33103471840569,0.999542962099332,0.844441317029998,0,37.6424555778503
"scapulothoracic","horizontal flexion",1,9,17,18,18,TRUE,-237.043496458309,546.085668431665,37,0.318665297372578,0.141796655839377,2.24734000591349,0.999550855384466,0.84492805802434,0,44.8367712497711
"scapulothoracic","horizontal flexion",1,9,18,19,19,TRUE,-245.690867745796,567.272231304749,39,0.310541323583808,0.140332454600831,2.21289739759151,0.999557835041459,0.84526414030827,0,62.3299655914307
"scapulothoracic","horizontal flexion",1,9,19,20,20,TRUE,-258.893946163583,597.570208438434,41,0.306257340235921,0.141394066139737,2.1659843909804,0.999518757286776,0.846238354954322,1,48.4517595767975
"scapulothoracic","horizontal flexion",1,9,20,21,21,TRUE,-266.117488429092,615.909113267563,43,0.297315217093733,0.129954981902879,2.28783239195808,0.999549673019758,0.846126218681458,0,57.914603471756
"glenohumeral","horizontal flexion",1,13,1,2,2,TRUE,-1624.68278811753,3260.35169912174,5,2.58370861181178,1.28169067193855,2.01585972994868,0.997855396610723,0.89714467500984,0,3.48288798332214
"glenohumeral","horizontal flexion",1,13,2,3,3,TRUE,-950.769574523021,1916.9197210874,7,1.02459386934863,0.457185446064804,2.24109030190649,0.999566323775839,0.896622948063479,0,8.1632125377655
"glenohumeral","horizontal flexion",1,13,3,4,4,TRUE,-561.374369651342,1142.52376049871,9,0.593477170890486,0.334411044347631,1.7746936918553,0.999834176658889,0.898064570483056,0,11.0055828094482
"glenohumeral","horizontal flexion",1,13,4,5,5,TRUE,-295.85995201453,615.889374379759,11,0.491014497207441,0.177962673356972,2.75908699248704,0.999917909211767,0.898062013487896,0,13.5859389305115
"glenohumeral","horizontal flexion",1,13,5,6,6,TRUE,-256.725888046666,542.015695598703,13,0.482519439315673,0.123267020946147,3.91442443901096,0.999931264608445,0.898136846907188,0,26.0690822601318
"glenohumeral","horizontal flexion",1,13,6,7,7,TRUE,-120.15960581681,273.277580293664,15,0.400021290784591,0.0837080452378885,4.77876755630569,0.999951425316841,0.897965666369006,0,39.5160708427429
"glenohumeral","horizontal flexion",1,13,7,8,8,TRUE,-14.411572735966,66.1759632866478,17,0.320815576999393,0.0648453426189386,4.9473958196914,0.999964135398327,0.897848603391535,0,46.2947986125946
"glenohumeral","horizontal flexion",1,13,8,9,9,TRUE,41.950712991624,-42.1541590138598,19,0.30086824387866,0.0646531674627546,4.65357314553821,0.999970222364971,0.897756528091525,0,68.1367597579956
"glenohumeral","horizontal flexion",1,13,9,10,10,TRUE,99.2581407383465,-152.374565352632,21,0.279100676264522,0.0721043029668517,3.87079085131482,0.999974994968604,0.897956879155715,0,97.7544100284576
"glenohumeral","horizontal flexion",1,13,10,11,11,TRUE,179.121324124226,-307.706482969718,23,0.257407044723076,0.061620952713335,4.17726493000769,0.999980457731966,0.897839021912332,0,125.937695264816
"glenohumeral","horizontal flexion",1,13,11,12,12,TRUE,180.779852588529,-306.629090743652,25,0.254771397415437,0.0539170994748583,4.72524301004429,0.999981656479305,0.897504929256399,0,152.355025053024
"glenohumeral","horizontal flexion",1,13,12,13,13,TRUE,204.625865283801,-349.926666979525,27,0.252455694599656,0.0470776255120254,5.36254094920674,0.999983534274844,0.89786447322571,0,224.232667684555
"glenohumeral","horizontal flexion",1,13,13,14,14,TRUE,220.606317836949,-377.493122931147,29,0.250827761489622,0.052432275705836,4.78384274023992,0.999985062888302,0.898416697484475,0,263.827550649643
"glenohumeral","horizontal flexion",1,13,14,15,15,TRUE,213.684544738436,-359.25512757945,31,0.250499697724561,0.054614034234614,4.58672759182102,0.999985414392923,0.89857392517374,0,232.957151889801
"glenohumeral","horizontal flexion",1,13,15,16,16,TRUE,222.216072203413,-371.92373335473,33,0.250451236000279,0.0602128770395135,4.15942981492025,0.999986375139681,0.89846089677586,0,301.524168491364
"glenohumeral","horizontal flexion",1,13,16,17,17,TRUE,226.947651731583,-376.992443256398,35,0.250809392764228,0.0500714184635406,5.00903310631901,0.999987118263892,0.898430910844619,0,223.699953556061
"glenohumeral","horizontal flexion",1,13,17,18,18,TRUE,221.008949529979,-360.720589698517,37,0.250380113555742,0.0396566446502241,6.3136988962158,0.999987575460214,0.898549305265339,0,434.25920176506
"glenohumeral","horizontal flexion",1,13,18,19,19,TRUE,213.467703517796,-341.243648519479,39,0.25116873841135,0.0339065662065247,7.40767251043597,0.999987937958384,0.898681716799763,0,565.890293836594
"glenohumeral","horizontal flexion",1,13,19,20,20,TRUE,203.765160940913,-317.444114211041,41,0.251216525616821,0.0333694289520796,7.52834356193456,0.999988237204421,0.898635795969819,1,859.519266605377
"glenohumeral","horizontal flexion",1,13,20,21,21,TRUE,187.728146059614,-280.97563529377,43,0.25133193701858,0.0328173129518785,7.65851663075278,0.999988427908339,0.898540653058568,1,710.32541680336
"sternoclavicular","internal-external rotation 0 degree-abducted",1,18,1,2,2,TRUE,-959.685156020791,1931.79484529052,5,1.20725978220818,0.342532688072958,3.52450970154135,0.990434685529455,-0.133546839335012,0,6.22571897506714
"sternoclavicular","internal-external rotation 0 degree-abducted",1,18,2,3,3,TRUE,-796.945903991785,1611.28615453209,7,1.18241100154215,0.266793970399836,4.43192550330169,0.993178951606038,-0.277452210300454,0,4.83812499046326
"sternoclavicular","internal-external rotation 0 degree-abducted",1,18,3,4,4,TRUE,-89.2706781899188,200.90551622793,9,0.499833577338524,0.128598892425876,3.88676424741858,0.998175961116705,-0.484310583366027,0,9.36170077323914
"sternoclavicular","internal-external rotation 0 degree-abducted",1,18,4,5,5,TRUE,-18.1958815583746,63.7257362644172,11,0.543905211687104,0.0972339078589378,5.59378126071179,0.998416622452907,-0.451703648538541,0,13.7872912883759
"sternoclavicular","internal-external rotation 0 degree-abducted",1,18,5,6,6,TRUE,227.965206521201,-423.626626595158,13,0.417372292783535,0.0952581708165782,4.38148548524194,0.998993155968181,-0.591106835101488,0,21.6340317726135
"sternoclavicular","internal-external rotation 0 degree-abducted",1,18,6,7,7,TRUE,563.19701896746,-1089.1204381881,15,0.222300892123042,0.0847614346164588,2.62266552151863,0.999484721870314,-0.258007219301803,0,34.1864223480225
"sternoclavicular","internal-external rotation 0 degree-abducted",1,18,7,8,8,TRUE,671.946654984357,-1301.64989692232,17,0.187355118033104,0.0815639207932411,2.29703423046614,0.999629206316781,-0.00973093157850546,0,29.9386322498322
"sternoclavicular","internal-external rotation 0 degree-abducted",1,18,8,9,9,TRUE,752.592754442543,-1457.97228253911,19,0.144578210125619,0.0728590307775887,1.98435538577176,0.999736830411566,-1.35960771528977,0,92.830498456955
"sternoclavicular","internal-external rotation 0 degree-abducted",1,18,9,10,10,TRUE,790.036630529428,-1527.89022141331,21,0.228965889917008,0.0662682653246868,3.45513631291193,0.999672919747067,-0.367123697548128,0,67.86532330513
"sternoclavicular","internal-external rotation 0 degree-abducted",1,18,10,11,11,TRUE,990.064042627836,-1922.97523231055,23,0.172881682895062,0.0545028488449671,3.17197516384551,0.999779999406234,-0.841022330585071,0,306.089221477509
"sternoclavicular","internal-external rotation 0 degree-abducted",1,18,11,12,12,FALSE,NA,NA,NA,NA,NA,NA,NA,NA,NA,2557.69815397263
"sternoclavicular","internal-external rotation 0 degree-abducted",1,18,12,13,13,TRUE,1144.61092146685,-2222.12936338942,27,0.1337804482869,0.0486156830371839,2.75179612687078,0.999830608324727,-0.260472692800924,0,300.39714384079
"sternoclavicular","internal-external rotation 0 degree-abducted",1,18,13,14,14,FALSE,NA,NA,NA,NA,NA,NA,NA,NA,NA,1878.77052021027
"sternoclavicular","internal-external rotation 0 degree-abducted",1,18,14,15,15,TRUE,1566.72287801664,-3056.41364988986,31,0.0754030538884248,0.0364472780355789,2.06882538155026,0.99992490909131,-0.130377128347197,0,315.205823421478
"sternoclavicular","internal-external rotation 0 degree-abducted",1,18,15,16,16,FALSE,NA,NA,NA,NA,NA,NA,NA,NA,NA,2555.33765697479
"sternoclavicular","internal-external rotation 0 degree-abducted",1,18,16,17,17,FALSE,NA,NA,NA,NA,NA,NA,NA,NA,NA,2617.122184515
"sternoclavicular","internal-external rotation 0 degree-abducted",1,18,17,18,18,TRUE,1498.84136857296,-2905.74119110376,37,0.0918586286187164,0.024247743265304,3.78833723260987,0.99992195036821,-0.378148752487559,1,1619.03205156326
"sternoclavicular","internal-external rotation 0 degree-abducted",1,18,18,19,19,TRUE,1633.92193069007,-3170.93250203841,39,0.0731508858224926,0.0271062291655252,2.69867436653745,0.999942715010123,-0.371686630140777,1,1872.57476305962
"sternoclavicular","internal-external rotation 0 degree-abducted",1,18,19,20,20,FALSE,NA,NA,NA,NA,NA,NA,NA,NA,NA,3598.8691277504
"sternoclavicular","internal-external rotation 0 degree-abducted",1,18,20,21,21,FALSE,NA,NA,NA,NA,NA,NA,NA,NA,NA,4263.50284361839
"acromioclavicular","internal-external rotation 0 degree-abducted",1,16,1,2,2,TRUE,-606.006221531515,1224.43697631197,5,0.562388339912744,0.359266504080356,1.56537927562252,0.993146938962868,-0.00233798189149259,0,5.6144061088562
"acromioclavicular","internal-external rotation 0 degree-abducted",1,16,2,3,3,TRUE,90.8244284071319,-164.254510265748,7,0.349118571798487,0.159999351375275,2.1819999193599,0.998121498394421,-0.154007539414938,0,6.55652976036072
"acromioclavicular","internal-external rotation 0 degree-abducted",1,16,3,4,4,TRUE,260.279666144187,-498.195172440282,9,0.348937923826079,0.12494588452403,2.79271242230448,0.998718923956709,-0.143655204356633,0,10.2844247817993
"acromioclavicular","internal-external rotation 0 degree-abducted",1,16,4,5,5,TRUE,465.823171395339,-904.31236964301,11,0.311745658047179,0.088573589160245,3.51962318567872,0.999110308044778,-0.352397109141128,0,17.2524394989014
"acromioclavicular","internal-external rotation 0 degree-abducted",1,16,5,6,6,TRUE,623.926908704945,-1215.55003096265,13,0.276897325832854,0.0817497741769448,3.38713260826285,0.999322267982228,-0.0292349269398613,0,26.5173978805542
"acromioclavicular","internal-external rotation 0 degree-abducted",1,16,6,7,7,TRUE,761.904073294113,-1486.53454684141,15,0.216608754212658,0.064072756605769,3.38066856628976,0.999501811216235,-0.214609902374658,0,31.6922473907471
"acromioclavicular","internal-external rotation 0 degree-abducted",1,16,7,8,8,TRUE,902.421839618003,-1762.60026618961,17,0.182457955482126,0.0505121580186004,3.6121591838333,0.999600692242178,-0.15185257383581,0,31.7295639514923
"acromioclavicular","internal-external rotation 0 degree-abducted",1,16,8,9,9,TRUE,973.476715724483,-1899.74020510299,19,0.159067611262792,0.0497870950152288,3.19495666927617,0.999656271492753,-0.355803485677751,0,49.0625298023224
"acromioclavicular","internal-external rotation 0 degree-abducted",1,16,9,10,10,TRUE,1108.55319789715,-2164.92335614875,21,0.128931243522877,0.0451581150221468,2.85510684977985,0.999748087234205,-0.66465515646795,1,244.054707050323
"acromioclavicular","internal-external rotation 0 degree-abducted",1,16,10,11,11,FALSE,NA,NA,NA,NA,NA,NA,NA,NA,NA,2400.28544735909
"acromioclavicular","internal-external rotation 0 degree-abducted",1,16,11,12,12,FALSE,NA,NA,NA,NA,NA,NA,NA,NA,NA,1599.39482331276
"acromioclavicular","internal-external rotation 0 degree-abducted",1,16,12,13,13,FALSE,NA,NA,NA,NA,NA,NA,NA,NA,NA,1820.63233399391
"acromioclavicular","internal-external rotation 0 degree-abducted",1,16,13,14,14,TRUE,1202.3928847544,-2332.72347666494,29,0.147241253192722,0.0351684650072054,4.18674096701563,0.99979700689121,-0.0304901926445116,0,168.06983923912
"acromioclavicular","internal-external rotation 0 degree-abducted",1,16,14,15,15,TRUE,1349.83508853648,-2622.63807092952,31,0.110547654251449,0.0328622163844327,3.36397438803966,0.999849305916784,-0.0417920704348609,0,186.600404500961
"acromioclavicular","internal-external rotation 0 degree-abducted",1,16,15,16,16,TRUE,1458.81309396273,-2835.62426848246,33,0.111063346877084,0.0315101101726112,3.52468925905634,0.999879730626892,-0.0707269771536039,0,153.956445932388
"acromioclavicular","internal-external rotation 0 degree-abducted",1,16,16,17,17,TRUE,1493.81504549389,-2900.65835824519,35,0.110777260738615,0.0274595256663517,4.03420154028219,0.999892757366623,-0.123512080819877,0,202.125348567963
"acromioclavicular","internal-external rotation 0 degree-abducted",1,16,17,18,18,FALSE,NA,NA,NA,NA,NA,NA,NA,NA,NA,2304.07628631592
"acromioclavicular","internal-external rotation 0 degree-abducted",1,16,18,19,19,TRUE,1495.88495122801,-2894.8585431143,39,0.110586523858649,0.0227841408265002,4.85366223377734,0.999900063058569,-0.159701804458146,0,409.506186485291
"acromioclavicular","internal-external rotation 0 degree-abducted",1,16,19,20,20,FALSE,NA,NA,NA,NA,NA,NA,NA,NA,NA,3587.93193531036
"acromioclavicular","internal-external rotation 0 degree-abducted",1,16,20,21,21,TRUE,1434.76357699051,-2762.67616804014,43,0.110216302402703,0.0223133825085157,4.93947084717613,0.999888371698301,0.00541921480316065,1,2191.13837623596
"scapulothoracic","internal-external rotation 0 degree-abducted",1,11,1,2,2,TRUE,-2744.72496973936,5504.67255166734,5,2.71020302132444,0.548094264860297,4.9447753700091,0.970212425147904,0.243662399376196,0,5.40822315216064
"scapulothoracic","internal-external rotation 0 degree-abducted",1,11,2,3,3,TRUE,-2326.13083112247,4673.573319309,7,2.51008318281928,0.362122567908583,6.93158451105689,0.983924897595561,0.174366642989148,0,4.8801953792572
"scapulothoracic","internal-external rotation 0 degree-abducted",1,11,3,4,4,TRUE,-2200.8305143854,4429.06173071031,9,2.4288482923281,0.263989138534048,9.20056145421621,0.987398884573303,0.0801487183031231,0,11.1731741428375
"scapulothoracic","internal-external rotation 0 degree-abducted",1,11,4,5,5,TRUE,-2151.9220057106,4337.33375823616,11,2.32091325455121,0.27289758187205,8.50470436062488,0.988685408429589,0.0265065759599118,0,18.0899696350098
"scapulothoracic","internal-external rotation 0 degree-abducted",1,11,5,6,6,TRUE,-2098.17765374357,4235.93409917755,13,2.1850947219062,0.267022677552376,8.18318032736225,0.989350016080645,0.205619633358868,0,24.0106308460236
"scapulothoracic","internal-external rotation 0 degree-abducted",1,11,6,7,7,TRUE,-2039.06125921596,4123.79035499778,15,2.09556732727242,0.243554158212745,8.60411229539321,0.990536052002829,0.202155515117143,0,24.6023116111755
"scapulothoracic","internal-external rotation 0 degree-abducted",1,11,7,8,8,TRUE,-2036.61732817461,4124.99153779052,17,2.10275228123179,0.242800016593406,8.66042890249494,0.990674193290383,0.208295704328639,0,35.2678303718567
"scapulothoracic","internal-external rotation 0 degree-abducted",1,11,8,9,9,TRUE,-2032.51314034198,4122.87220700071,19,2.12740685534125,0.237645225898095,8.95202858505352,0.990733080511131,0.227563993508362,0,32.1101732254028
"scapulothoracic","internal-external rotation 0 degree-abducted",1,11,9,10,10,TRUE,-2010.08418384639,4084.10333888497,21,2.09906588995064,0.209505365163489,10.0191510050953,0.991078051907177,0.228667688252011,0,64.5216639041901
"scapulothoracic","internal-external rotation 0 degree-abducted",1,11,10,11,11,TRUE,-2003.65086423891,4077.32574454546,23,2.05329385775719,0.239997617505811,8.55547600470439,0.991344977170963,0.229802383541454,0,88.0774955749512
"scapulothoracic","internal-external rotation 0 degree-abducted",1,11,11,12,12,TRUE,-1971.62071192041,4019.3544847839,25,2.00170119878569,0.239705699822397,8.35066166665536,0.991751168686275,0.230733381054545,0,82.7262215614319
"scapulothoracic","internal-external rotation 0 degree-abducted",1,11,12,13,13,TRUE,-1982.27248958271,4046.74708498395,27,2.00607732715703,0.229040170331583,8.7586265948581,0.991861396871693,0.232131514532938,0,74.8531124591827
"scapulothoracic","internal-external rotation 0 degree-abducted",1,11,13,14,14,TRUE,-1985.23048680306,4058.7521243001,29,2.03665385008723,0.221529071398095,9.19361886561289,0.991896376550822,0.229485497465295,0,129.583740711212
"scapulothoracic","internal-external rotation 0 degree-abducted",1,11,14,15,15,TRUE,-1999.70667018779,4093.79353594501,31,2.02796448569423,0.216412356627566,9.37083499896568,0.991909126391018,0.226343720571808,0,85.1296803951263
"scapulothoracic","internal-external rotation 0 degree-abducted",1,11,15,16,16,TRUE,-1971.58844374288,4043.64612793062,33,1.97764539554491,0.212848418579162,9.29133234226678,0.992316215486204,0.216223341833381,0,103.695013046265
"scapulothoracic","internal-external rotation 0 degree-abducted",1,11,16,17,17,TRUE,-1977.22194117681,4061.00216767394,35,1.93936390551294,0.20935110751642,9.26369068938804,0.992516755878208,0.202636477170286,0,165.851241827011
"scapulothoracic","internal-external rotation 0 degree-abducted",1,11,17,18,18,TRUE,-1968.94361372946,4050.53455765469,37,1.91266883639991,0.213201116307075,8.97119522416138,0.992715090122955,0.186071306974258,0,192.303766012192
"scapulothoracic","internal-external rotation 0 degree-abducted",1,11,18,19,19,TRUE,-1990.49382929387,4099.72403365895,39,1.92708866120201,0.212720988674455,9.05923140546889,0.992617422945281,0.175791869952917,1,333.001802921295
"scapulothoracic","internal-external rotation 0 degree-abducted",1,11,19,20,20,TRUE,-2001.30354684893,4127.43251364452,41,1.9639397780193,0.214562617146787,9.1532243786704,0.992536960726284,0.192746450919044,1,274.788568258286
"scapulothoracic","internal-external rotation 0 degree-abducted",1,11,20,21,21,TRUE,-2019.76453547956,4170.44353578124,43,1.96661603895565,0.214260984306204,9.17860078597011,0.992425190216847,0.231429912123284,0,212.4961977005
"glenohumeral","internal-external rotation 0 degree-abducted",1,17,1,2,2,TRUE,-5576.25469524086,11167.7320026703,5,17.8867741648202,4.22584152905022,4.23271295003822,0.971885788887418,-0.0145073556276618,0,7.83541226387024
"glenohumeral","internal-external rotation 0 degree-abducted",1,17,2,3,3,TRUE,-4826.68787158163,9674.68740022733,7,11.4250563116943,2.21998880255929,5.14644772015205,0.990708869453571,-0.0107703282644842,0,15.2816524505615
"glenohumeral","internal-external rotation 0 degree-abducted",1,17,3,4,4,TRUE,-4659.17658319445,9345.7538683284,9,11.3926369717883,1.72585649040924,6.601149652418,0.992538504563219,-0.036848609396295,0,28.2314958572388
"glenohumeral","internal-external rotation 0 degree-abducted",1,17,4,5,5,TRUE,-4577.99357842202,9189.47690365899,11,10.4279259585122,1.6452675578791,6.33813382423635,0.993755004687707,-0.027688752929816,0,21.796718120575
"glenohumeral","internal-external rotation 0 degree-abducted",1,17,5,6,6,TRUE,-4505.52699556559,9050.63278282159,13,9.29587844222478,1.54784822376115,6.00567826969272,0.994461819942192,-0.0134677456303425,0,27.2733001708984
"glenohumeral","internal-external rotation 0 degree-abducted",1,17,6,7,7,TRUE,-4431.37140962209,8908.41065581004,15,8.16849029897903,1.49436110563263,5.46620911651803,0.995228740361764,-0.0257215620642215,0,49.8732094764709
"glenohumeral","internal-external rotation 0 degree-abducted",1,17,7,8,8,TRUE,-4396.43971106441,8844.63630357013,17,7.28330455326858,1.42039785713431,5.12765104275985,0.995694505873919,-0.0509924248259233,0,49.3029382228851
"glenohumeral","internal-external rotation 0 degree-abducted",1,17,8,9,9,TRUE,-4362.12816984166,8782.10226600007,19,6.53767370616276,1.34986716602893,4.84319781285995,0.996132131663932,-0.169568284239419,0,73.3521039485931
"glenohumeral","internal-external rotation 0 degree-abducted",1,17,9,10,10,TRUE,-4359.0809352502,8782.09684169258,21,6.56846580630199,1.26658804154007,5.1859528046035,0.99637995610808,-0.370418255685714,0,82.7100131511688
"glenohumeral","internal-external rotation 0 degree-abducted",1,17,10,11,11,TRUE,-4317.23760034683,8704.4992167613,23,6.44502196036854,1.22760105061908,5.25009485542417,0.996712882687282,-0.639022773689179,0,115.242393016815
"glenohumeral","internal-external rotation 0 degree-abducted",1,17,11,12,12,TRUE,-4274.51596052841,8625.1449819999,25,6.15925916922919,1.26048623173046,4.88641526910885,0.997086229030361,-1.11327905845287,0,108.58317899704
"glenohumeral","internal-external rotation 0 degree-abducted",1,17,12,13,13,TRUE,-4231.62371473779,8545.44953529411,27,5.88168983792855,1.30649096824532,4.50189858245093,0.997338654552337,-2.4632041760346,0,125.89594078064
"glenohumeral","internal-external rotation 0 degree-abducted",1,17,13,14,14,TRUE,-4230.43040188977,8549.15195447351,29,5.76893312161777,1.2008750980066,4.80394100201923,0.997421812339299,-5.22929583076916,1,1474.46392989159
"glenohumeral","internal-external rotation 0 degree-abducted",1,17,14,15,15,TRUE,-4247.40312647598,8589.18644852139,31,5.77208128063284,1.18022344331276,4.89066821485196,0.997462910140712,-10.88481431591,0,260.672872781754
"glenohumeral","internal-external rotation 0 degree-abducted",1,17,15,16,16,TRUE,-4282.07188483832,8664.61301012152,33,6.05908910718568,1.17965253111083,5.1363337486167,0.997045263961853,-0.0503963528842337,0,252.746240139008
"glenohumeral","internal-external rotation 0 degree-abducted",1,17,16,17,17,TRUE,-4237.23674643558,8581.03177819149,35,5.78292141110856,1.16499750007709,4.9638916913778,0.997370433310143,-0.0733616615404691,0,232.634044885635
"glenohumeral","internal-external rotation 0 degree-abducted",1,17,17,18,18,TRUE,-4210.49087621443,8533.62908262463,37,5.61750276353711,1.2599908470622,4.458367913255,0.997545390949552,-0.118206913973373,0,217.732882738113
"glenohumeral","internal-external rotation 0 degree-abducted",1,17,18,19,19,TRUE,-4228.22364952679,8575.18367412479,39,5.65983099706612,1.18602757357854,4.77209056783477,0.997616337867085,-0.190030217976162,0,274.433990240097
"glenohumeral","internal-external rotation 0 degree-abducted",1,17,19,20,20,TRUE,-4262.13769897336,8649.10081789338,41,5.77612002282657,1.08276795663916,5.33458714529682,0.997553895445778,-0.268417737903668,1,803.160466432571
"glenohumeral","internal-external rotation 0 degree-abducted",1,17,20,21,21,TRUE,-4273.36057215509,8677.63560913228,43,5.84969094377746,1.02720335174878,5.69477400343229,0.997580571897051,-0.403589281667131,0,464.847927808762
"scapulothoracic","internal-external rotation 90 degree-abducted",1,17,1,2,2,TRUE,-3781.87663098586,7579.64353112347,5,3.080344770524,0.779871172616052,3.94981232629883,0.977590900477641,0.0476378777363398,0,6.72813129425049
"scapulothoracic","internal-external rotation 90 degree-abducted",1,17,2,3,3,TRUE,-2642.0046821246,5306.25574106163,7,1.46574408773251,0.62670153759819,2.33882318742973,0.992804427967135,0.0667757058744842,0,11.2650187015533
"scapulothoracic","internal-external rotation 90 degree-abducted",1,17,3,4,4,TRUE,-1727.00537328706,3482.61323104726,9,0.929514340585924,0.369978480785579,2.51234703870419,0.997188511141706,0.13435042856856,0,26.3500368595123
"scapulothoracic","internal-external rotation 90 degree-abducted",1,17,4,5,5,TRUE,-1229.73542096374,2494.42943406132,11,0.670388909553263,0.280016036534332,2.39410898693679,0.998279653464727,0.157310516316228,0,35.1067416667938
"scapulothoracic","internal-external rotation 90 degree-abducted",1,17,5,6,6,TRUE,-951.119780487947,1943.55426077042,13,0.59719074656116,0.263246827331239,2.26855819162343,0.998747433921426,0.180135416566477,0,36.6746139526367
"scapulothoracic","internal-external rotation 90 degree-abducted",1,17,6,7,7,TRUE,-780.43953002608,1608.54986750738,15,0.492434627295181,0.216823863266441,2.27112744822769,0.999000636698363,0.182437140609056,0,46.4401140213013
"scapulothoracic","internal-external rotation 90 degree-abducted",1,17,7,8,8,TRUE,-721.68233844503,1497.39159200597,17,0.49423931939448,0.210049705882123,2.35296363457819,0.999079457333175,0.183142637673588,0,73.9540553092957
"scapulothoracic","internal-external rotation 90 degree-abducted",1,17,8,9,9,TRUE,-662.449952482312,1385.28292774124,19,0.470902800127823,0.199782720863438,2.35707471643511,0.999164656553586,0.186930654858654,0,61.1307284832001
"scapulothoracic","internal-external rotation 90 degree-abducted",1,17,9,10,10,TRUE,-569.269402679197,1205.2779357957,21,0.460003481754247,0.187129895588058,2.4582041277193,0.99926657253681,0.170439600590853,0,100.310876131058
"scapulothoracic","internal-external rotation 90 degree-abducted",1,17,10,11,11,TRUE,-437.336273648279,947.76778539456,23,0.349423461324403,0.17925668345756,1.94929112033432,0.999378254581051,0.146157109395336,0,98.574863910675
"scapulothoracic","internal-external rotation 90 degree-abducted",1,17,11,12,12,TRUE,-325.859807810001,731.170961378701,25,0.318187598475827,0.180812877902316,1.75976181656557,0.999476409547138,0.0934600702271442,0,110.576410055161
"scapulothoracic","internal-external rotation 90 degree-abducted",1,17,12,13,13,TRUE,-270.234225062625,626.275903544644,27,0.308554407353885,0.164578528435877,1.87481569003155,0.999535668904789,0.0293520458795181,0,215.566664934158
"scapulothoracic","internal-external rotation 90 degree-abducted",1,17,13,14,14,TRUE,-293.659621207049,679.482803494188,29,0.315530617817914,0.161896900456979,1.9489602143542,0.999544185596618,-0.0761648107009489,0,245.516420602798
"scapulothoracic","internal-external rotation 90 degree-abducted",1,17,14,15,15,TRUE,-302.404265808795,703.328200358376,31,0.307728952431799,0.157793166000148,1.95020456355829,0.999559344757583,-0.162350173570701,0,296.525949954987
"scapulothoracic","internal-external rotation 90 degree-abducted",1,17,15,16,16,TRUE,-292.482023423017,689.839823247516,33,0.302966519998357,0.158160523113081,1.91556346700841,0.999557388515165,0.119015477432848,0,250.711250305176
"scapulothoracic","internal-external rotation 90 degree-abducted",1,17,16,17,17,TRUE,-256.168337827207,623.568559716591,35,0.308529580108964,0.154685003805098,1.99456684565046,0.999582741925621,0.112831002564563,1,404.259590864182
"scapulothoracic","internal-external rotation 90 degree-abducted",1,17,17,18,18,TRUE,-215.851809631511,549.291610985896,37,0.298638046367262,0.157213133058083,1.89957442204862,0.999621750682319,0.102533361596705,1,543.287108898163
"scapulothoracic","internal-external rotation 90 degree-abducted",1,17,18,19,19,TRUE,-225.226176625041,574.396452633653,39,0.299756894273465,0.148909003213085,2.01302062202727,0.999634270867525,0.0871920773807354,0,465.010310411453
"scapulothoracic","internal-external rotation 90 degree-abducted",1,17,19,20,20,TRUE,-232.198636076958,594.697479198182,41,0.300384464274298,0.139259438756245,2.15701331957887,0.999630595027037,0.0731142156545452,0,424.57738494873
"scapulothoracic","internal-external rotation 90 degree-abducted",1,17,20,21,21,TRUE,-219.781726435449,576.21976757586,43,0.298640809641322,0.13854343089937,2.15557538674091,0.999652719125337,0.0771955916375676,0,513.806622266769
"glenohumeral","internal-external rotation 90 degree-abducted",1,17,1,2,2,TRUE,-5225.64867398186,10466.7525602305,5,7.60854174473523,1.45347026357405,5.23474193825333,0.953709259599852,-0.00564626220449083,0,8.25842952728271
"glenohumeral","internal-external rotation 90 degree-abducted",1,17,2,3,3,TRUE,-4015.11186813819,8051.86103344989,7,3.8914207436641,0.877039269435613,4.43699715540478,0.986313947659989,0.0311621455696154,0,12.8058128356934
"glenohumeral","internal-external rotation 90 degree-abducted",1,17,3,4,4,TRUE,-3254.15651302748,6536.13240813518,9,2.85462036718947,0.635725287695453,4.4903363487988,0.993885108568343,0.00234814630482238,0,20.4349701404572
"glenohumeral","internal-external rotation 90 degree-abducted",1,17,4,5,5,TRUE,-2928.39492065143,5890.79130828981,11,2.42591190899128,0.514159110518365,4.71821243534035,0.995596145356031,0.0296685382447652,0,24.2804329395294
"glenohumeral","internal-external rotation 90 degree-abducted",1,17,5,6,6,TRUE,-2596.96178670481,5234.10712530328,13,1.90174118948733,0.409536609266588,4.64364148761458,0.997017279615411,0.0257575530501419,0,36.7855093479156
"glenohumeral","internal-external rotation 90 degree-abducted",1,17,6,7,7,TRUE,-2377.18940256248,4800.74444192534,15,1.576849951452,0.369443131295211,4.26818045289894,0.997815698764022,0.00886942369317378,0,47.4544057846069
"glenohumeral","internal-external rotation 90 degree-abducted",1,17,7,8,8,TRUE,-2197.77416904446,4448.096059796,17,1.27424398160126,0.36384122914889,3.50219788060308,0.998288777987328,0.0444762703918488,0,62.9735445976257
"glenohumeral","internal-external rotation 90 degree-abducted",1,17,8,9,9,TRUE,-2045.02902651896,4148.78785965173,19,1.10810915714522,0.358309784230911,3.09260088870782,0.998523230626184,0.0259354800237059,0,57.6192910671234
"glenohumeral","internal-external rotation 90 degree-abducted",1,17,9,10,10,TRUE,-1858.49933942052,3781.91057036157,21,0.981504662750048,0.320882432290238,3.0587672118562,0.998843991533691,-0.0212211231523372,0,97.3351316452026
"glenohumeral","internal-external rotation 90 degree-abducted",1,17,10,11,11,TRUE,-1746.73443890189,3564.56285423102,23,0.915219033323221,0.310403664947489,2.94848011371918,0.999025811134256,-0.132087358610421,0,166.285940885544
"glenohumeral","internal-external rotation 90 degree-abducted",1,17,11,12,12,TRUE,-1727.53222424728,3532.34050982852,25,0.836760087469117,0.299759494000143,2.79143815030832,0.999057406241755,0.0400103955136665,0,147.839800596237
"glenohumeral","internal-external rotation 90 degree-abducted",1,17,12,13,13,TRUE,-1695.95959982111,3475.37734588289,27,0.798815517569506,0.283793096649837,2.81478135655688,0.999127101460344,0.00191049434710533,0,176.265082597733
"glenohumeral","internal-external rotation 90 degree-abducted",1,17,13,14,14,TRUE,-1672.40367687763,3434.44758490265,29,0.787132808644994,0.272075516061102,2.89306741025613,0.999187086787663,0.00378687068326589,0,230.969233751297
"glenohumeral","internal-external rotation 90 degree-abducted",1,17,14,15,15,TRUE,-1664.82020761941,3425.46273129292,31,0.756545824075701,0.261692470805349,2.89097283443983,0.999206076404227,0.0509330698281121,0,178.804942846298
"glenohumeral","internal-external rotation 90 degree-abducted",1,17,15,16,16,TRUE,-1657.44399703053,3416.89239502188,33,0.745332486076986,0.258123658773813,2.88750163242534,0.999248899244232,0.0590755794928918,0,205.294739723206
"glenohumeral","internal-external rotation 90 degree-abducted",1,17,16,17,17,TRUE,-1645.50522413269,3399.19693413292,35,0.742673169336034,0.270533201395323,2.74522005249472,0.999285195374347,0.0645868975591812,0,255.882227897644
"glenohumeral","internal-external rotation 90 degree-abducted",1,17,17,18,18,TRUE,-1620.60568439021,3355.57993955469,37,0.715610043516158,0.255870083743784,2.79677105289392,0.999338936325471,0.0528766889149456,0,377.828915119171
"glenohumeral","internal-external rotation 90 degree-abducted",1,17,18,19,19,TRUE,-1660.24886336051,3441.04838240199,39,0.712675905460946,0.252500232415919,2.8224762355348,0.999348992473664,0.0289613607043822,0,305.605182886124
"glenohumeral","internal-external rotation 90 degree-abducted",1,17,19,20,20,TRUE,-1691.89508163997,3510.52290386764,41,0.708848018247812,0.253392904363872,2.79742647106608,0.999334003786351,0.0518246144916207,0,1793.17613077164
"glenohumeral","internal-external rotation 90 degree-abducted",1,17,20,21,21,TRUE,-1694.31911202144,3521.55304953729,43,0.695642616689897,0.247767478498089,2.80764295986998,0.999364483578151,0.0482186305698895,0,1192.87189936638
"sternoclavicular","frontal plane elevation",2,11,1,2,2,TRUE,-327.314180104122,661.559832013843,5,1.04632159880902,0.776742025800507,1.34706448737686,0.973288625463645,-0.512637526408135,0,0.774583339691162
"sternoclavicular","frontal plane elevation",2,11,2,3,3,TRUE,-262.099897617557,533.903855762954,7,0.741864605808055,0.548487291490647,1.35256480381133,0.986813479908886,-0.47959937641233,0,0.930448055267334
"sternoclavicular","frontal plane elevation",2,11,3,4,4,TRUE,-254.874317176916,522.225283603912,9,0.724219464703529,0.394961975858999,1.83364351246327,0.988162302137763,-0.485201726127408,0,1.66387820243835
"sternoclavicular","frontal plane elevation",2,11,4,5,5,TRUE,-231.063780261831,477.37679849598,11,0.725522207879295,0.290248248170982,2.49966093663345,0.990953960801193,-0.467090197315796,0,1.86432456970215
"sternoclavicular","frontal plane elevation",2,11,5,6,6,TRUE,-234.556320111984,487.134466918527,13,0.718696383579327,0.247916795193065,2.89894189306393,0.991300422330871,-0.456552429036867,1,4.8845841884613
"sternoclavicular","frontal plane elevation",2,11,6,7,7,TRUE,-234.952539044271,490.699493505339,15,0.692187250145701,0.365660742103203,1.8929766596337,0.991124996754208,-0.478624821894987,1,7.81382155418396
"sternoclavicular","frontal plane elevation",2,11,7,8,8,TRUE,-227.698347457937,478.963699054912,17,0.661948121515362,0.339963086705796,1.94711763541614,0.991898811299748,-0.460637351179461,2,15.2095420360565
"sternoclavicular","frontal plane elevation",2,11,8,9,9,TRUE,-217.749164451148,461.837921763573,19,0.629670217887709,0.267319962671378,2.35549268971647,0.992912572332659,-0.461782772187795,2,58.5876438617706
"sternoclavicular","frontal plane elevation",2,11,9,10,10,TRUE,-210.043234804651,449.19865119282,21,0.600572920664986,0.248530145195851,2.41649929505216,0.993668156135628,-0.427245741991662,3,35.0333917140961
"sternoclavicular","frontal plane elevation",2,11,10,11,11,TRUE,-205.183251722935,442.251273751628,23,0.583066196964332,0.274267556215678,2.12590291396268,0.993946019825239,-0.477036723316262,2,43.8602027893066
"sternoclavicular","frontal plane elevation",2,11,11,12,12,TRUE,-201.571777344312,437.80091371662,25,0.579729900257186,0.301476160004614,1.9229709581292,0.993812861333589,-0.498447623313879,4,394.132281541824
"sternoclavicular","frontal plane elevation",2,11,12,13,13,FALSE,NA,NA,NA,NA,NA,NA,NA,NA,NA,453.559270858765
"sternoclavicular","frontal plane elevation",2,11,13,14,14,FALSE,NA,NA,NA,NA,NA,NA,NA,NA,NA,1481.86673402786
"sternoclavicular","frontal plane elevation",2,11,14,15,15,FALSE,NA,NA,NA,NA,NA,NA,NA,NA,NA,433.348669528961
"sternoclavicular","frontal plane elevation",2,11,15,16,16,FALSE,NA,NA,NA,NA,NA,NA,NA,NA,NA,513.204837799072
"sternoclavicular","frontal plane elevation",2,11,16,17,17,FALSE,NA,NA,NA,NA,NA,NA,NA,NA,NA,510.60173368454
"sternoclavicular","frontal plane elevation",2,11,17,18,18,FALSE,NA,NA,NA,NA,NA,NA,NA,NA,NA,465.46684718132
"sternoclavicular","frontal plane elevation",2,11,18,19,19,FALSE,NA,NA,NA,NA,NA,NA,NA,NA,NA,791.776566505432
"sternoclavicular","frontal plane elevation",2,11,19,20,20,FALSE,NA,NA,NA,NA,NA,NA,NA,NA,NA,832.259122371674
"sternoclavicular","frontal plane elevation",2,11,20,21,21,FALSE,NA,NA,NA,NA,NA,NA,NA,NA,NA,822.262110233307
"acromioclavicular","frontal plane elevation",2,3,1,2,2,TRUE,-295.645519890629,598.222511586858,5,0.989459378509166,0.859174453473598,1.15163966352681,0.985913897882839,0.0529161604094409,0,1.43063426017761
"acromioclavicular","frontal plane elevation",2,3,2,3,3,TRUE,-281.028492608716,571.761045745271,7,0.935789175124754,0.594749718672354,1.57341675959712,0.989054953862739,0.0462925779311627,0,1.0755398273468
"acromioclavicular","frontal plane elevation",2,3,3,4,4,TRUE,-278.90453257537,570.28571440082,9,0.933951176660202,0.349654821836071,2.67106620110638,0.990259909953953,0.0512437370250499,0,1.7689254283905
"acromioclavicular","frontal plane elevation",2,3,4,5,5,TRUE,-279.524589151268,574.298416274854,11,0.897789332785376,0.311724017677078,2.88007751047087,0.991170194773312,0.041936223432116,0,2.47001576423645
"acromioclavicular","frontal plane elevation",2,3,5,6,6,TRUE,-276.961954077311,571.945734849181,13,0.88451581954652,0.393517930408978,2.24771414768129,0.991174928625347,0.0180820865725007,0,3.89930629730225
"acromioclavicular","frontal plane elevation",2,3,6,7,7,TRUE,-281.818165116025,584.430745648848,15,0.880518571072578,0.346826909085433,2.53878389480928,0.991351014506189,0.00518093596180269,1,5.19325566291809
"acromioclavicular","frontal plane elevation",2,3,7,8,8,TRUE,-276.024312162608,575.615628464254,17,0.873300760036167,0.301269291051867,2.89873805918645,0.992091101601914,-0.0227801220626205,1,9.07512283325195
"acromioclavicular","frontal plane elevation",2,3,8,9,9,TRUE,-273.820678157557,573.980949176391,19,0.844527640639179,0.378430048871734,2.2316611568164,0.992314771580606,-0.0136119777296988,2,95.9955370426178
"acromioclavicular","frontal plane elevation",2,3,9,10,10,FALSE,NA,NA,NA,NA,NA,NA,NA,NA,NA,284.016144990921
"acromioclavicular","frontal plane elevation",2,3,10,11,11,FALSE,NA,NA,NA,NA,NA,NA,NA,NA,NA,327.487731456757
"acromioclavicular","frontal plane elevation",2,3,11,12,12,FALSE,NA,NA,NA,NA,NA,NA,NA,NA,NA,389.270564556122
"acromioclavicular","frontal plane elevation",2,3,12,13,13,FALSE,NA,NA,NA,NA,NA,NA,NA,NA,NA,468.123903036118
"acromioclavicular","frontal plane elevation",2,3,13,14,14,FALSE,NA,NA,NA,NA,NA,NA,NA,NA,NA,542.712674617767
"acromioclavicular","frontal plane elevation",2,3,14,15,15,FALSE,NA,NA,NA,NA,NA,NA,NA,NA,NA,638.544057369232
"acromioclavicular","frontal plane elevation",2,3,15,16,16,FALSE,NA,NA,NA,NA,NA,NA,NA,NA,NA,748.863950967789
"acromioclavicular","frontal plane elevation",2,3,16,17,17,FALSE,NA,NA,NA,NA,NA,NA,NA,NA,NA,747.590362548828
"acromioclavicular","frontal plane elevation",2,3,17,18,18,FALSE,NA,NA,NA,NA,NA,NA,NA,NA,NA,841.454443216324
"acromioclavicular","frontal plane elevation",2,3,18,19,19,TRUE,-271.69757282698,597.460625737636,39,0.779402147272713,0.340724780032203,2.28748301546794,0.993774677838488,0.047270710864725,3,819.614047527313
"acromioclavicular","frontal plane elevation",2,3,19,20,20,FALSE,NA,NA,NA,NA,NA,NA,NA,NA,NA,1181.55571079254
"acromioclavicular","frontal plane elevation",2,3,20,21,21,FALSE,NA,NA,NA,NA,NA,NA,NA,NA,NA,1196.51539969444
"scapulothoracic","frontal plane elevation",2,10,1,2,2,TRUE,-4695.14026738002,9407.45047078246,5,4.24917673460937,1.05590863524996,4.02418977623332,0.98800543629072,0.794980924707912,0,3.60369873046875
"scapulothoracic","frontal plane elevation",2,10,2,3,3,TRUE,-3127.95510348738,6279.94811740615,7,1.51778366522837,0.591493519340535,2.56601909505377,0.997327621096143,0.795195749408696,0,8.26248836517334
"scapulothoracic","frontal plane elevation",2,10,3,4,4,TRUE,-2145.43969307219,4321.78527098475,9,1.10675668752528,0.359550908710896,3.07816406720637,0.998996840357487,0.795873460218303,0,13.4919967651367
"scapulothoracic","frontal plane elevation",2,10,4,5,5,TRUE,-1642.81974072731,3323.41334070395,11,0.967557485374423,0.289736500972529,3.33943939450749,0.999424402675216,0.795755532289122,0,26.3934462070465
"scapulothoracic","frontal plane elevation",2,10,5,6,6,TRUE,-1186.96078581252,2418.56340528334,13,0.774866836197845,0.22178199195444,3.49382215106547,0.999657597267171,0.795760719224534,0,21.8701491355896
"scapulothoracic","frontal plane elevation",2,10,6,7,7,TRUE,-1046.02028794839,2143.55038396405,15,0.705002698625865,0.165900296629777,4.24955658879349,0.999727812212698,0.795527866226923,0,37.2257490158081
"scapulothoracic","frontal plane elevation",2,10,7,8,8,TRUE,-906.656865010083,1871.69151249641,17,0.651162279339877,0.149952145438455,4.34246724137159,0.999784326478807,0.795664918925313,0,106.359079837799
"scapulothoracic","frontal plane elevation",2,10,8,9,9,TRUE,-822.520238014065,1710.28623291335,19,0.617376928887575,0.145835725832115,4.23337234662441,0.999821228896199,0.795862745176345,0,110.403238534927
"scapulothoracic","frontal plane elevation",2,10,9,10,10,TRUE,-753.123423583589,1578.36057846137,21,0.602689133123141,0.13734050147961,4.38828405772652,0.999850374959751,0.795673916224307,0,87.1969401836395
"scapulothoracic","frontal plane elevation",2,10,10,11,11,TRUE,-728.467935801363,1535.91757730588,23,0.604645851669434,0.122718604773409,4.92709196609485,0.999869412447723,0.795854790298612,0,109.400304794312
"scapulothoracic","frontal plane elevation",2,10,11,12,12,TRUE,-768.198683731483,1622.2470475751,25,0.610175014988061,0.115834849391334,5.26762902696629,0.999878279914586,0.796029998773,0,74.9064676761627
"scapulothoracic","frontal plane elevation",2,10,12,13,13,TRUE,-803.688086258851,1700.0938270388,27,0.610226028504257,0.113753088528392,5.36447877063091,0.999886995661068,0.796011233998335,0,151.420367717743
"scapulothoracic","frontal plane elevation",2,10,13,14,14,TRUE,-851.596363130809,1802.77835519169,29,0.603277261452626,0.108704723048866,5.5496876725534,0.99989258626996,0.796177124187103,0,190.464492321014
"scapulothoracic","frontal plane elevation",2,10,14,15,15,TRUE,-916.742437278448,1939.93847789594,31,0.595563261766532,0.106498911151734,5.59220047722372,0.999891537135977,0.79631378032179,0,436.041265010834
"scapulothoracic","frontal plane elevation",2,10,15,16,16,TRUE,-928.134734444415,1969.59104663684,33,0.585784465797591,0.103043252146043,5.68484062369614,0.999895584676396,0.796494091748217,0,324.783347606659
"scapulothoracic","frontal plane elevation",2,10,16,17,17,TRUE,-934.908973375661,1990.0074989083,35,0.569621012612485,0.0864792824018505,6.58679161981917,0.999901875515726,0.796783735395272,0,407.780289173126
"scapulothoracic","frontal plane elevation",2,10,17,18,18,TRUE,-932.167637032777,1991.3928006315,37,0.548337809081412,0.0850964426092089,6.44372187918079,0.999910700179948,0.796920200928584,0,329.706847906113
"scapulothoracic","frontal plane elevation",2,10,18,19,19,TRUE,-918.314418972676,1970.55433892027,39,0.513933465943099,0.0812244924920413,6.32732135560535,0.99991995906576,0.796760202512005,0,478.328685045242
"scapulothoracic","frontal plane elevation",2,10,19,20,20,TRUE,-911.568833038986,1963.93114146186,41,0.481710776874002,0.0834729149800168,5.77086324335651,0.999927962358751,0.796578099801529,0,585.542632818222
"scapulothoracic","frontal plane elevation",2,10,20,21,21,TRUE,-901.331425867848,1950.32430152856,43,0.452200240412735,0.0749504039470009,6.03332626108988,0.999935679061965,0.796438469122853,0,703.822289943695
"glenohumeral","frontal plane elevation",2,10,1,2,2,TRUE,-3009.5120379585,6034.70154699664,5,4.73262929583333,0.991836061620631,4.77158421533933,0.995133015779628,0.923826226101321,0,3.48550868034363
"glenohumeral","frontal plane elevation",2,10,2,3,3,TRUE,-1790.53160076108,3603.01166103365,7,1.49583426662543,0.530575051181911,2.81926989083506,0.999218444455481,0.922793889498669,0,6.81276750564575
"glenohumeral","frontal plane elevation",2,10,3,4,4,TRUE,-920.601395648735,1869.42223924083,9,0.701313292547016,0.299121631523504,2.34457564628491,0.999797831018186,0.922852988445829,0,8.30253767967224
"glenohumeral","frontal plane elevation",2,10,4,5,5,TRUE,-759.486541399013,1553.46351917325,11,0.588364337195648,0.256424322980449,2.29449503992844,0.999858185395998,0.922296959928283,0,27.5751020908356
"glenohumeral","frontal plane elevation",2,10,5,6,6,TRUE,-526.357809555648,1093.47704391837,13,0.46853172226937,0.210892009601573,2.22166654466683,0.999910781113451,0.923150762763177,0,24.8758792877197
"glenohumeral","frontal plane elevation",2,10,6,7,7,TRUE,-476.420705694801,999.873824628539,15,0.410994771338198,0.190686477830422,2.15534303226103,0.999926950279262,0.922901869369578,0,45.0142343044281
"glenohumeral","frontal plane elevation",2,10,7,8,8,TRUE,-457.773228906711,968.849859484217,17,0.345645372155542,0.177438281870813,1.94797519741086,0.999937418254488,0.922939223913393,0,43.0078356266022
"glenohumeral","frontal plane elevation",2,10,8,9,9,TRUE,-423.253252235201,906.080894573055,19,0.323023897996494,0.158390910273365,2.03940931609642,0.999947854522969,0.923408515663756,0,62.3767237663269
"glenohumeral","frontal plane elevation",2,10,9,10,10,TRUE,-416.955712720605,899.756803975723,21,0.314042471564522,0.136912237778317,2.29375019107502,0.999954611419598,0.923393462552569,0,81.9590892791748
"glenohumeral","frontal plane elevation",2,10,10,11,11,TRUE,-400.481382159909,873.079131286188,23,0.288137238223679,0.124208657776959,2.31978384905412,0.999961335285739,0.923475965072087,0,91.6680593490601
"glenohumeral","frontal plane elevation",2,10,11,12,12,TRUE,-412.609287599478,903.605930597186,25,0.262252951802859,0.117499927363775,2.23194139508643,0.999965515070126,0.923481041046376,0,113.209590196609
"glenohumeral","frontal plane elevation",2,10,12,13,13,TRUE,-422.700146373831,930.05863657775,27,0.238118364293604,0.116520705301253,2.04357125781184,0.999969289153701,0.923296453501707,0,130.099273443222
"glenohumeral","frontal plane elevation",2,10,13,14,14,TRUE,-461.664342610253,1014.25801748245,29,0.217861901889791,0.103611723960963,2.10267616019856,0.999971372680711,0.923430857367213,0,177.052932739258
"glenohumeral","frontal plane elevation",2,10,14,15,15,TRUE,-459.947916248045,1017.09615318989,31,0.197733988869922,0.104237658261854,1.8969534827154,0.99997514247236,0.923669213011665,0,252.214804649353
"glenohumeral","frontal plane elevation",2,10,15,16,16,TRUE,-493.147458683857,1089.76622649338,33,0.182974344937138,0.0981206767015209,1.86478886090175,0.999977184129511,0.923660042424284,0,188.926899671555
"glenohumeral","frontal plane elevation",2,10,16,17,17,TRUE,-547.077924837193,1203.89814723191,35,0.174073904619252,0.0907870111399735,1.91738776762755,0.999978208394195,0.923562522640413,0,225.900576114655
"glenohumeral","frontal plane elevation",2,10,17,18,18,TRUE,-576.659605825245,1269.33249763987,37,0.167462188376423,0.0904134996469625,1.8521812453927,0.999980112436646,0.923581847192414,0,258.572147846222
"glenohumeral","frontal plane elevation",2,10,18,19,19,TRUE,-614.748344184597,1351.78096279043,39,0.166713033095913,0.0902379984947331,1.84748150310142,0.999981551246399,0.923623035516271,0,337.731599569321
"glenohumeral","frontal plane elevation",2,10,19,20,20,TRUE,-669.56072051307,1467.67670387924,41,0.162764002703668,0.0864651327056407,1.88242355745612,0.999982375634661,0.923707279093873,0,491.514693260193
"glenohumeral","frontal plane elevation",2,10,20,21,21,TRUE,-707.905482792103,1550.63721686916,43,0.163130721676597,0.0812415538191706,2.00797146297444,0.999983666112739,0.92366172723859,0,665.333317518234
"sternoclavicular","scapular plane elevation",2,4,1,2,2,TRUE,-625.620207133113,1267.53089695633,5,2.31853935565564,0.652844195792816,3.55144362253233,0.997187191299177,-0.176484907321169,0,0.502200126647949
"sternoclavicular","scapular plane elevation",2,4,2,3,3,TRUE,-476.918144380234,976.642964526618,7,0.965049873489692,0.260178029890026,3.70919048736593,0.999505480973243,-0.175135653789032,0,1.0516471862793
"sternoclavicular","scapular plane elevation",2,4,3,4,4,TRUE,-242.525295282416,514.373459407024,9,0.287027761561496,0.0793874201384606,3.61553204602048,0.99997629925455,-0.174997238507816,0,2.7803041934967
"sternoclavicular","scapular plane elevation",2,4,4,5,5,TRUE,-229.052258725699,493.943579369634,11,0.13545613750329,0.0315330781692093,4.29568394104821,0.999992060250573,-0.175966303769619,0,2.90428161621094
"sternoclavicular","scapular plane elevation",2,4,5,6,6,TRUE,-265.18913931635,572.73353362698,13,0.109991688360079,0.0101258936815936,10.8624178584866,0.999995755414511,-0.176849813118303,0,4.67788100242615
"sternoclavicular","scapular plane elevation",2,4,6,7,7,TRUE,-288.153146046781,625.177740163884,15,0.0645196974266624,0.00305601930155658,21.1123330908936,0.999998683455229,-0.178375637577731,0,13.6827278137207
"sternoclavicular","scapular plane elevation",2,4,7,8,8,TRUE,-379.697781480725,814.783204107816,17,0.0483886381709229,0.00486239944900923,9.95159667122427,0.999998869713568,-0.178848312314228,0,7.73139142990112
"sternoclavicular","scapular plane elevation",2,4,8,9,9,TRUE,-295.355342813441,652.61451984929,19,0.0999593764636447,0.00483007634692924,20.6951959521706,0.999998004992727,-0.194050360708914,0,9.93082451820374
"sternoclavicular","scapular plane elevation",2,4,9,10,10,TRUE,-297.564316822404,663.54866094326,21,0.0636796538338734,0.00221892138059986,28.6984723256208,0.9999987645852,-0.186291560553231,1,30.9371767044067
"sternoclavicular","scapular plane elevation",2,4,10,11,11,TRUE,-311.908130973953,698.752482322401,23,0.0620832619650138,0.00154039210992459,40.30354450988,0.999998868995746,-0.189826016017082,1,65.8026874065399
"sternoclavicular","scapular plane elevation",2,4,11,12,12,FALSE,NA,NA,NA,NA,NA,NA,NA,NA,NA,413.179178953171
"sternoclavicular","scapular plane elevation",2,4,12,13,13,FALSE,NA,NA,NA,NA,NA,NA,NA,NA,NA,721.701499223709
"sternoclavicular","scapular plane elevation",2,4,13,14,14,FALSE,NA,NA,NA,NA,NA,NA,NA,NA,NA,602.10356760025
"sternoclavicular","scapular plane elevation",2,4,14,13,13,FALSE,NA,NA,NA,NA,NA,NA,NA,NA,NA,458.459097862244
"sternoclavicular","scapular plane elevation",2,4,15,14,14,FALSE,NA,NA,NA,NA,NA,NA,NA,NA,NA,712.250563383102
"sternoclavicular","scapular plane elevation",2,4,16,17,17,FALSE,NA,NA,NA,NA,NA,NA,NA,NA,NA,950.278521299362
"sternoclavicular","scapular plane elevation",2,4,17,13,13,FALSE,NA,NA,NA,NA,NA,NA,NA,NA,NA,505.609739780426
"sternoclavicular","scapular plane elevation",2,4,18,12,12,FALSE,NA,NA,NA,NA,NA,NA,NA,NA,NA,315.668422937393
"sternoclavicular","scapular plane elevation",2,4,19,14,14,FALSE,NA,NA,NA,NA,NA,NA,NA,NA,NA,577.50585603714
"sternoclavicular","scapular plane elevation",2,4,20,15,15,FALSE,NA,NA,NA,NA,NA,NA,NA,NA,NA,2791.29848194122
"scapulothoracic","scapular plane elevation",2,11,1,2,2,TRUE,-4638.67319218217,9297.00551252797,5,5.50140736181681,0.973517166916349,5.65106353413646,0.992343476381677,0.78162847917973,0,12.1351301670074
"scapulothoracic","scapular plane elevation",2,11,2,3,3,TRUE,-3252.48898426484,6532.50074795876,7,1.48082841703924,0.413428480489146,3.58182487884531,0.998051055673127,0.780820636828927,0,22.4899804592133
"scapulothoracic","scapular plane elevation",2,11,3,4,4,TRUE,-2360.28006823275,4755.94656716003,9,0.898381611886144,0.211723957694324,4.24317409172551,0.999228241004863,0.783290228966854,0,39.1743199825287
"scapulothoracic","scapular plane elevation",2,11,4,5,5,TRUE,-1877.97348687784,3799.19705571565,11,0.835134629399114,0.155259348910494,5.37896516544433,0.999559803734264,0.784067134222961,0,30.7251431941986
"scapulothoracic","scapular plane elevation",2,11,5,6,6,TRUE,-1628.10010263216,3307.31393848973,13,0.774856992197099,0.18568736531445,4.17291176965608,0.999678141286431,0.78469862192332,0,56.8864014148712
"scapulothoracic","scapular plane elevation",2,11,6,7,7,TRUE,-1523.5767600588,3106.13090460847,15,0.743361621892934,0.169151187091413,4.39465802561115,0.999733729630791,0.784510338229431,0,80.8382475376129
"scapulothoracic","scapular plane elevation",2,11,7,8,8,TRUE,-1428.61603636601,2924.07310848834,17,0.712157219668198,0.0877701632168943,8.11388738002391,0.9997792138859,0.785002307999775,0,70.7691037654877
"scapulothoracic","scapular plane elevation",2,11,8,9,9,TRUE,-1363.91654200349,2802.53777102875,19,0.677217786115559,0.0587063030101381,11.5356912527537,0.999813888915628,0.784527069243654,0,142.564124345779
"scapulothoracic","scapular plane elevation",2,11,9,10,10,TRUE,-1262.04965825011,2606.66765478742,21,0.634155109246152,0.0531609711698078,11.9289601994012,0.999845434836488,0.784035582510933,0,197.92539691925
"scapulothoracic","scapular plane elevation",2,11,10,11,11,TRUE,-1214.19298908179,2518.81796771625,23,0.584278710167258,0.0563445490454008,10.3697468533551,0.999868176661324,0.784092020591258,0,193.361978530884
"scapulothoracic","scapular plane elevation",2,11,11,12,12,TRUE,-1142.65092306684,2383.59748695179,25,0.548418717680264,0.038129369857935,14.3831046703263,0.999885254142283,0.785117561622807,0,507.797649145126
"scapulothoracic","scapular plane elevation",2,11,12,13,13,TRUE,-1208.73115959744,2523.62161127843,27,0.538066999202035,0.0296431714437139,18.1514653458626,0.999889775344641,0.784664869086013,0,227.52515411377
"scapulothoracic","scapular plane elevation",2,11,13,14,14,TRUE,-1186.99353916916,2488.01002168733,29,0.519776574314674,0.0267204329674036,19.4524009004177,0.999900163450501,0.785072110156741,0,311.608936071396
"scapulothoracic","scapular plane elevation",2,11,14,15,15,TRUE,-1174.59583614612,2471.0782669067,31,0.501095323470778,0.0176254586374965,28.4302005284983,0.999908832705856,0.785130594345448,0,384.584923505783
"scapulothoracic","scapular plane elevation",2,11,15,16,16,TRUE,-1155.8688709603,2441.4879878005,33,0.4854060552141,0.0241413400189055,20.1068397542957,0.999915840944365,0.785731453193803,0,552.927943468094
"scapulothoracic","scapular plane elevation",2,11,16,17,17,TRUE,-1153.00683033599,2443.62755781734,35,0.472218857800054,0.023184267608799,20.3680731161348,0.99992151845677,0.785720864860195,0,610.809339523315
"scapulothoracic","scapular plane elevation",2,11,17,18,18,TRUE,-1135.20942790692,2415.89640422464,37,0.460011391428943,0.0192641116944578,23.8791904202511,0.999927898848934,0.785683599680862,0,924.250695943832
"scapulothoracic","scapular plane elevation",2,11,18,19,19,TRUE,-1159.19050053673,2471.72220074971,39,0.456176568825715,0.017514192058508,26.0461097664002,0.999931382795571,0.785670148997693,0,878.667434453964
"scapulothoracic","scapular plane elevation",2,11,19,20,20,TRUE,-1172.82045770362,2506.84576634894,41,0.450042226637065,0.0180569757475533,24.9234552302062,0.999934682395353,0.785677220416399,0,998.530117988586
"scapulothoracic","scapular plane elevation",2,11,20,21,21,TRUE,-1190.50735048477,2550.08320317668,43,0.446511582567426,0.0170856190010688,26.1337667976497,0.999938680813638,0.785661227694506,0,832.558481931686
"glenohumeral","scapular plane elevation",2,10,1,2,2,TRUE,-3957.6598853762,7930.54238294102,5,3.4372141271755,1.46302631016174,2.34938640768224,0.997290732862743,0.948437098498138,0,19.4124534130096
"glenohumeral","scapular plane elevation",2,10,2,3,3,TRUE,-3016.79637177195,6054.90440060796,7,1.61946212937274,0.918812635550283,1.76255970664011,0.999031177596641,0.948816698443314,0,22.7206416130066
"glenohumeral","scapular plane elevation",2,10,3,4,4,TRUE,-2249.36522286213,4526.13114766377,9,1.32679821076927,0.397789140379411,3.33543095093992,0.999589601889764,0.949276287078304,0,23.7303936481476
"glenohumeral","scapular plane elevation",2,10,4,5,5,TRUE,-1812.11632700264,3657.72240082023,11,1.18521533795012,0.379484383036855,3.12322559485935,0.999758715406712,0.949474590634925,0,45.4617977142334
"glenohumeral","scapular plane elevation",2,10,5,6,6,TRUE,-1468.27312621234,2976.12504411509,13,1.06924006055246,0.254389594661744,4.20315957488041,0.999843779083806,0.949445240077196,0,60.5689625740051
"glenohumeral","scapular plane elevation",2,10,6,7,7,TRUE,-1346.89748032749,2739.46279722084,15,1.01199030588658,0.239150653787716,4.23160166973612,0.999871846949299,0.94942568539232,0,108.039833068848
"glenohumeral","scapular plane elevation",2,10,7,8,8,TRUE,-1261.45804800202,2574.67297744535,17,0.973940478608629,0.203760284442871,4.77983470268318,0.999889838086261,0.949398531099767,0,139.642881631851
"glenohumeral","scapular plane elevation",2,10,8,9,9,TRUE,-1202.00807147904,2461.86206927482,19,0.941878925377706,0.183078460775173,5.14467360818795,0.999903322456789,0.949321439397206,0,143.182171106339
"glenohumeral","scapular plane elevation",2,10,9,10,10,TRUE,-1174.82893646592,2413.59284412403,21,0.907720093166851,0.183490317789541,4.9469645270765,0.999912553663452,0.949319044256338,0,205.433403015137
"glenohumeral","scapular plane elevation",2,10,10,11,11,TRUE,-1158.25593103636,2386.53587814035,23,0.8731884443465,0.164029670265196,5.32335670086253,0.999920213618922,0.949363140631708,0,192.804039478302
"glenohumeral","scapular plane elevation",2,10,11,12,12,TRUE,-1176.77260047721,2429.6582618975,25,0.849799038499778,0.16457538490121,5.16358530171379,0.999924130724705,0.949336208220059,0,254.457788467407
"glenohumeral","scapular plane elevation",2,10,12,13,13,TRUE,-1178.09829068298,2438.39868718449,27,0.836144117249209,0.161211592987694,5.18662524048774,0.999928829944267,0.949236826892607,0,354.830086708069
"glenohumeral","scapular plane elevation",2,10,13,14,14,TRUE,-1173.22015171897,2434.73145413191,29,0.825638362414573,0.141421131723176,5.83815411709982,0.999933564160656,0.949124748021008,0,499.910414934158
"glenohumeral","scapular plane elevation",2,10,14,15,15,TRUE,-1194.24897266215,2482.87814089373,31,0.816467176407055,0.150797993499199,5.41431061157583,0.999936051590581,0.949000228328302,0,545.295737504959
"glenohumeral","scapular plane elevation",2,10,15,16,16,TRUE,-1208.76308984687,2517.99542013861,33,0.812757533189757,0.145176916096981,5.59839370500763,0.999938769132399,0.948912823994954,0,473.268720626831
"glenohumeral","scapular plane elevation",2,10,16,17,17,TRUE,-1236.25343083606,2579.06514699245,35,0.807168712790337,0.133292097589074,6.0556381615267,0.999940896846427,0.948863099476478,0,521.069194316864
"glenohumeral","scapular plane elevation",2,10,17,18,18,TRUE,-1263.74747048671,2640.14227116918,37,0.800144590649558,0.124700688329774,6.41652104223799,0.999942967710954,0.948735156958628,0,570.371734380722
"glenohumeral","scapular plane elevation",2,10,18,19,19,TRUE,-1305.63089900892,2729.99817308905,39,0.800357062748314,0.120981782361591,6.61551720536072,0.999943570883414,0.948668470589692,0,553.033883094788
"glenohumeral","scapular plane elevation",2,10,19,20,20,TRUE,-1347.20034786941,2819.22611568548,41,0.798202220336037,0.129064598776774,6.18451711701812,0.999944224664496,0.948617177068492,0,764.661880493164
"glenohumeral","scapular plane elevation",2,10,20,21,21,TRUE,-1379.30389720961,2889.52225924133,43,0.79941753827826,0.116399758482059,6.8678625170986,0.999945566493124,0.948567112115538,0,569.035789251328
"sternoclavicular","sagittal plane elevation",2,8,1,2,2,TRUE,-213.810169563012,433.113400569365,5,0.628233037022398,0.571310847655787,1.09963435772343,0.982861885444306,-0.313239082225859,0,0.934399843215942
"sternoclavicular","sagittal plane elevation",2,8,2,3,3,TRUE,-169.90212796145,347.494541943577,7,0.478595725593371,0.46335772230938,1.03288604581368,0.989447799153845,-0.303858144586118,0,1.05383777618408
"sternoclavicular","sagittal plane elevation",2,8,3,4,4,TRUE,-75.0641515581367,160.015813714286,9,0.37693148284776,0.163059492343785,2.31161938155099,0.995921255041527,-0.303102305283539,0,2.24527883529663
"sternoclavicular","sagittal plane elevation",2,8,4,5,5,TRUE,-69.4100058000248,150.904746775399,11,0.373736737960492,0.228356206577259,1.63663928194589,0.996017960838031,-0.308620558624232,1,3.79218482971191
"sternoclavicular","sagittal plane elevation",2,8,5,6,6,TRUE,-76.2551635483085,166.792286849302,13,0.371428324502438,0.185699237114421,2.00016074526778,0.996149131992602,-0.305485266792467,0,3.63849067687988
"sternoclavicular","sagittal plane elevation",2,8,6,7,7,TRUE,-58.064828925524,132.60884218107,15,0.330418386052405,0.180192153167807,1.83370019306388,0.996798757359537,-0.297560645203062,1,5.954181432724
"sternoclavicular","sagittal plane elevation",2,8,7,8,8,TRUE,-44.6135047450638,107.903418397486,17,0.296169882856042,0.160898454469653,1.84072546770113,0.997385907767438,-0.306079001874781,1,8.70242929458618
"sternoclavicular","sagittal plane elevation",2,8,8,9,9,TRUE,-15.4521218725108,51.7778772297156,19,0.253322222221516,0.150847223882428,1.67932969332573,0.998084761094766,-0.265241493340672,2,59.9621839523315
"sternoclavicular","sagittal plane elevation",2,8,9,10,10,TRUE,-27.1603369680042,77.3915319980387,21,0.259712176994968,0.146495674236649,1.7728317122554,0.998033386067888,-0.265629360037928,1,31.2133085727692
"sternoclavicular","sagittal plane elevation",2,8,10,11,11,TRUE,-31.9276888918804,89.1234604231272,23,0.265723681425267,0.138313275971203,1.92117263913691,0.997977986294172,-0.281676522896584,2,38.904105424881
"sternoclavicular","sagittal plane elevation",2,8,11,12,12,TRUE,-26.0963574857878,79.6580221882783,25,0.24930363723485,0.128898629032356,1.9341061972992,0.99818808701389,-0.295840331807338,1,17.2502481937408
"sternoclavicular","sagittal plane elevation",2,8,12,13,13,TRUE,-19.5363140876641,68.7351599693672,27,0.231247714794236,0.11822568408068,1.95598542391538,0.998402430662618,-0.303940798793231,1,17.9875962734222
"sternoclavicular","sagittal plane elevation",2,8,13,14,14,TRUE,-25.6630013617296,83.1857590948345,29,0.235375906415872,0.104591828302958,2.25042348178567,0.998394341503611,-0.303541615813067,1,44.1077177524567
"sternoclavicular","sagittal plane elevation",2,8,14,15,15,TRUE,-30.3119187996495,94.6808185480105,31,0.237443956102615,0.110073676001661,2.15713660820261,0.998359813620949,-0.306102043561558,1,42.3975207805634
"sternoclavicular","sagittal plane elevation",2,8,15,16,16,TRUE,-30.0373928637073,96.3289912534622,33,0.232176292836831,0.104182405988229,2.22855568207038,0.998457381340225,-0.302392208998013,1,61.3061141967773
"sternoclavicular","sagittal plane elevation",2,8,16,17,17,TRUE,-33.8386151201298,106.128660343643,35,0.229736482251672,0.10555810370553,2.17639834543217,0.99848165755835,-0.299535420587267,1,46.5111246109009
"sternoclavicular","sagittal plane elevation",2,8,17,18,18,TRUE,-36.9069657563207,114.462586193361,37,0.229970928719714,0.10296587544705,2.23346742521483,0.998492709185594,-0.284566139071526,1,79.4884490966797
"sternoclavicular","sagittal plane elevation",2,8,18,19,19,TRUE,-43.0961733826838,129.038226023424,39,0.230979078725218,0.106593285140131,2.16691959931216,0.998460048689601,-0.258409708146389,2,73.0708711147308
"sternoclavicular","sagittal plane elevation",2,8,19,20,20,TRUE,-40.574027797537,126.191159430467,41,0.226243543767095,0.103990180429216,2.17562411021195,0.998520688692395,-0.309217640710926,2,85.2180788516998
"sternoclavicular","sagittal plane elevation",2,8,20,21,21,TRUE,-42.1442242681207,131.52877694897,43,0.22405004413744,0.102312352453067,2.18986308852801,0.998561967782455,-0.28067743183523,3,235.966905117035
"acromioclavicular","sagittal plane elevation",2,11,1,2,2,TRUE,-240.904070575797,487.301202594935,5,0.694866535351278,0.65618651811315,1.05894668081471,0.986887418535919,-0.267466184659333,0,1.08612513542175
"acromioclavicular","sagittal plane elevation",2,11,2,3,3,TRUE,-180.960388315651,369.611062651978,7,0.539819422871547,0.459860954205287,1.17387531586464,0.992911858761848,-0.255123944729566,0,4.69268274307251
"acromioclavicular","sagittal plane elevation",2,11,3,4,4,TRUE,-155.630139304466,321.147789206945,9,0.512741485345735,0.323839941041212,1.58331762196215,0.994802124083716,-0.252522108895727,0,7.19706583023071
"acromioclavicular","sagittal plane elevation",2,11,4,5,5,TRUE,-131.084918103339,274.254571382028,11,0.403593089102612,0.333214684743076,1.21121039252457,0.996113949105955,-0.252854481794586,0,4.41883993148804
"acromioclavicular","sagittal plane elevation",2,11,5,6,6,TRUE,-103.697954748919,221.677869250524,13,0.389908394087205,0.233021228739815,1.67327413127053,0.997044908729236,-0.250940650400163,0,8.85288166999817
"acromioclavicular","sagittal plane elevation",2,11,6,7,7,TRUE,-109.218838216089,234.9168607622,15,0.388600184985682,0.251210210306246,1.54691238270907,0.996961259968556,-0.252308230785366,1,17.6140010356903
"acromioclavicular","sagittal plane elevation",2,11,7,8,8,TRUE,-100.245049675528,219.166508258414,17,0.376027406189557,0.22488520444889,1.67208601878039,0.99728609558106,-0.250894219044063,1,21.1522817611694
"acromioclavicular","sagittal plane elevation",2,11,8,9,9,TRUE,-94.9619964473882,210.797626379471,19,0.353805635085903,0.220921090370661,1.60150230334409,0.99754288793558,-0.247919279998167,1,17.7493581771851
"acromioclavicular","sagittal plane elevation",2,11,9,10,10,TRUE,-101.151276481826,225.373411025681,21,0.373473610730871,0.213294703432731,1.75097461268491,0.997359050348071,-0.239756176442386,2,26.7085316181183
"acromioclavicular","sagittal plane elevation",2,11,10,11,11,TRUE,-85.4489869574533,196.166056554273,23,0.331966133606817,0.199297937015469,1.66567772139584,0.997867737347305,-0.257112395956365,2,17.787239074707
"acromioclavicular","sagittal plane elevation",2,11,11,12,12,TRUE,-81.0735321251264,189.612371466955,25,0.308601834959768,0.204975746297326,1.50555292776994,0.998063255357622,-0.257292463526775,2,41.228714466095
"acromioclavicular","sagittal plane elevation",2,11,12,13,13,TRUE,-83.1286494602235,195.919830714486,27,0.318460411125111,0.189307068066631,1.68224258279158,0.998068416329509,-0.249009447223605,2,33.1510229110718
"acromioclavicular","sagittal plane elevation",2,11,13,14,14,TRUE,-87.6096402997636,207.079036970902,29,0.317922017295429,0.196430214073265,1.61849855326661,0.998018354995592,-0.260187250867625,3,398.088551044464
"acromioclavicular","sagittal plane elevation",2,11,14,15,15,TRUE,-81.5079231936223,197.072827335956,31,0.299168232568881,0.18029384701827,1.65933689649744,0.998248903681052,-0.262263298329568,3,261.030359506607
"acromioclavicular","sagittal plane elevation",2,11,15,16,16,TRUE,-90.9236869540294,218.101579434106,33,0.305623751969316,0.196660089573434,1.55407105037036,0.998134825937771,-0.244145379928937,2,110.432791948318
"acromioclavicular","sagittal plane elevation",2,11,16,17,17,TRUE,-87.0849508948056,212.621331892995,35,0.307181409984628,0.16490816137697,1.86274231317412,0.998268156282274,-0.24906927133179,3,238.361758232117
"acromioclavicular","sagittal plane elevation",2,11,17,18,18,TRUE,-89.3794256138605,219.407505908441,37,0.292115924301251,0.172134135988128,1.69702495454706,0.998371924537904,-0.26166708571307,2,737.505565166473
"acromioclavicular","sagittal plane elevation",2,11,18,19,19,TRUE,-92.749192015906,228.344263289868,39,0.297980508240751,0.167085306669075,1.78340342535879,0.998346716937027,-0.25831165703984,2,420.339556217194
"acromioclavicular","sagittal plane elevation",2,11,19,20,20,TRUE,-89.8520659109557,224.747235657304,41,0.291379280088893,0.162357514655281,1.79467689381395,0.998422950050201,-0.297091319669107,3,345.384004592896
"acromioclavicular","sagittal plane elevation",2,11,20,21,21,TRUE,-92.9632496237496,233.166827660228,43,0.283764865305811,0.167898863476197,1.69009402107144,0.998427018507715,-0.288504914176711,4,215.103930473328
"scapulothoracic","sagittal plane elevation",2,9,1,2,2,TRUE,-3073.58188289643,6163.2581449172,5,1.99199698769336,0.905757515493666,2.19926078847677,0.995305650395947,0.709563130000848,0,11.6271760463715
"scapulothoracic","sagittal plane elevation",2,9,2,3,3,TRUE,-2225.39177979559,4473.31569036525,7,1.24962362030304,0.501112628264935,2.49369812257529,0.998258417305905,0.709132712509652,0,12.3580029010773
"scapulothoracic","sagittal plane elevation",2,9,3,4,4,TRUE,-1523.82208405162,3076.61405052704,9,0.852418229244698,0.355062429348483,2.40075592004716,0.999253264694815,0.710194419598308,0,21.5508441925049
"scapulothoracic","sagittal plane elevation",2,9,4,5,5,TRUE,-1181.24701816055,2397.90167039465,11,0.836843515202721,0.247863940917417,3.37622129344558,0.999532459514026,0.707875590633315,0,25.8560497760773
"scapulothoracic","sagittal plane elevation",2,9,5,6,6,TRUE,-1014.21260158131,2070.27058888591,13,0.821327373831621,0.206317079822759,3.9808985981054,0.9996398993175,0.70790957889496,0,36.035656452179
"scapulothoracic","sagittal plane elevation",2,9,6,7,7,TRUE,-989.349714179875,2026.98256573277,15,0.795187462969754,0.201106300854392,3.9540653852785,0.999670440226063,0.70874195447535,0,48.0955772399902
"scapulothoracic","sagittal plane elevation",2,9,7,8,8,TRUE,-923.828221560758,1902.37733214427,17,0.779854312994132,0.181132535291703,4.30543475658984,0.999708127034455,0.706108342210532,0,72.3558757305145
"scapulothoracic","sagittal plane elevation",2,9,8,9,9,TRUE,-890.481630729481,1842.12190213146,19,0.766072692315479,0.165765567490558,4.62142231292465,0.999741393659818,0.706658373335505,0,134.322826385498
"scapulothoracic","sagittal plane elevation",2,9,9,10,10,TRUE,-860.6143345753,1788.82506147283,21,0.74702451633438,0.158027737045227,4.72717340830227,0.999769694654567,0.706103322357207,0,140.321096420288
"scapulothoracic","sagittal plane elevation",2,9,10,11,11,TRUE,-881.300499080921,1836.63514213381,23,0.738449167981971,0.140718265703224,5.2477136801797,0.999782348296499,0.705931285231112,0,164.069367170334
"scapulothoracic","sagittal plane elevation",2,9,11,12,12,TRUE,-894.778113860797,1870.0281233433,25,0.736830522831086,0.124017441972485,5.94134591966959,0.999795440612479,0.706067271819081,0,152.802015066147
"scapulothoracic","sagittal plane elevation",2,9,12,13,13,TRUE,-955.966063086825,1998.84177344509,27,0.737739003450269,0.114649756946351,6.43471929727234,0.999794654370019,0.706387699044791,0,263.955110549927
"scapulothoracic","sagittal plane elevation",2,9,13,14,14,TRUE,-985.926740430672,2065.20087978252,29,0.738019338619103,0.112557220802393,6.55683689911623,0.999800534069964,0.706829726572184,0,358.931616306305
"scapulothoracic","sagittal plane elevation",2,9,14,15,15,TRUE,-1034.63592533512,2169.05700124116,31,0.738276909347496,0.109881424406333,6.71885091894516,0.999799074833268,0.706942906328128,0,502.959213733673
"scapulothoracic","sagittal plane elevation",2,9,15,16,16,TRUE,-1052.93303036415,2212.08896294896,33,0.736907303208043,0.104359851269245,7.06121457864907,0.999805682516689,0.706515156454228,0,302.633059501648
"scapulothoracic","sagittal plane elevation",2,9,16,17,17,TRUE,-1068.6835753614,2250.02780459319,35,0.734972518602741,0.105646870688771,6.95687921290089,0.999813456275204,0.706191077375375,0,421.599907875061
"scapulothoracic","sagittal plane elevation",2,9,17,18,18,TRUE,-1096.79672490715,2312.69185533442,37,0.7342867024542,0.10548070263437,6.96133685229115,0.999818655597515,0.70626439261126,0,465.515913009644
"scapulothoracic","sagittal plane elevation",2,9,18,19,19,TRUE,-1112.53629120348,2350.60873957682,39,0.731880271026203,0.103267835999206,7.08720449058144,0.999826770462737,0.706576034275568,0,437.78013586998
"scapulothoracic","sagittal plane elevation",2,9,19,20,20,TRUE,-1144.02489597095,2420.02370076149,41,0.729633682020233,0.100745384111901,7.2423534681232,0.999831129674082,0.706735708764369,0,535.851307630539
"scapulothoracic","sagittal plane elevation",2,9,20,21,21,TRUE,-1163.19022805223,2464.79211657379,43,0.725510347218394,0.101534847337883,7.1454319993615,0.999837260664399,0.706782552498227,0,530.243919849396
"glenohumeral","sagittal plane elevation",2,13,1,2,2,TRUE,-3041.51307615861,6098.91642146896,5,3.2497866359974,1.10060684475555,2.95272253800965,0.99693090469128,0.91344582812348,0,9.23456335067749
"glenohumeral","sagittal plane elevation",2,13,2,3,3,TRUE,-2117.70987101983,4257.6661188521,7,1.4537847494044,0.605414869366264,2.40130334249338,0.999123534966239,0.912586808119858,0,10.338050365448
"glenohumeral","sagittal plane elevation",2,13,3,4,4,TRUE,-1547.06977848578,3122.74204144469,9,1.16151907202115,0.368383007551576,3.15302022137525,0.999618098460621,0.913643447645948,0,16.3287687301636
"glenohumeral","sagittal plane elevation",2,13,4,5,5,TRUE,-1263.80832874517,2562.57524962417,11,0.871437909511373,0.334621512495825,2.60424950868108,0.999761719006164,0.912854159725932,0,24.2314367294312
"glenohumeral","sagittal plane elevation",2,13,5,6,6,TRUE,-939.564311262468,1920.44332231946,13,0.718153776522293,0.243317816439568,2.95150510156192,0.999859165435382,0.912707325485591,0,38.7191905975342
"glenohumeral","sagittal plane elevation",2,13,6,7,7,TRUE,-914.024091358751,1875.71899017272,15,0.682060017537876,0.237057846177887,2.87718811477795,0.999877253410821,0.913274340642557,0,48.9142475128174
"glenohumeral","sagittal plane elevation",2,13,7,8,8,TRUE,-805.437634679527,1664.90218447497,17,0.655217640425713,0.186974024289206,3.50432442643605,0.999903578644625,0.912900398808901,0,56.3823359012604
"glenohumeral","sagittal plane elevation",2,13,8,9,9,TRUE,-837.714448645694,1735.811920068,19,0.641497918511348,0.184085404208907,3.48478425689498,0.999907812274547,0.9128994889772,0,89.797575712204
"glenohumeral","sagittal plane elevation",2,13,9,10,10,TRUE,-806.27152599428,1679.28218242587,21,0.604013401500707,0.164795459963194,3.66523083606557,0.999919937573701,0.91281837541173,0,104.402446508408
"glenohumeral","sagittal plane elevation",2,13,10,11,11,TRUE,-820.019166573233,1713.13357124447,23,0.58567257246613,0.152784501724386,3.83332449205253,0.999926336402451,0.912814113287965,0,146.42726111412
"glenohumeral","sagittal plane elevation",2,13,11,12,12,TRUE,-811.206681715707,1701.86470919011,25,0.57704776486644,0.140188182285359,4.1162368714635,0.999934678065597,0.912858706633464,0,162.146111488342
"glenohumeral","sagittal plane elevation",2,13,12,13,13,TRUE,-839.64585363818,1765.09916069575,27,0.565801752528841,0.134997492323459,4.19120194598252,0.999938955716626,0.912792934371993,0,175.888852596283
"glenohumeral","sagittal plane elevation",2,13,13,14,14,TRUE,-785.975779659683,1664.11512039946,29,0.555347093316029,0.123695078861348,4.48964581637502,0.999949708069304,0.912823432165443,0,253.873946666718
"glenohumeral","sagittal plane elevation",2,13,14,15,15,TRUE,-795.548268478772,1689.61620569833,31,0.539240251532982,0.125344670206561,4.30205967788134,0.999954171512693,0.9129136174373,0,246.826655387878
"glenohumeral","sagittal plane elevation",2,13,15,16,16,TRUE,-818.49913124022,1741.87403888192,33,0.529519216793,0.1147464124062,4.61469082726973,0.999957388484414,0.912984590260514,0,338.966905117035
"glenohumeral","sagittal plane elevation",2,13,16,17,17,TRUE,-838.342744621679,1787.91737330554,35,0.523237836761055,0.117391882305035,4.45718925778408,0.999960369040749,0.912976789785125,0,300.129889011383
"glenohumeral","sagittal plane elevation",2,13,17,18,18,TRUE,-877.38974997611,1872.36749167509,37,0.515492167603523,0.104436606198158,4.93593373405326,0.999961658264109,0.912991714915859,0,449.396678209305
"glenohumeral","sagittal plane elevation",2,13,18,19,19,TRUE,-914.662892973471,1953.26988533051,39,0.510681468968919,0.0948752049915128,5.38266524973098,0.999962950420601,0.913041470684512,0,308.237694263458
"glenohumeral","sagittal plane elevation",2,13,19,20,20,TRUE,-949.374744498555,2029.04969604138,41,0.503344178693987,0.088142170520707,5.710594324152,0.999964225732766,0.913027254857342,0,403.155553340912
"glenohumeral","sagittal plane elevation",2,13,20,21,21,TRUE,-1001.67247492016,2140.00126454528,43,0.498631818340195,0.0905731373595951,5.50529475820758,0.999964479221493,0.913002108342077,0,458.423697471619
"sternoclavicular","horizontal flexion",2,11,1,2,2,TRUE,-1627.04128147545,3265.59548841588,5,2.73556023653261,1.05329532861786,2.59714456355011,0.916029802111903,0.000199299493557792,0,1.10400724411011
"sternoclavicular","horizontal flexion",2,11,2,3,3,TRUE,-565.50180174398,1147.12169913892,7,0.795880556293129,0.312303068012216,2.54842375183454,0.992696480403836,0.0236342717402815,0,2.16066789627075
"sternoclavicular","horizontal flexion",2,11,3,4,4,TRUE,-406.819901996917,834.36306983078,9,0.707070811889116,0.208674713579439,3.38838759982266,0.995231217553268,0.0303923521579172,0,3.45197248458862
"sternoclavicular","horizontal flexion",2,11,4,5,5,TRUE,-77.2698240815038,179.868084185942,11,0.446806659091046,0.130985153405591,3.4111244478794,0.997912653483413,-0.0520348314251597,0,5.24480628967285
"sternoclavicular","horizontal flexion",2,11,5,6,6,TRUE,162.183946163087,-294.434286117251,13,0.329328033466948,0.105904153625136,3.10968004741963,0.99885370250991,-0.07380242970219,0,7.93531322479248
"sternoclavicular","horizontal flexion",2,11,6,7,7,TRUE,321.397496098488,-608.256215802066,15,0.236239732704374,0.0770144348131991,3.06747343244654,0.999333614843955,-0.326524115741713,0,13.1396148204803
"sternoclavicular","horizontal flexion",2,11,7,8,8,TRUE,461.206848037594,-883.269749494289,17,0.198984890707467,0.0505951263565746,3.93288652557362,0.99949082122652,-0.53431171476768,0,13.3641016483307
"sternoclavicular","horizontal flexion",2,11,8,9,9,TRUE,597.728710420014,-1151.70830407314,19,0.174193707685679,0.039507755607083,4.40910158041094,0.999654041105163,-0.640490243821508,0,15.8154323101044
"sternoclavicular","horizontal flexion",2,11,9,10,10,TRUE,611.055582199091,-1173.75687744531,21,0.158517024123549,0.0316958875166815,5.00118584911438,0.999677481613623,-0.224678767121838,0,16.6127316951752
"sternoclavicular","horizontal flexion",2,11,10,11,11,TRUE,677.19299933815,-1301.42654153744,23,0.156885408930871,0.030839634670451,5.08713577859566,0.999741718116059,-0.227698353677732,0,22.4297652244568
"sternoclavicular","horizontal flexion",2,11,11,12,12,TRUE,699.857484710755,-1342.15034209666,25,0.156088268837739,0.0273142525427034,5.71453561080279,0.99976987487433,-0.360020095339622,0,25.0356986522675
"sternoclavicular","horizontal flexion",2,11,12,13,13,TRUE,679.97055549507,-1297.7713134793,27,0.155647376077615,0.0243877396068064,6.38219771848698,0.999772887966273,-0.659979850657911,0,27.4416973590851
"sternoclavicular","horizontal flexion",2,11,13,14,14,TRUE,690.382338267341,-1313.98970883786,29,0.155570200093635,0.0222083069216762,7.00504548330932,0.999792567432587,-0.864479229242191,0,33.1100974082947
"sternoclavicular","horizontal flexion",2,11,14,15,15,TRUE,694.593350854226,-1317.80656382564,31,0.155694942568867,0.0204721389022399,7.60521132219515,0.999808322459768,-1.09045357221934,0,44.843165397644
"sternoclavicular","horizontal flexion",2,11,15,16,16,TRUE,668.301489996995,-1260.61767192519,33,0.156066229219676,0.0212148873185576,7.35644865212917,0.999805387700765,-1.0925701179135,0,69.9929974079132
"sternoclavicular","horizontal flexion",2,11,16,17,17,TRUE,666.326733677806,-1252.06298910082,35,0.156465466984025,0.0196998662067217,7.94246343310893,0.999815042309223,-0.977648637059894,0,58.917266368866
"sternoclavicular","horizontal flexion",2,11,17,18,18,TRUE,660.269131342579,-1235.34261424438,37,0.160264289230252,0.0220623727550622,7.26414565692981,0.999816024757695,-0.212996165959137,0,62.482766866684
"sternoclavicular","horizontal flexion",2,11,18,19,19,TRUE,643.791740849283,-1197.7826630718,39,0.158854252887057,0.0199720869074759,7.95381342084962,0.999819874114661,-0.187855343581147,0,125.319784402847
"sternoclavicular","horizontal flexion",2,11,19,20,20,TRUE,637.086881920337,-1179.76777502792,41,0.157592221239492,0.0199010993654663,7.91876962902644,0.999825981566068,-0.156542124729497,0,386.023294687271
"sternoclavicular","horizontal flexion",2,11,20,21,21,TRUE,637.054276902227,-1175.09739480571,43,0.157092054637738,0.0185951832891902,8.44799710735085,0.999835090141062,-0.130673228468464,0,92.5686535835266
"acromioclavicular","horizontal flexion",2,15,1,2,2,TRUE,-1630.18725109939,3271.36062508546,5,2.08558422171384,1.29983414133243,1.60450026306891,0.974759095460663,0.00329605585079562,0,1.25387358665466
"acromioclavicular","horizontal flexion",2,15,2,3,3,TRUE,-908.191598368719,1831.76376877879,7,1.04030918207253,0.476734145054205,2.1821579026068,0.995406564373621,-0.0237816704267602,0,2.07907342910767
"acromioclavicular","horizontal flexion",2,15,3,4,4,TRUE,-444.819585249913,909.414191695852,9,0.509253088105487,0.328423263827297,1.55059992453299,0.998522908779179,-0.0208359069990185,0,4.01805639266968
"acromioclavicular","horizontal flexion",2,15,4,5,5,TRUE,-246.6000664631,517.369603276899,11,0.451501563065097,0.226229053568387,1.99577178944707,0.999144687507475,-0.0267483497280614,0,6.25984263420105
"acromioclavicular","horizontal flexion",2,15,5,6,6,TRUE,-140.545809509664,309.655538524699,13,0.327686791316608,0.141586220287971,2.31439747914824,0.999396960643506,-0.0302914987267267,0,6.83854722976685
"acromioclavicular","horizontal flexion",2,15,6,7,7,TRUE,79.9472940216392,-126.936219383235,15,0.288281834419111,0.0860545245308833,3.34999043909252,0.999665229589699,-0.0297399516829131,0,10.1195547580719
"acromioclavicular","horizontal flexion",2,15,7,8,8,TRUE,233.180604458514,-429.008391102313,17,0.246003186084888,0.0750334061637564,3.27858214976939,0.999783268975827,-0.0311940038723437,0,10.8749325275421
"acromioclavicular","horizontal flexion",2,15,8,9,9,TRUE,340.064130378015,-638.380993786642,19,0.207268228483224,0.0599265920342905,3.45870207944786,0.999843099597089,-0.0278600243776321,0,22.1585066318512
"acromioclavicular","horizontal flexion",2,15,9,10,10,TRUE,436.720912094131,-827.300108064202,21,0.167940120752632,0.0446864304667116,3.75819055132935,0.999882063620002,-0.0260904459035054,0,23.9852976799011
"acromioclavicular","horizontal flexion",2,15,10,11,11,TRUE,520.888423081194,-991.240680883655,23,0.158890078931589,0.0373560398564952,4.25339729644714,0.999906662746148,-0.0265116320358154,0,42.3428037166595
"acromioclavicular","horizontal flexion",2,15,11,12,12,TRUE,602.191507976272,-1149.45240151914,25,0.137103932945952,0.0427517159297617,3.20698081852913,0.999925799253407,-0.0238828923629024,0,29.0026216506958
"acromioclavicular","horizontal flexion",2,15,12,13,13,TRUE,622.461863468185,-1185.59866334829,27,0.133774698075121,0.0444008088745275,3.01288876185015,0.999932017851564,-0.0267545303841625,0,37.3779118061066
"acromioclavicular","horizontal flexion",2,15,13,14,14,TRUE,656.037503603487,-1248.35549446422,29,0.118016567220306,0.0465410188991917,2.53575383632944,0.999941124972904,-0.0303121568642808,1,121.047160625458
"acromioclavicular","horizontal flexion",2,15,14,15,15,TRUE,657.671735490255,-1247.22950908309,31,0.116479915989196,0.0440749298588051,2.64277030870704,0.999944922481299,-0.0292241774810547,0,37.1947264671326
"acromioclavicular","horizontal flexion",2,15,15,16,16,TRUE,672.940428693721,-1273.37244633535,33,0.109586415657809,0.0418794015509642,2.61671398347109,0.999950305479423,-0.030853675158343,0,69.5527181625366
"acromioclavicular","horizontal flexion",2,15,16,17,17,TRUE,673.641674735386,-1270.380489264,35,0.109478334416543,0.0392813796186562,2.78702875202854,0.999953437826941,-0.0334210851548011,0,81.9431381225586
"acromioclavicular","horizontal flexion",2,15,17,18,18,TRUE,672.984574652599,-1264.67183994376,37,0.107394373823544,0.0366152830902274,2.93304775382736,0.999956180222314,-0.036137009422943,0,68.3768126964569
"acromioclavicular","horizontal flexion",2,15,18,19,19,TRUE,669.754823901965,-1253.81788928782,39,0.108404356565453,0.0305098443467321,3.55309438270091,0.99995824819605,-0.0292303544036268,0,61.594601392746
"acromioclavicular","horizontal flexion",2,15,19,20,20,TRUE,657.81246301182,-1225.53871835286,41,0.108681713630436,0.0252207799601309,4.30921302997927,0.999959551700918,-0.0223061231804298,0,68.1682662963867
"acromioclavicular","horizontal flexion",2,15,20,21,21,TRUE,641.395099394395,-1188.30954196333,43,0.109797851443802,0.0218137613261356,5.03342132529207,0.999960540617501,-0.0222485796380565,0,92.9233622550964
"scapulothoracic","horizontal flexion",2,9,1,2,2,TRUE,-339.650251618059,689.030053981394,5,0.830212620125545,0.360064677391093,2.30573192055657,0.993280716435596,0.0652522011450775,0,0.666634321212769
"scapulothoracic","horizontal flexion",2,9,2,3,3,TRUE,-246.68448377571,506.990338594806,7,0.668903249514855,0.287605734422289,2.3257646474208,0.996087075959865,0.0637402556701989,0,2.57996892929077
"scapulothoracic","horizontal flexion",2,9,3,4,4,TRUE,-95.6925112950298,208.898213931557,9,0.397706037195353,0.198427236879488,2.00429156525973,0.99833503147677,0.0664750477539489,0,2.07259202003479
"scapulothoracic","horizontal flexion",2,9,4,5,5,TRUE,-49.7424810791447,120.889973797898,11,0.321213666647972,0.15649398625303,2.05256236574236,0.998807929410784,0.0699941679088021,0,3.08996605873108
"scapulothoracic","horizontal flexion",2,9,5,6,6,TRUE,-22.4890344624673,70.2749008626538,13,0.27232171397592,0.155007679069614,1.75682724630449,0.999067413359754,0.0674453783192657,0,3.15306329727173
"scapulothoracic","horizontal flexion",2,9,6,7,7,TRUE,11.1650805183453,6.85849119913903,15,0.21917656397503,0.130422063460922,1.68051753023139,0.999318428014169,0.0661491470991488,0,5.01155519485474
"scapulothoracic","horizontal flexion",2,9,7,8,8,TRUE,31.9569463733704,-30.8334202128004,17,0.186634919295619,0.128679085552318,1.45039046939557,0.999485871022174,0.0631710567373593,0,5.66478538513184
"scapulothoracic","horizontal flexion",2,9,8,9,9,TRUE,41.7787403363451,-46.5851878406392,19,0.164132826747108,0.122745998441738,1.33717456235459,0.999582563189898,0.0638048863287723,0,7.65234041213989
"scapulothoracic","horizontal flexion",2,9,9,10,10,TRUE,47.071928343748,-53.2797435573344,21,0.149928545484906,0.116427215202559,1.28774483890267,0.999650767589426,0.0640483437073716,0,11.7992227077484
"scapulothoracic","horizontal flexion",2,9,10,11,11,TRUE,41.8441223547715,-38.9323112812708,23,0.141820770834386,0.106810512879632,1.32777913906478,0.999685288386037,0.0662118212056,0,7.70407724380493
"scapulothoracic","horizontal flexion",2,9,11,12,12,TRUE,35.2995670336549,-21.9513803409269,25,0.147376447192547,0.0943603314680643,1.56184749353521,0.999692890423226,0.0702754813962165,0,14.1025893688202
"scapulothoracic","horizontal flexion",2,9,12,13,13,TRUE,28.5821818695677,-4.62478971464196,27,0.154333130736312,0.0868165013668359,1.77769350649354,0.999701185999631,0.0732566170263518,0,11.8226511478424
"scapulothoracic","horizontal flexion",2,9,13,14,14,TRUE,25.2082236274005,6.01494706780303,29,0.147997230344361,0.0751024792723447,1.97060379069082,0.999725379873014,0.0735000968664198,0,9.89594006538391
"scapulothoracic","horizontal flexion",2,9,14,15,15,TRUE,17.3404364812143,25.6423416582861,31,0.139174206353473,0.0758788928582494,1.83416232249813,0.999744263407498,0.0715143718038288,0,12.226389169693
"scapulothoracic","horizontal flexion",2,9,15,16,16,TRUE,10.9697927082502,42.2754495023249,33,0.137018426247724,0.0797337216015304,1.71845015503571,0.99976537489157,0.067814074627067,0,22.4146454334259
"scapulothoracic","horizontal flexion",2,9,16,17,17,TRUE,2.959628976397,62.187597264142,35,0.136615508231355,0.0745796141890752,1.83180765570878,0.999779283541838,0.0643884595023753,0,20.531441450119
"scapulothoracic","horizontal flexion",2,9,17,18,18,TRUE,-5.49630586143457,82.9912872379157,37,0.136269479844115,0.0676341079990438,2.01480412584197,0.999775147408423,0.0685265766504924,0,31.9584016799927
"scapulothoracic","horizontal flexion",2,9,18,19,19,TRUE,-4.73566691168831,85.3618296365338,39,0.137102244246814,0.0767229542484574,1.78697816826534,0.999761571756503,0.0725112435514769,0,24.8981409072876
"scapulothoracic","horizontal flexion",2,9,19,20,20,TRUE,-6.4359941128691,92.6543043370061,41,0.138215505962632,0.0829156124501666,1.66694186870658,0.999758927144036,0.0730035380076272,0,23.6709756851196
"scapulothoracic","horizontal flexion",2,9,20,21,21,TRUE,-1.99406639790377,87.662269205186,43,0.144091854756403,0.0741753891576293,1.94258306417773,0.999746811795899,0.0741788469486342,0,69.0121502876282
"glenohumeral","horizontal flexion",2,11,1,2,2,TRUE,-2240.87714617558,4492.74041523783,5,6.03108856470711,1.53110289835194,3.9390484932129,0.907037138884091,0.208364841543779,0,2.86968970298767
"glenohumeral","horizontal flexion",2,11,2,3,3,TRUE,-1245.54975593124,2506.48008390384,7,1.28313804057255,0.628087134694065,2.04292998486198,0.990932658604242,0.215283954515849,0,6.18760943412781
"glenohumeral","horizontal flexion",2,11,3,4,4,TRUE,-687.460913841033,1394.69684887809,9,0.591749643825171,0.416626752542791,1.42033520462514,0.997648922788431,0.235732797191193,0,7.14384984970093
"glenohumeral","horizontal flexion",2,11,4,5,5,TRUE,-448.207990033087,920.585450416873,11,0.520323068833761,0.274276948462478,1.89707181646343,0.998728110228286,0.234769630121136,0,11.5232865810394
"glenohumeral","horizontal flexion",2,11,5,6,6,TRUE,-313.364187731781,655.292294968932,13,0.514756912866595,0.239515501356884,2.14915907300545,0.999130100423477,0.235617982483154,0,16.4294316768646
"glenohumeral","horizontal flexion",2,11,6,7,7,TRUE,-103.644367333458,240.247103326958,15,0.429778550601299,0.116619776031184,3.68529734173368,0.999543204195546,0.231606083225558,0,19.9337823390961
"glenohumeral","horizontal flexion",2,11,7,8,8,TRUE,30.327995674061,-23.3031735334063,17,0.368376833382117,0.0981686619951725,3.75248909270285,0.99966615874772,0.233546710921304,0,24.9892113208771
"glenohumeral","horizontal flexion",2,11,8,9,9,TRUE,134.829479777549,-227.91169258571,19,0.327712417203624,0.0804969486875413,4.0711160180205,0.999757215495146,0.232826516597042,0,28.6838531494141
"glenohumeral","horizontal flexion",2,11,9,10,10,TRUE,168.699120044906,-291.256523965752,21,0.309297599744063,0.0715720392009139,4.32148647987821,0.999790295480875,0.234479556615962,0,35.7045786380768
"glenohumeral","horizontal flexion",2,11,10,11,11,TRUE,182.278379939479,-314.020594600226,23,0.304732469628205,0.0641226825144315,4.75233501904138,0.999810617463451,0.234528535269458,0,41.3800258636475
"glenohumeral","horizontal flexion",2,11,11,12,12,TRUE,192.349122368108,-329.767630302811,25,0.302500591489037,0.0535558618103074,5.64831899373556,0.999828341309476,0.234869389790986,0,44.4727697372437
"glenohumeral","horizontal flexion",2,11,12,13,13,TRUE,173.871882081141,-288.418700574204,27,0.300421197967104,0.0530421536865428,5.66381975631059,0.99983312528311,0.233674548945265,0,52.4615259170532
"glenohumeral","horizontal flexion",2,11,13,14,14,TRUE,156.550176037283,-249.380839331815,29,0.298933487721347,0.0547038174453376,5.46458184604857,0.999838089311416,0.231870195734994,0,67.6756119728088
"glenohumeral","horizontal flexion",2,11,14,15,15,TRUE,143.430667201282,-218.747372505141,31,0.298003527301535,0.0518700874877438,5.745190373391,0.999844046071396,0.231148852217066,0,68.0904896259308
"glenohumeral","horizontal flexion",2,11,15,16,16,TRUE,132.301347711016,-192.094284369937,33,0.297096562434803,0.0429311904593943,6.92029639186936,0.999851040673713,0.228060893855135,0,109.240694761276
"glenohumeral","horizontal flexion",2,11,16,17,17,TRUE,113.940188297366,-150.977516387963,35,0.296284405275865,0.0457180242025652,6.48069137815541,0.999855223846495,0.226051701566834,0,92.2983765602112
"glenohumeral","horizontal flexion",2,11,17,18,18,TRUE,85.9806259752983,-90.6639425891565,37,0.296114427747499,0.0476832819123668,6.21002615322712,0.999854379430171,0.225377831170974,0,118.448767185211
"glenohumeral","horizontal flexion",2,11,18,19,19,TRUE,73.8314027152942,-61.9710469144759,39,0.297009124463569,0.0381767205612858,7.77984908333795,0.999858902657854,0.227464877590571,0,103.474045038223
"glenohumeral","horizontal flexion",2,11,19,20,20,TRUE,47.7670595832161,-5.44791149564718,41,0.297496905090924,0.0389488192511065,7.63814952060384,0.999858702908617,0.229144735514645,0,114.270769357681
"glenohumeral","horizontal flexion",2,11,20,21,21,TRUE,30.5256581912029,33.4293404430517,43,0.29792088757845,0.0415060833648961,7.17776440044491,0.999862413986505,0.229802451846703,0,126.503991127014
"sternoclavicular","internal-external rotation 0 degree-abducted",2,17,1,2,2,TRUE,219.801971284118,-427.179409319297,5,0.317378573264795,0.14796796684514,2.14491406506217,0.998516507667029,0.0140479049731145,0,4.61394882202148
"sternoclavicular","internal-external rotation 0 degree-abducted",2,17,2,3,3,TRUE,414.475371696479,-811.556396844442,7,0.314616239063131,0.107146847654614,2.93630886908862,0.999032610302963,0.0754441399215661,0,8.35453081130981
"sternoclavicular","internal-external rotation 0 degree-abducted",2,17,3,4,4,TRUE,1008.02760143086,-1993.69104301362,9,0.125882015209331,0.0714241116988425,1.76245825415525,0.999687586625968,-0.279541530196216,0,16.8594768047333
"sternoclavicular","internal-external rotation 0 degree-abducted",2,17,4,5,5,TRUE,1236.95678351461,-2446.57959388155,11,0.113909693463729,0.0612892834407336,1.85855808828111,0.999795070165469,-0.148035095972509,0,29.8784976005554
"sternoclavicular","internal-external rotation 0 degree-abducted",2,17,5,6,6,TRUE,1498.40962557584,-2964.51546470444,13,0.101642858290233,0.0423123600002967,2.40220253111667,0.999869548519747,-0.0913884913606677,0,30.407398223877
"sternoclavicular","internal-external rotation 0 degree-abducted",2,17,6,7,7,TRUE,1533.61030111337,-3029.94700247993,15,0.102266851985931,0.0338476296946473,3.02138888035944,0.999884387587376,0.00609189526103082,0,32.912876367569
"sternoclavicular","internal-external rotation 0 degree-abducted",2,17,7,8,8,TRUE,1562.47966672641,-3082.71592040642,17,0.103741189746818,0.0273085250052995,3.79885730652555,0.999894373526153,-0.0668009548735264,0,43.5784287452698
"sternoclavicular","internal-external rotation 0 degree-abducted",2,17,8,9,9,TRUE,1625.58799815785,-3203.96276996972,19,0.10268766573716,0.0281419067752336,3.64892352736848,0.999898031169469,-0.0971669173985683,0,54.6437480449677
"sternoclavicular","internal-external rotation 0 degree-abducted",2,17,9,10,10,FALSE,NA,NA,NA,NA,NA,NA,NA,NA,NA,2320.01188969612
"sternoclavicular","internal-external rotation 0 degree-abducted",2,17,10,11,11,FALSE,NA,NA,NA,NA,NA,NA,NA,NA,NA,1237.96978926659
"sternoclavicular","internal-external rotation 0 degree-abducted",2,17,11,12,12,TRUE,1790.05361883746,-3517.98457143021,25,0.080392351769166,0.0255049137841814,3.15203385706118,0.999926850139497,0.0276793346022568,1,234.233674049377
"sternoclavicular","internal-external rotation 0 degree-abducted",2,17,12,13,13,TRUE,1875.82989701345,-3684.56731448262,27,0.0802045628036586,0.0218807459625615,3.66553146500995,0.999938861672347,0.0293120973648878,2,1050.6137843132
"sternoclavicular","internal-external rotation 0 degree-abducted",2,17,13,14,14,TRUE,1926.59269187755,-3781.12309091124,29,0.0800566380893453,0.0204276818245914,3.91902707202786,0.99994650322626,0.0376563092708294,0,229.522938728333
"sternoclavicular","internal-external rotation 0 degree-abducted",2,17,14,15,15,TRUE,1964.27333624598,-3851.51456634854,31,0.0799467251672056,0.0223054981014258,3.58417125695548,0.999950122069616,0.0286975869415196,0,271.11699461937
"sternoclavicular","internal-external rotation 0 degree-abducted",2,17,15,16,16,TRUE,1988.84224803137,-3895.68257661973,33,0.0800465646312738,0.0179874114479855,4.45014363866339,0.999954929185031,0.0286923779050263,0,550.024057149887
"sternoclavicular","internal-external rotation 0 degree-abducted",2,17,16,17,17,TRUE,1983.71906441446,-3880.46639608633,35,0.0802969342038506,0.0161532336527608,4.97095107580065,0.999955235401322,0.0229937755372753,0,170.243933677673
"sternoclavicular","internal-external rotation 0 degree-abducted",2,17,17,18,18,TRUE,1998.93130100229,-3905.92105596242,37,0.0797473030927752,0.016491880251072,4.83554948730552,0.999957851750956,0.0195412195133883,1,1401.91583395004
"sternoclavicular","internal-external rotation 0 degree-abducted",2,17,18,19,19,TRUE,1995.88747854712,-3894.86359775252,39,0.0795577276199826,0.0138649162252743,5.73806046335551,0.999959961618376,0.00077643258562643,1,1696.9508998394
"sternoclavicular","internal-external rotation 0 degree-abducted",2,17,19,20,20,TRUE,2003.00799713082,-3904.13482162032,41,0.0795570723573238,0.0149641674902864,5.31650507179677,0.999960501207362,-0.0215596016857666,0,732.356061697006
"sternoclavicular","internal-external rotation 0 degree-abducted",2,17,20,21,21,FALSE,NA,NA,NA,NA,NA,NA,NA,NA,NA,4019.51588916779
"acromioclavicular","internal-external rotation 0 degree-abducted",2,17,1,2,2,TRUE,-726.215425597169,1464.85538444328,5,0.731750629532931,0.274229974418926,2.66838310102117,0.997584764682988,-0.0452441159166475,0,4.31603455543518
"acromioclavicular","internal-external rotation 0 degree-abducted",2,17,2,3,3,TRUE,-117.934652782641,253.263652113799,7,0.353951557953173,0.218033438196482,1.62338199535342,0.999196861072152,-0.0161974345499287,0,10.0544335842133
"acromioclavicular","internal-external rotation 0 degree-abducted",2,17,3,4,4,TRUE,170.102969192842,-317.841778537591,9,0.236956118498984,0.179340745466495,1.32126203603438,0.999564598329228,-0.0520031000584174,0,11.097950220108
"acromioclavicular","internal-external rotation 0 degree-abducted",2,17,4,5,5,TRUE,491.30513987571,-955.276306603752,11,0.184683975069926,0.123801522377702,1.49177466902612,0.999753817982384,-0.105757835263831,0,21.4978287220001
"acromioclavicular","internal-external rotation 0 degree-abducted",2,17,5,6,6,TRUE,570.766444612301,-1109.22910277736,13,0.194447910482669,0.0901740760662962,2.15636155051603,0.999794443046381,-0.0762687779002051,0,47.2323834896088
"acromioclavicular","internal-external rotation 0 degree-abducted",2,17,6,7,7,TRUE,567.986005396059,-1098.6984110453,15,0.184666656408305,0.0930004758067705,1.98565281313175,0.999812421480033,-0.139791504258546,0,36.0224099159241
"acromioclavicular","internal-external rotation 0 degree-abducted",2,17,7,8,8,TRUE,666.11782982136,-1289.99224659632,17,0.184646147029361,0.0867302177345113,2.12897133032202,0.999849772393032,-0.0782185145763974,0,54.3496901988983
"acromioclavicular","internal-external rotation 0 degree-abducted",2,17,8,9,9,TRUE,705.798070066943,-1364.38291378791,19,0.184489113240539,0.0792671420769797,2.32743490438161,0.999841593856557,-0.0218853797331531,0,72.0742404460907
"acromioclavicular","internal-external rotation 0 degree-abducted",2,17,9,10,10,FALSE,NA,NA,NA,NA,NA,NA,NA,NA,NA,2355.99898123741
"acromioclavicular","internal-external rotation 0 degree-abducted",2,17,10,11,11,FALSE,NA,NA,NA,NA,NA,NA,NA,NA,NA,1404.19836640358
"acromioclavicular","internal-external rotation 0 degree-abducted",2,17,11,12,12,FALSE,NA,NA,NA,NA,NA,NA,NA,NA,NA,1435.85057091713
"acromioclavicular","internal-external rotation 0 degree-abducted",2,17,12,13,13,FALSE,NA,NA,NA,NA,NA,NA,NA,NA,NA,1519.25290155411
"acromioclavicular","internal-external rotation 0 degree-abducted",2,17,13,14,14,TRUE,964.88071680769,-1857.69914077153,29,0.178869815254959,0.0363602630315179,4.91937627348598,0.999908642705995,-0.0503520073381787,1,799.53887629509
"acromioclavicular","internal-external rotation 0 degree-abducted",2,17,14,15,15,TRUE,1019.42063662345,-1961.80916710347,31,0.178086908426562,0.0353047399998466,5.0442775793657,0.999918745587846,-0.016373317493354,0,206.423516988754
"acromioclavicular","internal-external rotation 0 degree-abducted",2,17,15,16,16,FALSE,NA,NA,NA,NA,NA,NA,NA,NA,NA,1976.83601379395
"acromioclavicular","internal-external rotation 0 degree-abducted",2,17,16,17,17,TRUE,1106.73511751015,-2126.49850227773,35,0.169791635074263,0.0276049029023005,6.15077820324858,0.999937430319156,-0.0473675638881081,1,1320.94309568405
"acromioclavicular","internal-external rotation 0 degree-abducted",2,17,17,18,18,TRUE,1148.33412451069,-2204.72670297923,37,0.165722376356107,0.025226265699497,6.56943751922075,0.99994212110705,-0.0663910931002916,1,1868.70281362534
"acromioclavicular","internal-external rotation 0 degree-abducted",2,17,18,19,19,FALSE,NA,NA,NA,NA,NA,NA,NA,NA,NA,3239.51400637627
"acromioclavicular","internal-external rotation 0 degree-abducted",2,17,19,20,20,TRUE,1150.64004641745,-2199.3989201936,41,0.161215219031065,0.0240724484756686,6.69708439480154,0.999946134054214,-0.156390437658608,0,982.704477787018
"acromioclavicular","internal-external rotation 0 degree-abducted",2,17,20,21,21,FALSE,NA,NA,NA,NA,NA,NA,NA,NA,NA,3860.4523293972
"scapulothoracic","internal-external rotation 0 degree-abducted",2,15,1,2,2,TRUE,-1766.60846305988,3548.43953830837,5,1.67877981497674,0.486040986646262,3.45398816375654,0.989307752463681,-0.000799663231481507,0,3.90564203262329
"scapulothoracic","internal-external rotation 0 degree-abducted",2,15,2,3,3,TRUE,-1299.28919394151,2619.89004494709,7,1.07873236197263,0.300564920984053,3.58901617141764,0.994571973185828,-0.004646768064686,0,10.4522979259491
"scapulothoracic","internal-external rotation 0 degree-abducted",2,15,3,4,4,TRUE,-904.859649091583,1837.12000012268,9,0.861442932421287,0.22435480661203,3.83964553926832,0.997006634636321,-0.013788454800322,0,6.92502355575562
"scapulothoracic","internal-external rotation 0 degree-abducted",2,15,4,5,5,TRUE,-762.767298503084,1559.02434382113,11,0.79611437660144,0.214167590579382,3.71724953550504,0.997661751228343,-0.168559487481798,0,14.2879383563995
"scapulothoracic","internal-external rotation 0 degree-abducted",2,15,5,6,6,TRUE,-688.852297215996,1417.2833861224,13,0.78816197375845,0.179726899474525,4.38533116669142,0.997954178247099,-0.179005507091786,0,29.3618953227997
"scapulothoracic","internal-external rotation 0 degree-abducted",2,15,6,7,7,TRUE,-643.517867891912,1332.70357234967,15,0.74523911828601,0.161775832561156,4.60661587387776,0.998170206228419,-0.061123362214744,0,48.857492685318
"scapulothoracic","internal-external rotation 0 degree-abducted",2,15,7,8,8,TRUE,-624.151691334203,1300.0602641097,17,0.753688458177483,0.171598853154323,4.39215323601069,0.998299661164609,-0.049297261290149,0,87.6676595211029
"scapulothoracic","internal-external rotation 0 degree-abducted",2,15,8,9,9,TRUE,-585.465767144408,1228.77746060556,19,0.730933087684989,0.17327044380105,4.21845221637597,0.998460322741344,-0.0497789454441036,0,35.9043734073639
"scapulothoracic","internal-external rotation 0 degree-abducted",2,15,9,10,10,TRUE,-564.672660018332,1193.28029122886,21,0.72160227904781,0.135445536709104,5.32761947407387,0.99856667526437,-0.0588413702105184,0,48.4544184207916
"scapulothoracic","internal-external rotation 0 degree-abducted",2,15,10,11,11,TRUE,-551.31638593097,1172.65678792958,23,0.711178007941056,0.107267523597672,6.62994710876767,0.998631875779418,-0.120181536819717,0,54.3778946399689
"scapulothoracic","internal-external rotation 0 degree-abducted",2,15,11,12,12,TRUE,-541.287491467631,1158.68804387835,25,0.692236836686675,0.129309014635725,5.35335327267606,0.998654831886424,-0.22194404806739,0,95.6876618862152
"scapulothoracic","internal-external rotation 0 degree-abducted",2,15,12,13,13,TRUE,-545.885503477405,1173.97311277334,27,0.697102701720726,0.111737557982774,6.23875010610305,0.998561193797445,0.0088108064617286,0,88.7073738574982
"scapulothoracic","internal-external rotation 0 degree-abducted",2,15,13,14,14,TRUE,-508.535972275928,1105.36309524583,29,0.673636975231666,0.117812484733861,5.71787427073975,0.998678965360158,0.00976023287034766,0,104.256528615952
"scapulothoracic","internal-external rotation 0 degree-abducted",2,15,14,15,15,TRUE,-494.790063586097,1083.96032274162,31,0.685038755669125,0.110039611794057,6.2253832460914,0.998735006350265,0.0099329264542044,0,158.542415618896
"scapulothoracic","internal-external rotation 0 degree-abducted",2,15,15,16,16,TRUE,-470.760079279239,1041.98939900335,33,0.666434792984596,0.107550286781212,6.19649480191825,0.998820284157401,0.00452258296931141,0,163.850800514221
"scapulothoracic","internal-external rotation 0 degree-abducted",2,15,16,17,17,TRUE,-476.30677298656,1059.17183129344,35,0.677897821412942,0.104155897072596,6.50849198620458,0.998850856365827,-0.00395570530030853,0,147.122087955475
"scapulothoracic","internal-external rotation 0 degree-abducted",2,15,17,18,18,TRUE,-476.520408703031,1065.68814760183,37,0.658256979363503,0.107940293280054,6.09834343932749,0.998869130156508,-0.0172927477413782,0,207.627448558807
"scapulothoracic","internal-external rotation 0 degree-abducted",2,15,18,19,19,TRUE,-505.546048975402,1129.82847302202,39,0.67169025855605,0.111072519165015,6.04731272510488,0.998859815514541,-0.0291127916374907,0,115.33670258522
"scapulothoracic","internal-external rotation 0 degree-abducted",2,15,19,20,20,TRUE,-512.146449605099,1149.11831915686,41,0.656138531664676,0.10896765250308,6.02140650544098,0.99888367268937,-0.039783981319591,0,153.082138776779
"scapulothoracic","internal-external rotation 0 degree-abducted",2,15,20,21,21,TRUE,-532.414278724122,1195.74302227035,43,0.663557156031338,0.104031869490087,6.37840268836624,0.998892205665044,-0.0521756158694218,0,139.956869602203
"glenohumeral","internal-external rotation 0 degree-abducted",2,10,1,2,2,TRUE,-2692.30905626468,5399.84072471797,5,2.49319239616107,0.730451658287654,3.41322025608879,0.976170428135173,-0.0498631972168737,0,2.94996571540833
"glenohumeral","internal-external rotation 0 degree-abducted",2,10,2,3,3,TRUE,-1763.16966822501,3547.65099351408,7,1.31346424495164,0.503701211685595,2.60762574018086,0.993411150994641,0.0426815813827454,0,4.58259654045105
"glenohumeral","internal-external rotation 0 degree-abducted",2,10,3,4,4,TRUE,-1390.80215445673,2809.00501085297,9,0.957972797742688,0.366249934814215,2.6156258518616,0.996279385529958,0.0408370161597722,0,7.42601132392883
"glenohumeral","internal-external rotation 0 degree-abducted",2,10,4,5,5,TRUE,-1226.60490027424,2486.69954736344,11,0.82101899379752,0.309164362526186,2.65560683349453,0.997150268758188,0.0182994354431645,0,11.5200593471527
"glenohumeral","internal-external rotation 0 degree-abducted",2,10,5,6,6,TRUE,-1221.12051144151,2481.81981457342,13,0.826012809309005,0.279876501006464,2.95134749197799,0.997302025174721,0.0100099282403708,0,15.4446840286255
"glenohumeral","internal-external rotation 0 degree-abducted",2,10,6,7,7,TRUE,-1214.12108781931,2473.91001220446,15,0.820644500487699,0.276208602748227,2.97110405802872,0.997498108680083,0.0129853304664767,0,18.5884947776794
"glenohumeral","internal-external rotation 0 degree-abducted",2,10,7,8,8,TRUE,-1109.12693423616,2270.01074991362,17,0.811292678811994,0.268767068909188,3.0185717398515,0.997912725137763,0.0192078624476317,0,21.8928804397583
"glenohumeral","internal-external rotation 0 degree-abducted",2,10,8,9,9,TRUE,-1052.40146826748,2162.6488628517,19,0.792367219205072,0.249487745958746,3.17597650401674,0.998206155939912,0.0298915450988178,0,36.0691020488739
"glenohumeral","internal-external rotation 0 degree-abducted",2,10,9,10,10,TRUE,-1074.18382073906,2212.30261267031,21,0.753628339768039,0.228836429898792,3.29330579095884,0.998236037891286,0.0254647197985018,0,79.2547063827515
"glenohumeral","internal-external rotation 0 degree-abducted",2,10,10,11,11,TRUE,-1010.19866972586,2090.42135551936,23,0.71023017913934,0.225902895741141,3.14396226223316,0.998438288924772,-0.00608105184542085,0,118.611746788025
"glenohumeral","internal-external rotation 0 degree-abducted",2,10,11,12,12,TRUE,-1010.70980121608,2097.53266337525,25,0.72338870866013,0.224869639220405,3.21692475323939,0.99849499333947,-0.0142910592519203,0,61.8609821796417
"glenohumeral","internal-external rotation 0 degree-abducted",2,10,12,13,13,TRUE,-1035.11085472245,2152.42381526343,27,0.709149916695606,0.225041455501103,3.15119681001233,0.998469383459391,0.0353739301232334,0,79.9114511013031
"glenohumeral","internal-external rotation 0 degree-abducted",2,10,13,14,14,TRUE,-1023.01910081242,2134.32935231882,29,0.704292133856137,0.214686192598678,3.28056557960715,0.998561260489578,0.0413430196194217,0,63.8116166591644
"glenohumeral","internal-external rotation 0 degree-abducted",2,10,14,15,15,TRUE,-1027.28883048431,2148.95785653804,31,0.699789094387476,0.206589079499269,3.3873479473534,0.998602761304321,0.0394104443551649,0,85.191713809967
"glenohumeral","internal-external rotation 0 degree-abducted",2,10,15,16,16,TRUE,-1048.96686786378,2198.40297617243,33,0.692792275155444,0.193156318678803,3.58669227025122,0.998628840825609,0.0350571090349844,0,118.117519855499
"glenohumeral","internal-external rotation 0 degree-abducted",2,10,16,17,17,TRUE,-1051.6007291803,2209.75974368092,35,0.704162137042885,0.185957054782817,3.78669224389088,0.998689442186858,0.0284736583568301,0,158.514720916748
"glenohumeral","internal-external rotation 0 degree-abducted",2,10,17,18,18,TRUE,-1055.69755223857,2224.0424346729,37,0.672191289138073,0.178211476435437,3.77187430676833,0.998744081079226,0.0152715969706053,0,103.633158445358
"glenohumeral","internal-external rotation 0 degree-abducted",2,10,18,19,19,TRUE,-1105.45309415406,2329.64256337933,39,0.683226152537875,0.175803271015129,3.88631080976348,0.998715252249428,0.00123783328338578,0,148.489378213882
"glenohumeral","internal-external rotation 0 degree-abducted",2,10,19,20,20,TRUE,-1119.49404851841,2363.81351698348,41,0.668445521900764,0.172133772634243,3.88329095256108,0.99874790771403,-0.0123245942628951,0,203.425287485123
"glenohumeral","internal-external rotation 0 degree-abducted",2,10,20,21,21,TRUE,-1129.24272134908,2389.39990752027,43,0.668707963632649,0.169082589765617,3.95491909935621,0.998794088699649,-0.0244306715316145,0,164.798070669174
"scapulothoracic","internal-external rotation 90 degree-abducted",2,12,1,2,2,TRUE,-4165.66781479521,8347.22589874217,5,2.73088551439732,1.43909894569953,1.89763568555035,0.966630419817805,0.329544242500133,0,7.329998254776
"scapulothoracic","internal-external rotation 90 degree-abducted",2,12,2,3,3,TRUE,-1924.02508474807,3870.29654630858,7,1.3211715385894,0.468029417711885,2.82283866909132,0.996172881858153,0.353675878220777,0,15.4038710594177
"scapulothoracic","internal-external rotation 90 degree-abducted",2,12,3,4,4,TRUE,-728.707011825187,1486.01650812351,9,0.442049891294866,0.237803199365447,1.85888958800567,0.998864229756677,0.338826329003733,0,18.1827836036682
"scapulothoracic","internal-external rotation 90 degree-abducted",2,12,4,5,5,TRUE,-432.044531921113,899.047655976053,11,0.370873147177867,0.199511121693957,1.85890963886601,0.999204155635378,0.339349953462667,0,22.4728116989136
"scapulothoracic","internal-external rotation 90 degree-abducted",2,12,5,6,6,TRUE,-326.008596122956,693.331892040435,13,0.340948395196192,0.189887915139097,1.79552445423628,0.999336462356692,0.333886682358618,0,31.887631893158
"scapulothoracic","internal-external rotation 90 degree-abducted",2,12,6,7,7,TRUE,-179.965304321303,407.601416097825,15,0.364531637884126,0.154822618108354,2.35451151994475,0.999453405746852,0.342448211010596,0,46.2804653644562
"scapulothoracic","internal-external rotation 90 degree-abducted",2,12,7,8,8,TRUE,-103.847687191954,261.722289499822,17,0.293638275756412,0.140493589999397,2.09004749439225,0.999515085494657,0.350023285552566,0,79.2028019428253
"scapulothoracic","internal-external rotation 90 degree-abducted",2,12,8,9,9,TRUE,6.12722733799524,48.1285681006205,19,0.262549530099133,0.140941825705671,1.86282197484383,0.999566604639894,0.340174771610059,0,68.3824062347412
"scapulothoracic","internal-external rotation 90 degree-abducted",2,12,9,10,10,TRUE,60.9850133318007,-55.2308962262946,21,0.285111198444689,0.133427803137643,2.13682000108006,0.999617203035955,0.343681668235947,0,78.0567603111267
"scapulothoracic","internal-external rotation 90 degree-abducted",2,12,10,11,11,TRUE,41.9915475381122,-10.8878569782216,23,0.283967173655556,0.13828554096144,2.05348420146643,0.999624968023391,0.343930066342603,0,76.684921503067
"scapulothoracic","internal-external rotation 90 degree-abducted",2,12,11,12,12,TRUE,180.534733178766,-281.618120598834,25,0.229241078251309,0.129697186727451,1.76751002882616,0.999689036265744,0.346964428371222,0,103.665545701981
"scapulothoracic","internal-external rotation 90 degree-abducted",2,12,12,13,13,TRUE,271.582829467421,-457.358205515447,27,0.22425041347531,0.126325495828189,1.77517936506107,0.999732017940439,0.348250342646175,0,94.6418614387512
"scapulothoracic","internal-external rotation 90 degree-abducted",2,12,13,14,14,TRUE,236.653111141023,-381.142661201956,29,0.268669195191062,0.125829154889922,2.13519033348113,0.999729721168991,0.347721159467128,0,259.009227991104
"scapulothoracic","internal-external rotation 90 degree-abducted",2,12,14,15,15,TRUE,236.631998988616,-374.744329236445,31,0.279195952502179,0.121258742095158,2.30248102263077,0.999742246159898,0.345751730879102,0,212.802525281906
"scapulothoracic","internal-external rotation 90 degree-abducted",2,12,15,16,16,TRUE,220.493729963913,-336.111683526343,33,0.297774858170335,0.119973315215557,2.48200908373099,0.999749773941199,0.346930223090515,0,1131.95937418938
"scapulothoracic","internal-external rotation 90 degree-abducted",2,12,16,17,17,TRUE,217.665221654908,-324.098559247639,35,0.358696745383719,0.108258553975136,3.31333397881982,0.999756678669001,0.34412481406199,0,183.95876955986
"scapulothoracic","internal-external rotation 90 degree-abducted",2,12,17,18,18,TRUE,228.248983301041,-338.909974879208,37,0.334960468480467,0.107120965178734,3.12693661713725,0.999770124073044,0.347782910008294,0,287.859313011169
"scapulothoracic","internal-external rotation 90 degree-abducted",2,12,18,19,19,TRUE,199.250044088631,-274.555988793692,39,0.368194996321094,0.106071287037307,3.47120325024052,0.999772301651375,0.349442776750722,0,331.198147773743
"scapulothoracic","internal-external rotation 90 degree-abducted",2,12,19,20,20,TRUE,209.346872420774,-288.393537797282,41,0.386060008767644,0.103693380510818,3.72309212859897,0.999776653815315,0.346406708187732,0,366.814448833466
"scapulothoracic","internal-external rotation 90 degree-abducted",2,12,20,21,21,TRUE,212.574842531844,-288.493370358727,43,0.221454218974343,0.100154995623625,2.21111505816994,0.999789367387814,0.351135241550005,0,328.602523326874
"glenohumeral","internal-external rotation 90 degree-abducted",2,12,1,2,2,TRUE,-3776.73791863788,7568.93104954255,5,2.57502052805077,1.04292027211532,2.46904830301931,0.984170674614134,0.0324548600450725,0,5.27544069290161
"glenohumeral","internal-external rotation 90 degree-abducted",2,12,2,3,3,TRUE,-2986.07265556717,5993.78260830785,7,1.62396595117964,0.744610284623854,2.18096094657086,0.992994164178053,0.0124545221782433,0,8.67827868461609
"glenohumeral","internal-external rotation 90 degree-abducted",2,12,3,4,4,TRUE,-1751.57346785907,3530.96631779836,9,0.913972835773063,0.382172579009257,2.39151861219987,0.998024052069903,0.0443964916282723,0,12.9818291664124
"glenohumeral","internal-external rotation 90 degree-abducted",2,12,4,5,5,TRUE,-1273.19936558745,2580.40019816183,11,0.793868102678984,0.263916844375592,3.00802362409727,0.998805535413563,0.0307676367658526,0,17.1814966201782
"glenohumeral","internal-external rotation 90 degree-abducted",2,12,5,6,6,TRUE,-1141.12469591143,2322.43294371651,13,0.834432074693918,0.242910320061918,3.43514460184821,0.9990145593208,0.0269795493174437,0,24.8238427639008
"glenohumeral","internal-external rotation 90 degree-abducted",2,12,6,7,7,TRUE,-954.381036637565,1955.1277100755,15,0.71486911974476,0.22720332916918,3.14638488070945,0.999201361564791,0.0353796989018043,0,26.882200717926
"glenohumeral","internal-external rotation 90 degree-abducted",2,12,7,8,8,TRUE,-751.210866908999,1554.96945552509,17,0.665498694293388,0.180503827417061,3.68689519671916,0.999403564969645,0.0207155412345257,0,38.0609261989594
"glenohumeral","internal-external rotation 90 degree-abducted",2,12,8,9,9,TRUE,-702.613924435635,1463.95765548508,19,0.702115757871851,0.188489496540426,3.72495959063303,0.999451135431957,0.00189417636630085,0,46.2515022754669
"glenohumeral","internal-external rotation 90 degree-abducted",2,12,9,10,10,TRUE,-652.351627187826,1369.61514589618,21,0.689602672393058,0.164825421753642,4.18383684419615,0.999510214525969,-0.0503472636920705,0,87.5295624732971
"glenohumeral","internal-external rotation 90 degree-abducted",2,12,10,11,11,TRUE,-634.025896756792,1339.14576994083,23,0.64116949024796,0.151977886182281,4.21883411037145,0.999518704103777,0.000229808304048951,0,140.227246522903
"glenohumeral","internal-external rotation 90 degree-abducted",2,12,11,12,12,TRUE,-591.795850303206,1260.86776194037,25,0.627330179443662,0.153866898033415,4.07709642204802,0.999557762758839,0.0195814047154099,0,193.439694166183
"glenohumeral","internal-external rotation 90 degree-abducted",2,12,12,13,13,TRUE,-573.647933472081,1230.75401318484,27,0.630863727073076,0.140089674520299,4.50328497966253,0.999584694654535,0.0292001035663557,0,137.800874948502
"glenohumeral","internal-external rotation 90 degree-abducted",2,12,13,14,14,TRUE,-592.282024618585,1274.20428038456,29,0.633476567433436,0.138860838844373,4.56195261893382,0.999595495153553,0.0354547502345034,0,239.741149425507
"glenohumeral","internal-external rotation 90 degree-abducted",2,12,14,15,15,TRUE,-632.284562769572,1360.39144159325,31,0.631212496511838,0.139137200153568,4.53661922056184,0.999595693483493,0.0340959443821495,0,151.163756370544
"glenohumeral","internal-external rotation 90 degree-abducted",2,12,15,16,16,TRUE,-626.13672802692,1354.27785701466,33,0.622383111237979,0.137415619608249,4.52920208788709,0.999611377148002,0.0333365408428822,0,207.297787189484
"glenohumeral","internal-external rotation 90 degree-abducted",2,12,16,17,17,TRUE,-621.909008539825,1352.00450294719,35,0.619215930033335,0.141962928343809,4.36181429375493,0.999622225154705,0.0311574492668127,0,197.247940301895
"glenohumeral","internal-external rotation 90 degree-abducted",2,12,17,18,18,TRUE,-647.539592099589,1409.44775497343,37,0.621824504555441,0.14474871073317,4.29588976237385,0.999622188189969,0.0292549225373134,0,297.594229698181
"glenohumeral","internal-external rotation 90 degree-abducted",2,12,18,19,19,TRUE,-678.509869230259,1477.57039414149,39,0.626659095115585,0.145391214570718,4.31015792092982,0.999618848544498,0.029141718468533,0,2683.73673629761
"glenohumeral","internal-external rotation 90 degree-abducted",2,12,19,20,20,TRUE,-684.80173526351,1496.33621111471,41,0.624192113409528,0.141272646610468,4.41835081585621,0.999625328039117,0.0298842217004478,0,352.035428285599
"glenohumeral","internal-external rotation 90 degree-abducted",2,12,20,21,21,TRUE,-688.559652762466,1510.03413101934,43,0.616082779071694,0.139738033208599,4.40884106442241,0.999636199555548,0.0298277312090139,0,334.226301193237
"sternoclavicular","frontal plane elevation",3,11,1,2,2,TRUE,-411.26269452241,829.456860850419,5,1.83984177658864,1.39441484995048,1.31943644795089,0.977545295356515,0.859012259256051,0,0.811544895172119
"sternoclavicular","frontal plane elevation",3,11,2,3,3,TRUE,-332.689800113533,675.083660754905,7,0.999933540582333,0.871291795907322,1.14764484789054,0.990070686247764,0.860995574787304,0,1.35547018051147
"sternoclavicular","frontal plane elevation",3,11,3,4,4,TRUE,-331.189776531163,674.856202312406,9,0.95586043368224,0.833117627998921,1.14732950253152,0.990852071266491,0.862840104219954,0,1.71580839157104
"sternoclavicular","frontal plane elevation",3,11,4,5,5,TRUE,-296.42805378205,608.105345536418,11,0.826704366414857,0.43429684268954,1.90354680290833,0.993954095768745,0.857572938288159,0,2.93452477455139
"sternoclavicular","frontal plane elevation",3,11,5,6,6,TRUE,-293.286347781372,604.594522257302,13,0.799881458439656,0.401610552826554,1.99168436389446,0.994396940092671,0.843667723775029,0,3.53083086013794
"sternoclavicular","frontal plane elevation",3,11,6,7,7,TRUE,-283.949218768931,588.69285295466,15,0.781341365313525,0.423638434261657,1.84435901495882,0.994314972028418,0.871196244965791,2,10.8806586265564
"sternoclavicular","frontal plane elevation",3,11,7,8,8,TRUE,-261.324464214113,546.215932567265,17,0.757556544039761,0.323788830447213,2.33966237499124,0.995508741393621,0.872762411720604,2,14.3931288719177
"sternoclavicular","frontal plane elevation",3,11,8,9,9,TRUE,-250.41354152551,527.166675912298,19,0.735277318049304,0.375017456421623,1.96064824572499,0.995734090488452,0.871588009591133,3,110.379019737244
"sternoclavicular","frontal plane elevation",3,11,9,10,10,TRUE,-239.944052746638,509.000287076794,21,0.693411616375467,0.320042955919682,2.16662046000314,0.996360066977467,0.875856487378162,3,123.961858034134
"sternoclavicular","frontal plane elevation",3,11,10,11,11,TRUE,-238.68437737547,509.253525056698,23,0.682696394306105,0.295336733056181,2.31158646349703,0.996710046377088,0.871560243523283,3,63.0038537979126
"sternoclavicular","frontal plane elevation",3,11,11,12,12,TRUE,-236.121525312413,506.900409652824,25,0.681158069363132,0.231444356519351,2.94307486951482,0.996936928247419,0.877289254768667,2,52.7782402038574
"sternoclavicular","frontal plane elevation",3,11,12,13,13,TRUE,-240.028917490546,517.487782731328,27,0.685508691995672,0.219872106594132,3.11776105943748,0.996948347249164,0.87681389122032,3,59.4882633686066
"sternoclavicular","frontal plane elevation",3,11,13,14,14,FALSE,NA,NA,NA,NA,NA,NA,NA,NA,NA,383.775894165039
"sternoclavicular","frontal plane elevation",3,11,14,15,15,TRUE,-244.415692749703,531.806510694123,31,0.685653190074538,0.229642942445864,2.98573595500839,0.996993511540349,0.873756065762578,4,1470.26133728027
"sternoclavicular","frontal plane elevation",3,11,15,16,16,FALSE,NA,NA,NA,NA,NA,NA,NA,NA,NA,518.791006088257
"sternoclavicular","frontal plane elevation",3,11,16,17,17,FALSE,NA,NA,NA,NA,NA,NA,NA,NA,NA,644.094407558441
"sternoclavicular","frontal plane elevation",3,11,17,18,18,FALSE,NA,NA,NA,NA,NA,NA,NA,NA,NA,727.002348184586
"sternoclavicular","frontal plane elevation",3,11,18,19,19,FALSE,NA,NA,NA,NA,NA,NA,NA,NA,NA,666.347046613693
"sternoclavicular","frontal plane elevation",3,11,19,20,20,FALSE,NA,NA,NA,NA,NA,NA,NA,NA,NA,717.271198034286
"sternoclavicular","frontal plane elevation",3,11,20,21,21,FALSE,NA,NA,NA,NA,NA,NA,NA,NA,NA,748.912606716156
"acromioclavicular","frontal plane elevation",3,9,1,2,2,TRUE,-295.541931935896,598.015335677392,5,1.12658621423646,0.899968399283676,1.25180641357314,0.968306295767965,-0.92831025014473,0,0.612355470657349
"acromioclavicular","frontal plane elevation",3,9,2,3,3,TRUE,-209.282914557288,428.269889642415,7,1.08647099297678,0.543921728422398,1.99747672542518,0.987754458941313,-0.928375967221791,0,0.806360483169556
"acromioclavicular","frontal plane elevation",3,9,3,4,4,TRUE,-182.714242504283,377.905134258645,9,0.544778918708051,0.38763281015803,1.40539939972046,0.990805267488228,-0.958399126982791,0,2.56827592849731
"acromioclavicular","frontal plane elevation",3,9,4,5,5,TRUE,-125.501272248136,266.251782468592,11,0.336040452494181,0.286241946463519,1.1739734746983,0.995704292465369,-0.88975882298244,0,3.18487501144409
"acromioclavicular","frontal plane elevation",3,9,5,6,6,TRUE,-118.875758387717,255.773343469993,13,0.356347298754454,0.293727760220479,1.21318903765504,0.995501234420669,-0.897423066953222,1,3.60131931304932
"acromioclavicular","frontal plane elevation",3,9,6,7,7,TRUE,-111.309667078826,243.413749574451,15,0.326576907531568,0.273695794568764,1.1932112732902,0.995995695667959,-0.893379288034045,2,6.95617866516113
"acromioclavicular","frontal plane elevation",3,9,7,8,8,TRUE,-115.812825337026,255.19265481309,17,0.32412635096162,0.285758508261524,1.13426666780113,0.996008067165828,-0.890354776637329,2,6.56803107261658
"acromioclavicular","frontal plane elevation",3,9,8,9,9,TRUE,-106.260427549719,238.860447960715,19,0.312398749000402,0.262772571484609,1.18885600287509,0.996298428870561,-0.908562582020371,3,137.583489179611
"acromioclavicular","frontal plane elevation",3,9,9,10,10,TRUE,-104.183900108981,237.479981801479,21,0.299525258934978,0.256092758015737,1.16959675570588,0.996625459781637,-0.867726020122715,2,61.7522900104523
"acromioclavicular","frontal plane elevation",3,9,10,11,11,TRUE,-103.285396235767,238.455562777292,23,0.290348433182813,0.240702850449187,1.20625257507744,0.996910097557134,-0.904416344597875,2,273.882695674896
"acromioclavicular","frontal plane elevation",3,9,11,12,12,FALSE,NA,NA,NA,NA,NA,NA,NA,NA,NA,360.914984703064
"acromioclavicular","frontal plane elevation",3,9,12,13,13,FALSE,NA,NA,NA,NA,NA,NA,NA,NA,NA,394.510409116745
"acromioclavicular","frontal plane elevation",3,9,13,14,14,FALSE,NA,NA,NA,NA,NA,NA,NA,NA,NA,540.523540496826
"acromioclavicular","frontal plane elevation",3,9,14,15,15,FALSE,NA,NA,NA,NA,NA,NA,NA,NA,NA,361.844070911407
"acromioclavicular","frontal plane elevation",3,9,15,16,16,FALSE,NA,NA,NA,NA,NA,NA,NA,NA,NA,414.142620563507
"acromioclavicular","frontal plane elevation",3,9,16,17,17,FALSE,NA,NA,NA,NA,NA,NA,NA,NA,NA,656.478414297104
"acromioclavicular","frontal plane elevation",3,9,17,18,18,FALSE,NA,NA,NA,NA,NA,NA,NA,NA,NA,739.971953392029
"acromioclavicular","frontal plane elevation",3,9,18,19,19,FALSE,NA,NA,NA,NA,NA,NA,NA,NA,NA,861.696038722992
"acromioclavicular","frontal plane elevation",3,9,19,20,20,FALSE,NA,NA,NA,NA,NA,NA,NA,NA,NA,918.934272766113
"acromioclavicular","frontal plane elevation",3,9,20,21,21,FALSE,NA,NA,NA,NA,NA,NA,NA,NA,NA,3095.58153533936
"scapulothoracic","frontal plane elevation",3,10,1,2,2,TRUE,-4444.89295780709,8906.95585163661,5,4.48159413829697,0.995408312221679,4.50226714331366,0.987136504465461,0.274862572741678,0,6.47560620307922
"scapulothoracic","frontal plane elevation",3,10,2,3,3,TRUE,-3106.8464977103,6237.73090585199,7,1.69797435460369,0.587346626012362,2.89092382488285,0.996481537134725,0.274818188857072,0,8.25604271888733
"scapulothoracic","frontal plane elevation",3,10,3,4,4,TRUE,-2237.42641438734,4505.75871361505,9,1.44859244474676,0.311307380578057,4.65325442029969,0.998546509089257,0.277434849296603,0,24.1557266712189
"scapulothoracic","frontal plane elevation",3,10,4,5,5,TRUE,-1625.06682443461,3287.90750811856,11,0.941006796846095,0.243634951352614,3.86236371925213,0.999251042129463,0.277938448719833,0,31.8036344051361
"scapulothoracic","frontal plane elevation",3,10,5,6,6,TRUE,-1398.80137937659,2842.24459241149,13,0.838626802902748,0.219754443193815,3.81619953032354,0.999447734989505,0.278607419196215,0,31.4560241699219
"scapulothoracic","frontal plane elevation",3,10,6,7,7,TRUE,-1218.25846483544,2488.02673773815,15,0.715969179070317,0.194058068838273,3.68945843559333,0.999578911935576,0.278897928139142,0,45.0570802688599
"scapulothoracic","frontal plane elevation",3,10,7,8,8,TRUE,-1031.58460892136,2121.54700031898,17,0.576387106958022,0.17289919861202,3.33365979475368,0.9996833494581,0.279326151926965,0,47.235536813736
"scapulothoracic","frontal plane elevation",3,10,8,9,9,TRUE,-962.263543424015,1989.77284373325,19,0.487952576162854,0.165251713448056,2.95278376230715,0.999735345970512,0.279430780499339,0,65.3384420871735
"scapulothoracic","frontal plane elevation",3,10,9,10,10,TRUE,-923.130532201743,1918.37479569767,21,0.430485645491336,0.152609859764175,2.82082459256929,0.999774946867971,0.279881840349152,0,63.3634011745453
"scapulothoracic","frontal plane elevation",3,10,10,11,11,TRUE,-881.562309267124,1842.10632423741,23,0.389320549407228,0.142092015428346,2.73991855371743,0.999811765984841,0.280461065884088,0,45.7051692008972
"scapulothoracic","frontal plane elevation",3,10,11,12,12,TRUE,-884.240839705551,1854.33135952323,25,0.363400950742552,0.139701541934555,2.60126656950423,0.999836215191639,0.280780004451442,0,103.885362625122
"scapulothoracic","frontal plane elevation",3,10,12,13,13,TRUE,-923.266901996338,1939.25145851377,27,0.351409437258467,0.137887133469553,2.54852957209429,0.999849739677388,0.279554483183746,0,97.1063678264618
"scapulothoracic","frontal plane elevation",3,10,13,14,14,TRUE,-971.328082864132,2042.24179465833,29,0.357148965855777,0.128033221846695,2.78950229248642,0.999861368916334,0.279153476303648,0,137.392290115356
"scapulothoracic","frontal plane elevation",3,10,14,15,15,TRUE,-1023.72457111481,2153.90274556867,31,0.386223391348726,0.12360103068976,3.12475866255638,0.999865914051579,0.279083594934908,0,159.377086162567
"scapulothoracic","frontal plane elevation",3,10,15,16,16,TRUE,-1062.0662421528,2237.45406205362,33,0.44922778062626,0.119430165415435,3.76142642910717,0.999859803983754,0.278543229826881,0,156.418047189713
"scapulothoracic","frontal plane elevation",3,10,16,17,17,TRUE,-1047.15823747953,2214.50602711604,35,0.441479732562176,0.11694306442986,3.77516815310554,0.999865377134545,0.27758686873031,0,1293.67725896835
"scapulothoracic","frontal plane elevation",3,10,17,18,18,TRUE,-1036.48654198639,2200.03061053872,37,0.40290200292459,0.112071086916209,3.59505751225401,0.999877753984178,0.276769702736635,0,237.255850315094
"scapulothoracic","frontal plane elevation",3,10,18,19,19,TRUE,-1030.12933078875,2194.18416255242,39,0.359326713435135,0.112726177904155,3.18760664218254,0.999889487923414,0.276701990900505,0,277.070489168167
"scapulothoracic","frontal plane elevation",3,10,19,20,20,TRUE,-1061.26876771195,2263.3310108078,41,0.331123835959671,0.106892352689551,3.09773176123607,0.999893800952223,0.278179390882804,0,295.877958536148
"scapulothoracic","frontal plane elevation",3,10,20,21,21,TRUE,-1081.5974845295,2310.85641885186,43,0.314704545391267,0.102460595171398,3.07146903514295,0.999900878818059,0.278841458302487,0,378.135935783386
"glenohumeral","frontal plane elevation",3,9,1,2,2,TRUE,-4167.43441854436,8350.54630816836,5,7.78600286266755,3.00357156572109,2.59224815933371,0.969223166839103,-0.00174141294062125,0,2.31673097610474
"glenohumeral","frontal plane elevation",3,9,2,3,3,TRUE,-3423.54799496238,6869.04444943627,7,4.59853562610203,1.65877088297997,2.77225485043528,0.990352892413004,0.000155030882577845,0,3.76678872108459
"glenohumeral","frontal plane elevation",3,9,3,4,4,TRUE,-2930.59120469484,5889.40185733304,9,2.82575406843134,1.17638998635451,2.40205552683086,0.995794129719086,0.000560365689983966,0,7.30801200866699
"glenohumeral","frontal plane elevation",3,9,4,5,5,TRUE,-2735.69752428263,5505.88548494048,11,1.96688930400827,0.97190872560004,2.02373870323465,0.997237668614091,-0.00315495582966241,0,13.3147919178009
"glenohumeral","frontal plane elevation",3,9,5,6,6,TRUE,-2636.45409210803,5313.66960902315,13,1.7236854952481,0.861341246440902,2.00116446573346,0.997919323367332,0.000130621824030674,0,14.5774781703949
"glenohumeral","frontal plane elevation",3,9,6,7,7,TRUE,-2519.04572259075,5085.12385842044,15,1.5813720512082,0.726975276256125,2.17527624784183,0.998485275265722,0.000297389428592698,0,22.1900193691254
"glenohumeral","frontal plane elevation",3,9,7,8,8,TRUE,-2500.35961605823,5054.02263378726,17,1.46421735283302,0.630103875650096,2.32377138027018,0.998711218467972,-0.00310405703140471,0,20.2570686340332
"glenohumeral","frontal plane elevation",3,9,8,9,9,TRUE,-2455.85093372734,4971.27625755733,19,1.2390353647246,0.547046750352881,2.2649533406886,0.998956221666328,-0.00863347502355905,0,33.8506910800934
"glenohumeral","frontal plane elevation",3,9,9,10,10,TRUE,-2389.31460060437,4844.47457974325,21,1.04342903048088,0.500429354627908,2.08506759411969,0.999190835265897,-0.011337719503935,0,36.40003490448
"glenohumeral","frontal plane elevation",3,9,10,11,11,TRUE,-2388.16754245413,4848.45145187463,23,0.932873554919805,0.50805554172458,1.83616451018956,0.999304766083126,-0.0113571622432407,0,49.2971727848053
"glenohumeral","frontal plane elevation",3,9,11,12,12,TRUE,-2412.12394909626,4902.63525359075,25,0.751396492447891,0.459423550214174,1.63552019067722,0.999376781789446,-0.0115214326326025,0,80.7636461257935
"glenohumeral","frontal plane elevation",3,9,12,13,13,TRUE,-2404.16919412657,4892.99673208323,27,0.680472199533833,0.435188795783049,1.56362527281852,0.99947057884468,-0.0122726856570736,0,95.6113216876984
"glenohumeral","frontal plane elevation",3,9,13,14,14,TRUE,-2448.43483317676,4987.79899861546,29,0.690618438011465,0.397248591345437,1.73850443540257,0.999508156678114,-0.0168268026016214,0,147.094259500504
"glenohumeral","frontal plane elevation",3,9,14,15,15,TRUE,-2491.84919050887,5080.89870171154,31,0.658671062393787,0.367343798899361,1.79306432929398,0.999544916893845,-0.0202984565860134,0,130.606653690338
"glenohumeral","frontal plane elevation",3,9,15,16,16,TRUE,-2513.76914073656,5131.00959059877,33,0.616570719633013,0.375053932654632,1.64395215181168,0.9995970959736,-0.0208342564390733,0,171.473467350006
"glenohumeral","frontal plane elevation",3,9,16,17,17,TRUE,-2588.53940278822,5286.82110313396,35,0.59273632713627,0.365883816024885,1.62001242245696,0.999604774761131,-0.0193301758471878,0,245.333340883255
"glenohumeral","frontal plane elevation",3,9,17,18,18,TRUE,-2639.76873473363,5395.55075545664,37,0.608061233296527,0.357228545715013,1.70216305664895,0.999624517437381,-0.0216891732903566,0,2248.24546122551
"glenohumeral","frontal plane elevation",3,9,18,19,19,TRUE,-2660.75430362859,5443.79288167841,39,0.624356242326672,0.351270273230708,1.77742408027965,0.999659674482188,-0.0198587728049211,0,167.071885824203
"glenohumeral","frontal plane elevation",3,9,19,20,20,TRUE,-2723.20655467708,5574.96837220726,41,0.721964638622778,0.348259425210674,2.07306561246989,0.999659375876922,-0.0172025378269587,0,196.444629669189
"glenohumeral","frontal plane elevation",3,9,20,21,21,TRUE,-2730.61845079194,5596.06315286884,43,0.569072142037132,0.344115574025094,1.65372387939534,0.99969678619307,-0.013892508009292,0,213.514849185944
"sternoclavicular","scapular plane elevation",3,3,1,2,2,TRUE,-689.581804370627,1395.45409143136,5,3.39275310194719,0.691895683705782,4.90356159439477,0.97209595902229,0.296732536135142,0,0.426609754562378
"sternoclavicular","scapular plane elevation",3,3,2,3,3,TRUE,-490.588300765745,1003.98327729764,7,1.05840848837874,0.223700130246409,4.73137180212139,0.996978297545781,0.299829826420024,0,0.804528951644897
"sternoclavicular","scapular plane elevation",3,3,3,4,4,TRUE,-307.186252511539,643.695373865271,9,0.34028642286018,0.127064388831385,2.67806287811877,0.999758409974674,0.299931091732725,0,1.46073913574219
"sternoclavicular","scapular plane elevation",3,3,4,5,5,TRUE,-336.263345824631,708.365753567499,11,0.25506464688689,0.0440111971679964,5.7954489607105,0.999848165769345,0.299701842050355,0,1.47959756851196
"sternoclavicular","scapular plane elevation",3,3,5,6,6,TRUE,-350.918829617431,744.19291422914,13,0.181700920603726,0.0242408693776621,7.4956437317864,0.999929905240913,0.299848557463669,0,3.54769396781921
"sternoclavicular","scapular plane elevation",3,3,6,7,7,TRUE,-316.747446196139,682.3663404626,15,0.0614018573549259,0.0036498694545584,16.8230283629021,0.999992045063688,0.300072802956993,0,10.2505464553833
"sternoclavicular","scapular plane elevation",3,3,7,8,8,TRUE,-399.436875168129,854.261391482623,17,0.0479143219587602,0.00423205955424337,11.3217504018151,0.999995059155504,0.300130912287836,0,13.2625885009766
"sternoclavicular","scapular plane elevation",3,3,8,9,9,TRUE,-294.092185618345,650.088205459098,19,0.0598723871664062,0.00304331882170732,19.6733864159581,0.999993141603341,0.298275221879579,0,20.8387458324432
"sternoclavicular","scapular plane elevation",3,3,9,10,10,TRUE,-300.700702510833,669.821432320117,21,0.066784772977259,0.00174085423347765,38.3632194430461,0.99999474976442,0.296876823485728,1,25.5888335704803
"sternoclavicular","scapular plane elevation",3,3,10,11,11,TRUE,-320.563576303749,716.063372981992,23,0.123272392215927,0.00400139059636668,30.8073878935638,0.99998898991829,0.292801827240535,2,37.035133600235
"sternoclavicular","scapular plane elevation",3,3,11,12,12,TRUE,-325.829600221074,733.111613892686,25,0.102880244848918,0.00306231429974924,33.5955864678365,0.999991496826377,0.292287125557151,2,400.847739934921
"sternoclavicular","scapular plane elevation",3,3,12,13,13,TRUE,-338.345461227554,764.659528981688,27,0.0955721848552681,0.00266960012051672,35.8001874965339,0.999992279668745,0.293131152870082,2,84.3894243240356
"sternoclavicular","scapular plane elevation",3,3,13,14,14,TRUE,-335.308828004953,765.102455612529,29,0.0787613675402599,0.00205305984615514,38.3629184934672,0.999994262677359,0.287472134525767,1,135.574502944946
"sternoclavicular","scapular plane elevation",3,3,14,13,13,TRUE,-324.192105179093,736.352816884766,27,0.0642125208265614,0.00191224324839488,33.5796823340654,0.999995066177724,0.288930834310511,2,422.689697980881
"sternoclavicular","scapular plane elevation",3,3,15,14,14,FALSE,NA,NA,NA,NA,NA,NA,NA,NA,NA,648.650857686996
"sternoclavicular","scapular plane elevation",3,3,16,17,17,FALSE,NA,NA,NA,NA,NA,NA,NA,NA,NA,1249.91399693489
"sternoclavicular","scapular plane elevation",3,3,17,13,13,TRUE,-336.235757002984,760.440120532548,27,0.135057796719467,0.00436185015816789,30.9634196091219,0.99998851313016,0.292824259863413,3,175.408555030823
"sternoclavicular","scapular plane elevation",3,3,18,12,12,TRUE,-325.848911844078,733.150237138692,25,0.117873686702047,0.00557191182837274,21.1549806121882,0.999989623135903,0.293258742719375,2,61.0289018154144
"sternoclavicular","scapular plane elevation",3,3,19,14,14,TRUE,-350.70106248384,795.886924570302,29,0.0958912681674514,0.00372959838259028,25.7108831382678,0.999992207753573,0.294000485662267,2,210.82587480545
"sternoclavicular","scapular plane elevation",3,3,20,15,15,TRUE,-337.70964231325,776.420277305166,31,0.0583031703803342,0.00158344421819059,36.8204763455183,0.999995402714004,0.291502372576493,2,684.176873207092
"scapulothoracic","scapular plane elevation",3,11,1,2,2,TRUE,-4505.01925906839,9029.6976463004,5,2.94720590129047,0.992875257985762,2.96835466246731,0.982450027825211,0.359730504890286,0,5.96528744697571
"scapulothoracic","scapular plane elevation",3,11,2,3,3,TRUE,-2977.71248766985,5982.94775476876,7,1.49821108863521,0.362696802725361,4.13075350369073,0.9960651238424,0.361890606853649,0,11.2003939151764
"scapulothoracic","scapular plane elevation",3,11,3,4,4,TRUE,-2278.61069481575,4592.60782032602,9,1.18020467807365,0.130667984050743,9.03208759703021,0.998161399477409,0.36783841225068,0,16.6069669723511
"scapulothoracic","scapular plane elevation",3,11,4,5,5,TRUE,-2026.07158907307,4095.39326010612,11,0.787329929816205,0.0937091525957388,8.40184665005718,0.998707681257702,0.37052780887192,0,29.6285076141357
"scapulothoracic","scapular plane elevation",3,11,5,6,6,TRUE,-1797.70121793086,3646.51616908714,13,0.72264667776068,0.137131503947381,5.26973494025099,0.999053251315632,0.372469779694646,0,45.1504979133606
"scapulothoracic","scapular plane elevation",3,11,6,7,7,TRUE,-1593.05323078399,3245.08384605884,15,0.589763161007044,0.135974998259957,4.33729118260061,0.999286488652761,0.372918201198741,0,38.0415613651276
"scapulothoracic","scapular plane elevation",3,11,7,8,8,TRUE,-1485.24085089148,3037.32273753927,17,0.56808726629348,0.094717320269924,5.99771261132129,0.999423428881781,0.373051861691256,0,51.8160359859467
"scapulothoracic","scapular plane elevation",3,11,8,9,9,TRUE,-1420.17851470105,2915.06171642386,19,0.51994633340934,0.0525311350376863,9.89786976878239,0.999516045320881,0.373875950730335,0,62.2761933803558
"scapulothoracic","scapular plane elevation",3,11,9,10,10,TRUE,-1280.34103554707,2643.25040938135,21,0.480362761561944,0.0482551354002808,9.95464539840766,0.999607381131461,0.377633296196867,0,72.0556488037109
"scapulothoracic","scapular plane elevation",3,11,10,11,11,TRUE,-1227.62398112947,2545.67995181161,23,0.473252391145062,0.0423810110206015,11.1666140034983,0.999667010108298,0.378216667042871,0,86.5414543151855
"scapulothoracic","scapular plane elevation",3,11,11,12,12,TRUE,-1116.88186443229,2332.05936968269,25,0.465705806342134,0.0230396863625655,20.2132007794518,0.999727530111251,0.379593148174552,0,97.4086518287659
"scapulothoracic","scapular plane elevation",3,11,12,13,13,TRUE,-1185.40820430723,2476.97570069801,27,0.457095564404503,0.0221704698160235,20.6173152034036,0.999736361202576,0.377223055197089,0,149.562691688538
"scapulothoracic","scapular plane elevation",3,11,13,14,14,TRUE,-1188.07462647072,2490.17219629044,29,0.445665111085164,0.0220709939187056,20.1923444284698,0.999754332703109,0.376718877714014,0,178.668013811111
"scapulothoracic","scapular plane elevation",3,11,14,15,15,TRUE,-1193.25551186697,2508.3976183484,31,0.432140178351019,0.0214278855761082,20.167187136413,0.999771151531212,0.374838368249813,0,171.697222948074
"scapulothoracic","scapular plane elevation",3,11,15,16,16,TRUE,-1240.28975441268,2610.32975470527,33,0.423473146988228,0.029550744845085,14.3303713394778,0.999770822179692,0.371057491830947,0,209.929237365723
"scapulothoracic","scapular plane elevation",3,11,16,17,17,TRUE,-1210.47698388111,2558.56786490757,35,0.415196453627034,0.0294746600185414,14.0865561592856,0.999791988614439,0.367012536906362,0,290.438646554947
"scapulothoracic","scapular plane elevation",3,11,17,18,18,TRUE,-1192.16831683545,2529.81418208169,37,0.402360527743802,0.0215837978972345,18.6417853641668,0.999810613502078,0.362462805993056,0,547.743300437927
"scapulothoracic","scapular plane elevation",3,11,18,19,19,TRUE,-1221.875459406,2597.09211848824,39,0.388282289607993,0.019736769961243,19.6730412509474,0.999819060226355,0.360447753355726,0,497.711813688278
"scapulothoracic","scapular plane elevation",3,11,19,20,20,TRUE,-1233.66195686911,2628.52876467992,41,0.375560697089199,0.0205248458217164,18.2978571606046,0.999829694805647,0.358830208256238,0,631.105443239212
"scapulothoracic","scapular plane elevation",3,11,20,21,21,TRUE,-1244.23843550113,2657.5453732094,43,0.361336239991309,0.0191964145308676,18.8231109205464,0.9998420675392,0.353189785366433,0,603.935292959213
"glenohumeral","scapular plane elevation",3,14,1,2,2,TRUE,-7383.29696157653,14781.8165353417,5,21.47421141493,6.34559509310637,3.38411308944985,0.777205585229853,0.241932019127621,0,7.94520378112793
"glenohumeral","scapular plane elevation",3,14,2,3,3,TRUE,-6298.18474810393,12617.6811532719,7,12.938137149014,3.19072681660838,4.05491848492587,0.930918120130191,0.324082513965336,0,10.3125088214874
"glenohumeral","scapular plane elevation",3,14,3,4,4,TRUE,-5764.40532096147,11556.2113438625,9,9.77493883782365,2.04294850002747,4.78472112130688,0.962396379969965,0.337467292632711,0,23.5693769454956
"glenohumeral","scapular plane elevation",3,14,4,5,5,TRUE,-5279.50130653685,10592.4923598887,11,7.40173365692978,1.48274434329524,4.99191495175777,0.978930789333556,0.336377370336933,0,27.7963933944702
"glenohumeral","scapular plane elevation",3,14,5,6,6,TRUE,-4733.15586230579,9505.89051630198,13,5.70494149276108,1.15905231850431,4.92207418222758,0.989047947484668,0.339853991558138,0,35.2980620861053
"glenohumeral","scapular plane elevation",3,14,6,7,7,TRUE,-4431.68396792885,8909.03577242355,15,4.45991267559804,1.02995055236959,4.33022018905393,0.992690859624398,0.339152471878315,0,42.1455216407776
"glenohumeral","scapular plane elevation",3,14,7,8,8,TRUE,-4126.43475362294,8304.62638868718,17,3.12446463715223,0.939681809277421,3.32502407336673,0.995180250279631,0.338379759837273,0,87.4680831432343
"glenohumeral","scapular plane elevation",3,14,8,9,9,TRUE,-3921.64121759793,7901.12836151261,19,2.40252080344759,0.850285097556662,2.82554734917895,0.996446500988182,0.339940326540329,0,81.0827720165253
"glenohumeral","scapular plane elevation",3,14,9,10,10,TRUE,-3792.20274188113,7648.34045495444,21,2.27025178583054,0.851802861104835,2.66523146316496,0.997174311963819,0.339328223716079,0,71.0614695549011
"glenohumeral","scapular plane elevation",3,14,10,11,11,TRUE,-3701.75924742049,7473.54251090862,23,2.30211595293577,0.65565327753894,3.51117889866576,0.99767134737527,0.336737002872532,0,124.036206245422
"glenohumeral","scapular plane elevation",3,14,11,12,12,TRUE,-3673.4048333225,7422.92272758808,25,2.23724644892624,0.653657049615531,3.42266093548926,0.997932515978913,0.334637439027761,0,120.469126701355
"glenohumeral","scapular plane elevation",3,14,12,13,13,TRUE,-3639.98693990364,7362.17598562581,27,2.23526878554173,0.665834994073053,3.35709117940485,0.998155234974961,0.334184987891507,0,156.163266897202
"glenohumeral","scapular plane elevation",3,14,13,14,14,TRUE,-3619.70264066002,7327.69643201401,29,2.24277388146771,0.563810680059914,3.97788470631556,0.998318922440967,0.335254324505863,0,181.237124204636
"glenohumeral","scapular plane elevation",3,14,14,15,15,TRUE,-3603.84275163766,7302.06569884475,31,2.18559428548523,0.53656422613291,4.07331346190763,0.99844531106077,0.337034992563477,0,1322.53540563583
"glenohumeral","scapular plane elevation",3,14,15,16,16,TRUE,-3645.21110264213,7390.89144572914,33,2.21289798836552,0.525190267559091,4.213516748226,0.998428503248325,0.335409339419904,0,224.155688762665
"glenohumeral","scapular plane elevation",3,14,16,17,17,TRUE,-3623.50948441711,7353.57725415455,35,2.19475920548748,0.46972573355578,4.67242701155281,0.998555554321437,0.333420297792229,0,324.398685216904
"glenohumeral","scapular plane elevation",3,14,17,18,18,TRUE,-3620.62859177727,7353.9045137503,37,2.16863381676037,0.449645716275144,4.82298338061639,0.998616716182389,0.338252738028471,0,285.888055801392
"glenohumeral","scapular plane elevation",3,14,18,19,19,TRUE,-3641.16090335768,7401.05818178657,39,2.1959112707909,0.439537984288834,4.99595336303837,0.998661940584773,0.339436963948753,0,281.348895549774
"glenohumeral","scapular plane elevation",3,14,19,20,20,TRUE,-3644.23528973533,7413.29599941732,41,2.17607738239268,0.447263953439538,4.86530909915334,0.998740001848705,0.339821399059776,0,234.969118833542
"glenohumeral","scapular plane elevation",3,14,20,21,21,TRUE,-3675.81112431015,7482.5367134424,43,2.16169421051237,0.442432231693258,4.88593293087899,0.998771816028786,0.339676125786409,0,324.098580360413
"sternoclavicular","sagittal plane elevation",3,8,1,2,2,TRUE,-344.530174899005,694.55341124135,5,1.2242777064751,0.958890268605508,1.27676518008212,0.989774003510397,0.504070248926661,0,0.444107055664062
"sternoclavicular","sagittal plane elevation",3,8,2,3,3,TRUE,-248.671989565043,505.034265150763,7,0.817835230533468,0.531723975621387,1.53808229086853,0.996092155998977,0.510846729033234,0,0.637502670288086
"sternoclavicular","sagittal plane elevation",3,8,3,4,4,TRUE,-230.851504512463,471.590519622939,9,0.83698079256255,0.258490799429442,3.23795196738139,0.996873747411203,0.506018964910358,0,0.925003528594971
"sternoclavicular","sagittal plane elevation",3,8,4,5,5,TRUE,-152.17495748534,316.434650146028,11,0.53399122112697,0.241396516511587,2.21209166082287,0.998611027754811,0.507335361911936,0,1.35967111587524
"sternoclavicular","sagittal plane elevation",3,8,5,6,6,TRUE,-137.17875699538,288.639473743445,13,0.478220449110276,0.21362267752019,2.23862211007574,0.998889645794349,0.503858819546858,0,2.60228037834167
"sternoclavicular","sagittal plane elevation",3,8,6,7,7,TRUE,-130.493690128335,277.466564586691,15,0.456489570259688,0.230654559317856,1.97910490739798,0.998938693398188,0.514663068265197,1,4.00135898590088
"sternoclavicular","sagittal plane elevation",3,8,7,8,8,TRUE,-109.418395658889,237.513200225137,17,0.417191859412586,0.177219523457456,2.35409649723348,0.9991635523179,0.515072324857957,2,7.13015794754028
"sternoclavicular","sagittal plane elevation",3,8,8,9,9,TRUE,-77.6111658427159,176.095965170126,19,0.332485981128456,0.16768968883379,1.98274553099093,0.999434223802619,0.514702758686634,1,5.76676106452942
"sternoclavicular","sagittal plane elevation",3,8,9,10,10,TRUE,-91.0731159955952,205.217090053221,21,0.356619117870155,0.15091930272799,2.36297883321731,0.999391616561827,0.516350804543796,1,5.72673058509827
"sternoclavicular","sagittal plane elevation",3,8,10,11,11,TRUE,-85.1719588964108,195.612000432188,23,0.331900942257186,0.150063761183582,2.21173279704186,0.999459731740777,0.516112961848052,1,8.80950546264648
"sternoclavicular","sagittal plane elevation",3,8,11,12,12,TRUE,-86.6202203973505,200.705748011404,25,0.32389222380882,0.151872882751598,2.13265342660662,0.99947890024893,0.515035216053442,0,13.6414012908936
"sternoclavicular","sagittal plane elevation",3,8,12,13,13,TRUE,-91.6628767663655,212.98828532677,27,0.32884958658031,0.158131992473132,2.07958921807796,0.999457355074209,0.517294165451997,1,21.3755033016205
"sternoclavicular","sagittal plane elevation",3,8,13,14,14,TRUE,-94.6792261125616,221.218208596498,29,0.325991748099214,0.153643650227088,2.12173915171497,0.999471382859841,0.517032680754438,1,15.8218441009521
"sternoclavicular","sagittal plane elevation",3,8,14,15,15,TRUE,-94.4536421852863,222.964265319284,31,0.316650146761231,0.152483983284742,2.07661250670461,0.999497402816849,0.516461324107012,1,28.028356552124
"sternoclavicular","sagittal plane elevation",3,8,15,16,16,TRUE,-98.121830103975,232.497865733998,33,0.317880675422981,0.149088299175667,2.13216380615107,0.99949841217335,0.515998177998876,1,33.9532606601715
"sternoclavicular","sagittal plane elevation",3,8,16,17,17,FALSE,NA,NA,NA,NA,NA,NA,NA,NA,NA,334.627654314041
"sternoclavicular","sagittal plane elevation",3,8,17,18,18,TRUE,-101.77125548756,244.19116565584,37,0.309963098862161,0.139339468983301,2.22451758373866,0.99953138582725,0.51528898283239,2,56.5239338874817
"sternoclavicular","sagittal plane elevation",3,8,18,19,19,TRUE,-106.771158687557,256.38819663317,39,0.308942783542072,0.140768155253029,2.19469227956246,0.999532471923534,0.51468173300143,2,209.561327219009
"sternoclavicular","sagittal plane elevation",3,8,19,20,20,TRUE,-107.97197107638,260.987045988153,41,0.307449040145713,0.147520452040238,2.08411129367915,0.999526716976224,0.517718724490378,3,240.682505607605
"sternoclavicular","sagittal plane elevation",3,8,20,21,21,TRUE,-108.22864036462,263.697609141969,43,0.296798476941201,0.141572638599576,2.09643953716697,0.999561175174623,0.517511952894854,2,91.6226782798767
"acromioclavicular","sagittal plane elevation",3,8,1,2,2,TRUE,-287.20681994605,579.906701335442,5,0.995680196344682,0.680846575241762,1.46241492951789,0.971671079520237,0.220022964859942,0,0.278299331665039
"acromioclavicular","sagittal plane elevation",3,8,2,3,3,TRUE,-199.2431082755,406.176502571678,7,0.559375031130217,0.541306183279715,1.03338008766319,0.98778996936208,0.229719808696237,1,0.804527521133423
"acromioclavicular","sagittal plane elevation",3,8,3,4,4,TRUE,-153.336393823873,316.560298245759,9,0.446539664162252,0.408920173432252,1.09199715048109,0.992766573505964,0.220422626168998,0,0.999474763870239
"acromioclavicular","sagittal plane elevation",3,8,4,5,5,TRUE,-108.0958750698,228.27648531495,11,0.377588899413327,0.285001184178135,1.32486782643444,0.995564024489686,0.221622129537383,0,1.15168762207031
"acromioclavicular","sagittal plane elevation",3,8,5,6,6,TRUE,-98.3167025321849,210.915364817055,13,0.330017066093311,0.295345747559301,1.11739230654421,0.996094585215941,0.218228019764501,0,2.31566858291626
"acromioclavicular","sagittal plane elevation",3,8,6,7,7,TRUE,-72.4687095006001,161.416603331222,15,0.269126876632629,0.25916942934212,1.0384206089267,0.997163905915929,0.214452571278245,0,2.25890922546387
"acromioclavicular","sagittal plane elevation",3,8,7,8,8,TRUE,-63.749508266068,146.175425439494,17,0.270701497906063,0.226393597597661,1.19571180801298,0.997455323186737,0.209465465653458,1,6.9717481136322
"acromioclavicular","sagittal plane elevation",3,8,8,9,9,TRUE,-57.2498855765687,135.373404637832,19,0.267386371509002,0.207105007861455,1.29106666357326,0.997700738876826,0.209447279396451,1,8.86361980438232
"acromioclavicular","sagittal plane elevation",3,8,9,10,10,TRUE,-58.5245749498251,140.12000796168,21,0.271606811872447,0.214637287210649,1.2654223103644,0.997685230431494,0.236775722063555,3,78.3138866424561
"acromioclavicular","sagittal plane elevation",3,8,10,11,11,TRUE,-61.3514521227828,147.970986884932,23,0.267542510483528,0.19696440717327,1.35832922467139,0.997745647727389,0.206970974811561,3,60.1955351829529
"acromioclavicular","sagittal plane elevation",3,8,11,12,12,TRUE,-69.4084477076455,166.282202631994,25,0.269311584763737,0.198706633762848,1.35532256605561,0.997736034005968,0.237417691304899,2,18.6339211463928
"acromioclavicular","sagittal plane elevation",3,8,12,13,13,TRUE,-69.3324922128589,168.327516219757,27,0.268900421072687,0.191634119557696,1.40319699693002,0.997787246343949,0.230541464857381,2,15.5285575389862
"acromioclavicular","sagittal plane elevation",3,8,13,14,14,TRUE,-70.9589896239889,173.777735619353,29,0.262218048923598,0.199230041287631,1.31615717804842,0.997854931274808,0.221404288914053,3,27.2755010128021
"acromioclavicular","sagittal plane elevation",3,8,14,15,15,TRUE,-71.8821363143244,177.82125357736,31,0.250932430016409,0.186919144422538,1.34246511127381,0.998090102288362,0.220461804629386,1,17.9722006320953
"acromioclavicular","sagittal plane elevation",3,8,15,16,16,TRUE,-77.3244124210186,190.903030368085,33,0.263559539342514,0.184619014314185,1.42758610385595,0.997994186633676,0.223232245175155,2,18.2936952114105
"acromioclavicular","sagittal plane elevation",3,8,16,17,17,TRUE,-72.9624333670464,184.376296837477,35,0.247240312201504,0.180495276715173,1.36978826649108,0.998180131782766,0.212160168104062,1,17.5969114303589
"acromioclavicular","sagittal plane elevation",3,8,17,18,18,FALSE,NA,NA,NA,NA,NA,NA,NA,NA,NA,409.831658840179
"acromioclavicular","sagittal plane elevation",3,8,18,19,19,FALSE,NA,NA,NA,NA,NA,NA,NA,NA,NA,456.026247262955
"acromioclavicular","sagittal plane elevation",3,8,19,20,20,FALSE,NA,NA,NA,NA,NA,NA,NA,NA,NA,700.045141935349
"acromioclavicular","sagittal plane elevation",3,8,20,21,21,TRUE,-80.5437392174042,208.327806847537,43,0.243894753053154,0.1732075142671,1.4081072295573,0.998260806138512,0.228901583183861,4,320.560718774796
"scapulothoracic","sagittal plane elevation",3,11,1,2,2,TRUE,-2962.57326636896,5941.24091186227,5,1.86874568354339,0.92217598818978,2.02645233391048,0.991610281231946,0.591784753374634,0,7.3426661491394
"scapulothoracic","sagittal plane elevation",3,11,2,3,3,TRUE,-2319.48799011832,4661.50811101071,7,1.44162347617362,0.439365933426244,3.28114531987406,0.996130494650782,0.592483770591816,0,8.98037505149841
"scapulothoracic","sagittal plane elevation",3,11,3,4,4,TRUE,-1357.11130126284,2743.1924849495,9,0.792687497754684,0.317971367949983,2.49295244054607,0.998755160194478,0.596905017485608,0,22.4672868251801
"scapulothoracic","sagittal plane elevation",3,11,4,5,5,TRUE,-1165.89216302382,2367.19196012119,11,0.626169070954812,0.284893388740688,2.19790664052494,0.99908620446546,0.597800760201196,0,30.8829257488251
"scapulothoracic","sagittal plane elevation",3,11,5,6,6,TRUE,-972.502333946887,1986.85005361706,13,0.662728962063863,0.229452499506962,2.88830569938401,0.999325102411226,0.608968755014086,0,27.8898112773895
"scapulothoracic","sagittal plane elevation",3,11,6,7,7,TRUE,-795.89343235118,1640.07000207538,15,0.445163128724156,0.203341102014324,2.18924321897694,0.999495795834974,0.609933362636149,0,32.5113065242767
"scapulothoracic","sagittal plane elevation",3,11,7,8,8,TRUE,-658.00494131714,1370.73077165704,17,0.499198477192052,0.166155475506392,3.00440581732648,0.999606539121053,0.611151033092499,0,47.8688726425171
"scapulothoracic","sagittal plane elevation",3,11,8,9,9,TRUE,-623.233205008658,1307.62505068981,19,0.410313524467977,0.155646588110586,2.63618707900266,0.999656355007077,0.609893667141766,0,59.8458454608917
"scapulothoracic","sagittal plane elevation",3,11,9,10,10,TRUE,-595.002268553079,1257.60092942839,21,0.378809042313329,0.13920716471623,2.72118926554908,0.999698195639989,0.610232204640142,0,81.3873057365417
"scapulothoracic","sagittal plane elevation",3,11,10,11,11,TRUE,-586.319259169533,1246.67266231104,23,0.356224810012325,0.139639480281859,2.55103219586103,0.999728821905662,0.6108848161212,0,110.634379148483
"scapulothoracic","sagittal plane elevation",3,11,11,12,12,TRUE,-575.56477205992,1231.60143974154,25,0.333789223014812,0.125302745362126,2.66386200916954,0.999757437649971,0.60987726379127,0,144.143016576767
"scapulothoracic","sagittal plane elevation",3,11,12,13,13,TRUE,-588.113272879131,1263.1361930297,27,0.317308210457091,0.116287559052447,2.72865139695623,0.999777424862055,0.608096508392769,0,140.500099182129
"scapulothoracic","sagittal plane elevation",3,11,13,14,14,TRUE,-586.323503014563,1265.9944049503,29,0.303235162825421,0.108311789010641,2.79965057908543,0.999799767175329,0.606871175432735,0,144.324419260025
"scapulothoracic","sagittal plane elevation",3,11,14,15,15,TRUE,-649.259722699911,1398.30459597074,31,0.293746193955893,0.107818143734803,2.72445975955969,0.999802740139063,0.608015206616626,0,170.09755897522
"scapulothoracic","sagittal plane elevation",3,11,15,16,16,TRUE,-692.634315819881,1491.49153386041,33,0.288198926994759,0.105094349405188,2.74228755994879,0.999808672119359,0.610707069259066,0,199.511000394821
"scapulothoracic","sagittal plane elevation",3,11,16,17,17,TRUE,-727.777505599041,1568.21566506847,35,0.283103116496228,0.10154039526217,2.78808365641356,0.999816786051641,0.611691967823723,0,175.507543802261
"scapulothoracic","sagittal plane elevation",3,11,17,18,18,TRUE,-786.489408600127,1692.07722272038,37,0.280235147011882,0.0997458433661558,2.80949198036424,0.999819492443763,0.61253436008479,0,203.697516918182
"scapulothoracic","sagittal plane elevation",3,11,18,19,19,TRUE,-806.048940177078,1737.63403752402,39,0.27627861511789,0.098042324746929,2.81795251011267,0.999831527715973,0.61316019319105,0,341.108728647232
"scapulothoracic","sagittal plane elevation",3,11,19,20,20,TRUE,-871.777840018294,1875.52958885618,41,0.275373678898635,0.0968891510865381,2.84215183857561,0.999832260258386,0.613079520260935,0,309.069708585739
"scapulothoracic","sagittal plane elevation",3,11,20,21,21,TRUE,-912.326227952083,1963.0641163735,43,0.273345717450693,0.0951244612473401,2.87355863955904,0.999836159945753,0.612681098311526,0,377.495951890945
"glenohumeral","sagittal plane elevation",3,9,1,2,2,TRUE,-4601.16443363269,9218.21913641711,5,7.89603331121288,2.6802951743192,2.9459566195796,0.95198823121027,0.113566362588635,0,3.69675660133362
"glenohumeral","sagittal plane elevation",3,9,2,3,3,TRUE,-3987.25400884899,7996.75439451042,7,4.56786495528369,1.80269596337722,2.5339075740349,0.979762016178778,0.117085713394709,0,6.19956135749817
"glenohumeral","sagittal plane elevation",3,9,3,4,4,TRUE,-3472.22240495805,6973.04729438924,9,3.1223980962876,1.07598936796996,2.90188564054174,0.990501150849063,0.115078583596663,0,10.7282104492188
"glenohumeral","sagittal plane elevation",3,9,4,5,5,TRUE,-3115.17989638689,6265.31838490761,11,2.34287964797428,0.889935014970097,2.63264126993924,0.994639040893896,0.116258438463157,0,13.2273693084717
"glenohumeral","sagittal plane elevation",3,9,5,6,6,TRUE,-2889.28852812831,5819.89175605115,13,2.1020774032039,0.690225470776793,3.04549381644549,0.996457952455787,0.116374738742844,0,23.5253708362579
"glenohumeral","sagittal plane elevation",3,9,6,7,7,TRUE,-2895.74532722074,5839.1614618967,15,2.02740066975852,0.569875186321815,3.55762229768963,0.996783863555221,0.11518972915773,0,24.7741093635559
"glenohumeral","sagittal plane elevation",3,9,7,8,8,TRUE,-2770.94514173523,5595.91719858637,17,1.90343870881012,0.495711938076821,3.83980808732336,0.997574996317171,0.113345082830803,0,41.581303358078
"glenohumeral","sagittal plane elevation",3,9,8,9,9,TRUE,-2735.52193791957,5531.42689861576,19,1.6578628057013,0.459890152231402,3.60491042840839,0.997943815114424,0.113179568606846,0,42.2298283576965
"glenohumeral","sagittal plane elevation",3,9,9,10,10,TRUE,-2518.43856547921,5103.61626139572,21,1.35127573889629,0.380336340024253,3.55284414529024,0.998658023639502,0.113118341785031,0,59.3172137737274
"glenohumeral","sagittal plane elevation",3,9,10,11,11,TRUE,-2558.21569989653,5189.52663789107,23,1.31720011415533,0.381443471628357,3.45319873619096,0.998738483609579,0.112668458747171,0,81.6082463264465
"glenohumeral","sagittal plane elevation",3,9,11,12,12,TRUE,-2587.71682568847,5254.88499713564,25,1.27352304091464,0.339225382685088,3.75420916570056,0.998834571340598,0.112801145119189,0,85.4634318351746
"glenohumeral","sagittal plane elevation",3,9,12,13,13,TRUE,-2598.20411069385,5282.21567480709,27,1.25612695953401,0.338039248157382,3.71592046302622,0.998952628827865,0.113562508874826,0,107.306506633759
"glenohumeral","sagittal plane elevation",3,9,13,14,14,TRUE,-2569.51292842816,5231.18941793642,29,1.23610401476001,0.310842488719533,3.97662500983036,0.999115673368804,0.114547544022778,0,140.411298036575
"glenohumeral","sagittal plane elevation",3,9,14,15,15,TRUE,-2581.13870416264,5260.79707706607,31,1.21097913867826,0.291592444656176,4.1529853083339,0.999205840744957,0.114964663197228,0,166.546153068542
"glenohumeral","sagittal plane elevation",3,9,15,16,16,TRUE,-2630.8637302795,5366.60323696049,33,1.20308522660008,0.297747461361242,4.04062295308853,0.999247957325353,0.114151555335687,0,175.155868530273
"glenohumeral","sagittal plane elevation",3,9,16,17,17,TRUE,-2644.52731906041,5400.28652218299,35,1.18539980792349,0.267847296515603,4.42565530189861,0.999327511983417,0.11436646360857,0,179.0581843853
"glenohumeral","sagittal plane elevation",3,9,17,18,18,TRUE,-2681.9393071896,5481.46660610207,37,1.17365629685906,0.283364797953066,4.14185638208123,0.999378474122051,0.115118829734567,0,252.463873147964
"glenohumeral","sagittal plane elevation",3,9,18,19,19,TRUE,-2706.52802797668,5537.00015533693,39,1.16058624125402,0.256215303781062,4.52973036398227,0.999437759437684,0.116306224537272,0,189.598848104477
"glenohumeral","sagittal plane elevation",3,9,19,20,20,TRUE,-2762.99403778834,5656.28828262094,41,1.14437267535661,0.241570234159624,4.73722550850549,0.99946293143072,0.117147127934119,0,261.023991584778
"glenohumeral","sagittal plane elevation",3,9,20,21,21,TRUE,-2836.22279969995,5809.10191410485,43,1.13820651367668,0.235439801747942,4.83438443808762,0.999466715718765,0.117368356775518,0,403.252319812775
"sternoclavicular","horizontal flexion",3,18,1,2,2,TRUE,-1649.99906918468,3311.51106383433,5,2.18293841255218,0.910190265783834,2.39833196927489,0.968671727507397,-0.0980233659396235,0,1.57956099510193
"sternoclavicular","horizontal flexion",3,18,2,3,3,TRUE,-1063.75528453726,2143.62866472547,7,1.43021251898706,0.3737859131353,3.82628790633254,0.992027770169394,0.0811576859127191,0,6.97535872459412
"sternoclavicular","horizontal flexion",3,18,3,4,4,TRUE,-308.248803915533,637.220873668012,9,0.576539810476125,0.20610942445359,2.79725108157752,0.998662587279375,-0.146319003511635,0,5.76357269287109
"sternoclavicular","horizontal flexion",3,18,4,5,5,TRUE,-67.520814222405,160.370064467744,11,0.356129451548067,0.181169288472719,1.96572749471108,0.999284953957323,-0.1648239269595,0,7.70729517936707
"sternoclavicular","horizontal flexion",3,18,5,6,6,TRUE,233.610478719874,-437.287351230826,13,0.222742590335808,0.127351706529075,1.74903498670396,0.999680719689366,-0.0484969937313426,0,11.6802296638489
"sternoclavicular","horizontal flexion",3,18,6,7,7,TRUE,352.797758226105,-671.056740057299,15,0.212600266475063,0.0987560428674896,2.15278235439556,0.999784306493008,-0.0697939325779069,0,12.4303734302521
"sternoclavicular","horizontal flexion",3,18,7,8,8,TRUE,470.403671700299,-901.663396819699,17,0.21259867592173,0.0716689638102625,2.96639806994513,0.999851658371934,-0.0607365104765463,0,16.4676036834717
"sternoclavicular","horizontal flexion",3,18,8,9,9,TRUE,608.945694988626,-1174.14227321036,19,0.212598342582155,0.0577473456738671,3.68152579311301,0.999902150262706,0.00669861736584976,0,108.168352842331
"sternoclavicular","horizontal flexion",3,18,9,10,10,TRUE,655.97567128293,-1263.59705561298,21,0.212598244551195,0.044197947119818,4.81013844319181,0.999920150972045,0.0170101097276683,0,29.6087265014648
"sternoclavicular","horizontal flexion",3,18,10,11,11,TRUE,753.840002100864,-1454.72054706286,23,0.212598274220945,0.0455584288529983,4.6664970582486,0.999940626819748,0.0477732229471822,0,53.839054107666
"sternoclavicular","horizontal flexion",3,18,11,12,12,TRUE,780.216642773821,-1502.86865822279,25,0.212598305869044,0.0410276924857974,5.18182459183244,0.999948140436739,0.0575034097897462,0,55.1947453022003
"sternoclavicular","horizontal flexion",3,18,12,13,13,TRUE,773.161264307442,-1484.15273110404,27,0.212598630678674,0.0385873777086589,5.50953817810139,0.999948832536589,0.0953800819507783,0,155.041763782501
"sternoclavicular","horizontal flexion",3,18,13,14,14,TRUE,813.217050994644,-1559.65913429246,29,0.212599520056192,0.0370610041244149,5.7364749034454,0.99994954712861,0.0994011821065349,0,68.2371788024902
"sternoclavicular","horizontal flexion",3,18,14,15,15,TRUE,818.369557550049,-1565.35897721728,31,0.212599612179084,0.0416069528791952,5.1097135807172,0.999950491164339,0.0800221519956162,0,90.860342502594
"sternoclavicular","horizontal flexion",3,18,15,16,16,TRUE,815.848098177042,-1555.71088828528,33,0.21259954804824,0.0483304979722443,4.39886938823461,0.999948624303483,0.106912014476199,0,114.334049224854
"sternoclavicular","horizontal flexion",3,18,16,17,17,TRUE,849.08734061493,-1617.58420297507,35,0.212599167272822,0.0360357517136918,5.89967343992009,0.999952451463662,0.109218741685897,0,126.012849092484
"sternoclavicular","horizontal flexion",3,18,17,18,18,TRUE,855.498502999417,-1625.80135755805,37,0.212598981995875,0.0339473973794006,6.26260032896898,0.999954931873646,0.107323017644546,0,550.766138315201
"sternoclavicular","horizontal flexion",3,18,18,19,19,TRUE,860.727824259125,-1631.65482989148,39,0.212598795327561,0.0322979561296157,6.58242256799086,0.999957471508801,0.0996925798209382,0,215.882383584976
"sternoclavicular","horizontal flexion",3,18,19,20,20,FALSE,NA,NA,NA,NA,NA,NA,NA,NA,NA,2568.99886608124
"sternoclavicular","horizontal flexion",3,18,20,21,21,TRUE,856.078302204041,-1613.14544540934,43,0.212598648895979,0.027899804988695,7.62007651960735,0.999960981500928,0.115363482731951,1,1583.95198726654
"acromioclavicular","horizontal flexion",3,14,1,2,2,TRUE,-1798.90216683763,3608.79045656193,5,2.64887809014512,1.58231255628704,1.6740549012395,0.890771699242581,0.0376796789724786,0,1.54327750205994
"acromioclavicular","horizontal flexion",3,14,2,3,3,TRUE,-971.133991435658,1957.64855491267,7,1.30626540165202,0.497736160825529,2.62441330259287,0.984227016575975,0.0395586378526922,0,2.08495712280273
"acromioclavicular","horizontal flexion",3,14,3,4,4,TRUE,-636.205277776989,1292.18557675,9,0.88477680839233,0.288038775672745,3.07172812523536,0.993163259351949,0.030372800293459,0,4.15523934364319
"acromioclavicular","horizontal flexion",3,14,4,5,5,TRUE,-269.227525744468,562.624521839635,11,0.50217829952916,0.19618817989893,2.5596766318331,0.997284810533906,0.0362713567216468,0,5.10572528839111
"acromioclavicular","horizontal flexion",3,14,5,6,6,TRUE,147.682342443661,-266.800765381952,13,0.284329146413269,0.112235590771546,2.53332427315339,0.999096263248309,0.0492586688420125,0,7.25198936462402
"acromioclavicular","horizontal flexion",3,14,6,7,7,TRUE,341.466112525754,-649.973856391465,15,0.167564565725255,0.0768663415564931,2.17994719577102,0.999531063926753,0.0659950661413911,0,13.0806283950806
"acromioclavicular","horizontal flexion",3,14,7,8,8,TRUE,453.284836886409,-869.216855958103,17,0.18894768316612,0.0618514834518812,3.05486097699041,0.999611274392505,0.0437183758381322,0,10.1156079769135
"acromioclavicular","horizontal flexion",3,14,8,9,9,TRUE,536.955133966058,-1032.16300096273,19,0.149275440193236,0.0623159840402327,2.39545988869983,0.999707904736676,0.0425505835641673,0,14.710081577301
"acromioclavicular","horizontal flexion",3,14,9,10,10,TRUE,530.876873488021,-1015.61203085198,21,0.146631213026395,0.0551751810825796,2.65755744067128,0.999723932966768,0.0433539364287374,0,18.4067690372467
"acromioclavicular","horizontal flexion",3,14,10,11,11,TRUE,546.473488480454,-1042.41081168217,23,0.142965729072987,0.0505403437892093,2.82874468898075,0.999745776884736,0.0346109343817933,0,20.7746007442474
"acromioclavicular","horizontal flexion",3,14,11,12,12,TRUE,601.924915734008,-1148.91921703461,25,0.140273065156799,0.0557374580900073,2.51667496085451,0.999785014411173,0.0143857375904385,0,40.1745383739471
"acromioclavicular","horizontal flexion",3,14,12,13,13,TRUE,602.739564153148,-1146.15406471822,27,0.135816781493226,0.0391656544196364,3.46775212889414,0.999798192823357,-0.00773808242882423,0,32.1086521148682
"acromioclavicular","horizontal flexion",3,14,13,14,14,TRUE,600.573463068038,-1137.42741339332,29,0.131572545127995,0.0393305619173092,3.34530041560607,0.99979560851096,0.0169563468186416,1,59.3112578392029
"acromioclavicular","horizontal flexion",3,14,14,15,15,TRUE,642.054647131771,-1215.99533236612,31,0.128553958772967,0.033617732572152,3.82399254610816,0.999825955442504,0.019148982222449,0,63.5787131786346
"acromioclavicular","horizontal flexion",3,14,15,16,16,TRUE,639.748741084684,-1206.98907111727,33,0.128034590486713,0.0331722265390625,3.85969239465862,0.999833583255518,0.018338624601087,0,71.2437837123871
"acromioclavicular","horizontal flexion",3,14,16,17,17,TRUE,624.503644618972,-1172.10442903118,35,0.128326937646343,0.0316991351329181,4.04827882868897,0.999836349834563,0.0193398669601232,0,85.1583979129791
"acromioclavicular","horizontal flexion",3,14,17,18,18,TRUE,645.05613992496,-1208.81497048848,37,0.126611299527546,0.0308460962444371,4.1046133852474,0.999853475403502,0.021364791159557,0,58.5577185153961
"acromioclavicular","horizontal flexion",3,14,18,19,19,TRUE,645.517224224288,-1205.34268993246,39,0.128544381085988,0.025824154707427,4.97768010385327,0.999861604968688,0.026154703961889,0,88.8399221897125
"acromioclavicular","horizontal flexion",3,14,19,20,20,TRUE,637.216988361531,-1184.34776905228,41,0.127834756294771,0.0262693961550085,4.86629976343779,0.999865466585291,0.0308544655665821,0,86.4596693515778
"acromioclavicular","horizontal flexion",3,14,20,21,21,TRUE,636.014007643547,-1177.54735846164,43,0.129290580324716,0.0203549083721392,6.35181342804187,0.999872473601771,0.0322796480496191,0,91.9845407009125
"scapulothoracic","horizontal flexion",3,8,1,2,2,TRUE,-400.221680068963,810.172910883202,5,0.89807157989668,0.468649248041424,1.91629792141969,0.98980011845849,0.160682231770095,0,0.412815093994141
"scapulothoracic","horizontal flexion",3,8,2,3,3,TRUE,-269.946812318645,553.514995680677,7,0.748482062313992,0.247037358307237,3.02983349337438,0.995064168000429,0.16571809485024,0,0.715797185897827
"scapulothoracic","horizontal flexion",3,8,3,4,4,TRUE,-159.192197945901,335.897587233299,9,0.466329693088596,0.217994590256652,2.13918011699084,0.99747412758504,0.166598407115048,0,1.29880785942078
"scapulothoracic","horizontal flexion",3,8,4,5,5,TRUE,-110.418646128169,242.242303895946,11,0.371980802489133,0.207995833328771,1.78840506819748,0.998268479333614,0.166926183484268,0,1.16738152503967
"scapulothoracic","horizontal flexion",3,8,5,6,6,TRUE,-91.9833166501318,209.263465237983,13,0.313954736021006,0.185850668887055,1.68928493989872,0.998623194136808,0.167128167947328,0,2.47208642959595
"scapulothoracic","horizontal flexion",3,8,6,7,7,TRUE,-78.9077247039724,187.004101643774,15,0.269913395832699,0.160106417607868,1.68583745652076,0.998758281390883,0.169035138772165,0,2.44571042060852
"scapulothoracic","horizontal flexion",3,8,7,8,8,TRUE,-50.6020879208742,134.284648375689,17,0.249984427599363,0.144605956512566,1.72872842604959,0.998953663282177,0.16957248651855,0,3.63509607315063
"scapulothoracic","horizontal flexion",3,8,8,9,9,TRUE,-38.9829063383769,114.938105508805,19,0.241694507896275,0.138829386477329,1.74094630848018,0.999116158637775,0.170304791044908,0,6.24003553390503
"scapulothoracic","horizontal flexion",3,8,9,10,10,TRUE,-41.4400982074276,123.744309545017,21,0.238624513663884,0.124928266175389,1.91009225509362,0.999198351800872,0.170645883543061,0,7.74990725517273
"scapulothoracic","horizontal flexion",3,8,10,11,11,TRUE,-55.0439898633941,154.84391315506,23,0.237693897273994,0.117606092426526,2.02110190356416,0.999213424956103,0.171116815486155,0,10.745950460434
"scapulothoracic","horizontal flexion",3,8,11,12,12,TRUE,-70.742262257359,190.132278241101,25,0.237505359865484,0.121681555770854,1.95185998700365,0.999206326452451,0.171945408106865,0,9.86463260650635
"scapulothoracic","horizontal flexion",3,8,12,13,13,TRUE,-80.7990725192048,214.137719062903,27,0.237449090582605,0.111703539312595,2.12570785172813,0.999227399157059,0.172551872399759,0,17.2201390266418
"scapulothoracic","horizontal flexion",3,8,13,14,14,TRUE,-85.9992663774542,228.429927077513,29,0.237431259997282,0.113573967783492,2.09054297063831,0.999264687120651,0.172536614428155,0,13.7699067592621
"scapulothoracic","horizontal flexion",3,8,14,15,15,TRUE,-88.9348499329293,238.192914486573,31,0.237815875591913,0.115637934572228,2.05655589121036,0.999309386224204,0.171620010628138,0,18.1433627605438
"scapulothoracic","horizontal flexion",3,8,15,16,16,TRUE,-91.6323731624795,247.479781243784,33,0.236772056107131,0.115286044052443,2.05377899860476,0.999368230927651,0.168993679643553,0,18.188175201416
"scapulothoracic","horizontal flexion",3,8,16,17,17,TRUE,-101.835305113505,271.777465443945,35,0.235823111111845,0.114932581558145,2.05183863369972,0.999401972936026,0.165290955948612,0,28.2573335170746
"scapulothoracic","horizontal flexion",3,8,17,18,18,TRUE,-118.676098465415,309.350872445877,37,0.237126900286762,0.118228830630593,2.00566054000541,0.999367131860424,0.167309182664197,0,32.5563097000122
"scapulothoracic","horizontal flexion",3,8,18,19,19,TRUE,-128.899969617952,333.690435049062,39,0.238648121585092,0.11998705248861,1.98894894603522,0.999349567891968,0.169577978548348,0,42.6498355865479
"scapulothoracic","horizontal flexion",3,8,19,20,20,TRUE,-133.830245718711,347.44280754869,41,0.23899861501612,0.119906939296282,1.9932008640932,0.999369838049043,0.170179935306334,0,24.0371448993683
"scapulothoracic","horizontal flexion",3,8,20,21,21,TRUE,-130.846509197022,345.367154803423,43,0.237655426630664,0.118483120059829,2.00581674850103,0.999429528754841,0.169928239886472,0,14.8066644668579
"glenohumeral","horizontal flexion",3,11,1,2,2,TRUE,-1668.00435153018,3346.99482594704,5,2.46821987425355,1.07389031970678,2.29839102649467,0.992430914427447,0.315020328147822,0,4.37458348274231
"glenohumeral","horizontal flexion",3,11,2,3,3,TRUE,-1385.89075455812,2787.16208115759,7,1.74104617732391,0.738253168959865,2.35833214204404,0.996265453085289,0.316584531033206,0,4.35671591758728
"glenohumeral","horizontal flexion",3,11,3,4,4,TRUE,-846.534577500913,1712.84417619785,9,1.04818576133955,0.342049181910945,3.06442996145639,0.998992403399407,0.309588242477925,0,7.28136897087097
"glenohumeral","horizontal flexion",3,11,4,5,5,TRUE,-498.476858115365,1021.12318658143,11,0.729620099623973,0.269005633398939,2.71228557709027,0.999585009972427,0.308865266415346,0,11.3719828128815
"glenohumeral","horizontal flexion",3,11,5,6,6,TRUE,-334.840318924666,698.244557354703,13,0.540794033780061,0.258187040984455,2.09458240707217,0.999738138756066,0.309427521080369,0,18.5416893959045
"glenohumeral","horizontal flexion",3,11,6,7,7,TRUE,-199.731193991328,432.4207566427,15,0.471526727985663,0.103027699719495,4.57669858950019,0.999826471878827,0.30400959569209,0,27.9370801448822
"glenohumeral","horizontal flexion",3,11,7,8,8,TRUE,-209.777455316988,456.907728448691,17,0.450320032576681,0.0963319940862395,4.67466740254064,0.99983627195464,0.304608038818653,0,31.9781308174133
"glenohumeral","horizontal flexion",3,11,8,9,9,TRUE,-167.146388651301,376.040044271989,19,0.438791432031824,0.0575096302414153,7.6298774690405,0.999863734299901,0.306935287716886,0,27.8951230049133
"glenohumeral","horizontal flexion",3,11,9,10,10,TRUE,-89.4350092510893,225.011734626239,21,0.423341960612859,0.0552687886331038,7.65969313029766,0.999892876555257,0.310808008794007,0,41.8004221916199
"glenohumeral","horizontal flexion",3,11,10,11,11,TRUE,-33.7375487184644,118.011262715662,23,0.405466948455353,0.0560050435691652,7.23982917635996,0.999908473035436,0.311951208321208,0,42.7491145133972
"glenohumeral","horizontal flexion",3,11,11,12,12,TRUE,8.09313650887253,38.7443414156604,25,0.398644060039962,0.0666809400104393,5.97838092830654,0.999917395690517,0.310289250182433,0,57.0646483898163
"glenohumeral","horizontal flexion",3,11,12,13,13,TRUE,5.18685435258028,48.9513548829174,27,0.392185577456048,0.0865290917754296,4.53241296550176,0.9999196651432,0.305050366651275,0,53.8933033943176
"glenohumeral","horizontal flexion",3,11,13,14,14,TRUE,10.8770528911489,41.9654069604525,29,0.386755595838945,0.0663551567573155,5.82856879162306,0.99992498984199,0.304527904948115,0,78.0964748859406
"glenohumeral","horizontal flexion",3,11,14,15,15,TRUE,6.10728995923382,55.8993819789552,31,0.384192069483706,0.0564370027684332,6.80744991118833,0.999928264112306,0.305854847216271,0,115.096706867218
"glenohumeral","horizontal flexion",3,11,15,16,16,TRUE,-11.560823950994,95.6300589540832,33,0.382343629866931,0.0587622546645601,6.5066194626042,0.999929727725062,0.304359354147502,0,158.93861913681
"glenohumeral","horizontal flexion",3,11,16,17,17,TRUE,-28.4172444083703,133.737349023508,35,0.382365521605805,0.0539884079735345,7.08236334350225,0.9999310792219,0.303566319418043,0,161.222906827927
"glenohumeral","horizontal flexion",3,11,17,18,18,TRUE,-46.7961195908988,174.889548543238,37,0.383062507689831,0.044536763359584,8.60104055153343,0.999931750949329,0.303173540609436,0,231.545367002487
"glenohumeral","horizontal flexion",3,11,18,19,19,TRUE,-70.8264962640331,227.344751044179,39,0.384882706162293,0.040233211747656,9.56629335426389,0.999931056826293,0.305409374108609,0,1253.63692855835
"glenohumeral","horizontal flexion",3,11,19,20,20,TRUE,-90.9049320985335,271.896071867852,41,0.385944309265562,0.0299863285003703,12.8706756901164,0.999931156878165,0.307714481955695,0,347.693642854691
"glenohumeral","horizontal flexion",3,11,20,21,21,TRUE,-111.065022283698,316.610701392854,43,0.387536554604022,0.0283803898807104,13.6550821265293,0.999931364252951,0.309560778139367,0,254.306829929352
"sternoclavicular","internal-external rotation 0 degree-abducted",3,17,1,2,2,TRUE,-270.601772481729,553.628078212397,5,0.686828424001594,0.175574671913169,3.91188783961543,0.998127059796463,-0.0139116076812194,0,3.25628542900085
"sternoclavicular","internal-external rotation 0 degree-abducted",3,17,2,3,3,TRUE,-62.8977176366103,143.189781821737,7,0.673521154560908,0.108680986806643,6.19723076087989,0.998755920438894,-0.0494446280776628,0,4.32583594322205
"sternoclavicular","internal-external rotation 0 degree-abducted",3,17,3,4,4,TRUE,515.270572563786,-1008.17698527948,9,0.318072685161215,0.0855360775551616,3.71857927382855,0.999572195593673,-0.1134281927365,0,6.5655357837677
"sternoclavicular","internal-external rotation 0 degree-abducted",3,17,4,5,5,TRUE,523.616568827042,-1019.89916450642,11,0.344959656460953,0.073766762901033,4.67635616495409,0.999595363339049,-0.115292535608311,0,15.8104317188263
"sternoclavicular","internal-external rotation 0 degree-abducted",3,17,5,6,6,TRUE,799.187793010553,-1566.07179957386,13,0.250699492357881,0.0534784564268837,4.68785954397618,0.999747521542871,-0.0322109411243214,0,24.5505123138428
"sternoclavicular","internal-external rotation 0 degree-abducted",3,17,6,7,7,TRUE,1019.09570077303,-2000.91780179924,15,0.167219690879788,0.0457212625420015,3.6573725567218,0.99984837893829,-0.00117626025476913,0,28.2671046257019
"sternoclavicular","internal-external rotation 0 degree-abducted",3,17,7,8,8,TRUE,1074.02538480528,-2105.80735656416,17,0.167245985943071,0.0408885753847632,4.09028645212701,0.999881231312204,-0.0131923168373411,0,21.1910865306854
"sternoclavicular","internal-external rotation 0 degree-abducted",3,17,8,9,9,TRUE,1097.77337607909,-2148.3335258122,19,0.153938494752829,0.0325092467342752,4.73522182814922,0.999907138084185,-1.81402949870918,0,390.079198598862
"sternoclavicular","internal-external rotation 0 degree-abducted",3,17,9,10,10,TRUE,1086.05957850896,-2119.93611737237,21,0.154610490623774,0.0307829737854403,5.02259761195983,0.99987063242299,-0.0199300751976506,1,123.111308336258
"sternoclavicular","internal-external rotation 0 degree-abducted",3,17,10,11,11,TRUE,1193.83209717897,-2330.51134141282,23,0.152888276887273,0.0241311326607481,6.33572733765465,0.999900780823958,-0.0408371091917028,0,81.9285359382629
"sternoclavicular","internal-external rotation 0 degree-abducted",3,17,11,12,12,TRUE,1230.66562581527,-2399.20858538584,25,0.153466440055022,0.0260063098679173,5.90112325948812,0.999899200558058,-0.0279296022633861,0,89.3240811824799
"sternoclavicular","internal-external rotation 0 degree-abducted",3,17,12,13,13,FALSE,NA,NA,NA,NA,NA,NA,NA,NA,NA,1580.94445896149
"sternoclavicular","internal-external rotation 0 degree-abducted",3,17,13,14,14,TRUE,1363.22079815854,-2654.37930347322,29,0.153511336590984,0.0298469691935959,5.14328056544922,0.99992276330225,-0.00794279460642255,1,390.425164937973
"sternoclavicular","internal-external rotation 0 degree-abducted",3,17,14,15,15,FALSE,NA,NA,NA,NA,NA,NA,NA,NA,NA,1553.75353455544
"sternoclavicular","internal-external rotation 0 degree-abducted",3,17,15,16,16,FALSE,NA,NA,NA,NA,NA,NA,NA,NA,NA,1998.91976761818
"sternoclavicular","internal-external rotation 0 degree-abducted",3,17,16,17,17,FALSE,NA,NA,NA,NA,NA,NA,NA,NA,NA,2055.25705695152
"sternoclavicular","internal-external rotation 0 degree-abducted",3,17,17,18,18,TRUE,1379.39805965978,-2666.85457327741,37,0.151815182205611,0.0193728369698622,7.83649717600913,0.999932246655594,-0.0296696392649494,1,2006.07208776474
"sternoclavicular","internal-external rotation 0 degree-abducted",3,17,18,19,19,FALSE,NA,NA,NA,NA,NA,NA,NA,NA,NA,3402.41908931732
"sternoclavicular","internal-external rotation 0 degree-abducted",3,17,19,20,20,FALSE,NA,NA,NA,NA,NA,NA,NA,NA,NA,2928.12455320358
"sternoclavicular","internal-external rotation 0 degree-abducted",3,17,20,21,21,FALSE,NA,NA,NA,NA,NA,NA,NA,NA,NA,2688.78181481361
"acromioclavicular","internal-external rotation 0 degree-abducted",3,17,1,2,2,TRUE,-654.469880269074,1321.36429378709,5,0.724620216708608,0.265205184843336,2.73230033996757,0.995553351672671,-0.000298258234675552,0,3.55647015571594
"acromioclavicular","internal-external rotation 0 degree-abducted",3,17,2,3,3,TRUE,-34.0349702723611,85.4642870932383,7,0.371948432565262,0.167618090250567,2.21902320930425,0.998579811361673,-0.0306509833224065,0,6.75762557983398
"acromioclavicular","internal-external rotation 0 degree-abducted",3,17,3,4,4,TRUE,380.59694914372,-738.829738439348,9,0.253955881161156,0.121279305435285,2.09397539217165,0.999372309970526,-0.399948395406547,0,12.7814173698425
"acromioclavicular","internal-external rotation 0 degree-abducted",3,17,4,5,5,TRUE,734.294779124288,-1441.25558510091,11,0.162488688668643,0.101381968559583,1.60273755754847,0.999681103479291,-1.68202980856045,0,20.7509725093842
"acromioclavicular","internal-external rotation 0 degree-abducted",3,17,5,6,6,TRUE,874.810168115284,-1717.31654978332,13,0.138584677057942,0.0879309387085076,1.57606274985136,0.999743093381972,-0.165594055660619,0,20.8221685886383
"acromioclavicular","internal-external rotation 0 degree-abducted",3,17,6,7,7,TRUE,899.416971218618,-1761.56034269042,15,0.138582543445846,0.0830153175146873,1.66936112026949,0.999764407325363,-0.0793818106062063,0,39.501601934433
"acromioclavicular","internal-external rotation 0 degree-abducted",3,17,7,8,8,TRUE,908.185081831711,-1774.12675061703,17,0.138600249852753,0.0788038155233085,1.75880125768477,0.999775884118102,-0.0609856991168252,0,56.2090384960175
"acromioclavicular","internal-external rotation 0 degree-abducted",3,17,8,9,9,TRUE,930.201004304112,-1813.18878226225,19,0.139098082267966,0.0859152146261705,1.61901571070039,0.999781505280991,-0.0255594699054542,0,47.942549943924
"acromioclavicular","internal-external rotation 0 degree-abducted",3,17,9,10,10,FALSE,NA,NA,NA,NA,NA,NA,NA,NA,NA,2179.64086985588
"acromioclavicular","internal-external rotation 0 degree-abducted",3,17,10,11,11,TRUE,1172.89383965569,-2288.63482636625,23,0.127204927844205,0.050206455123222,2.53363691047308,0.999868552312956,0.00310391826117995,1,1282.80614638329
"acromioclavicular","internal-external rotation 0 degree-abducted",3,17,11,12,12,FALSE,NA,NA,NA,NA,NA,NA,NA,NA,NA,1387.36925721169
"acromioclavicular","internal-external rotation 0 degree-abducted",3,17,12,13,13,TRUE,1270.42293092255,-2473.75338230082,27,0.120643552512375,0.0379985837041739,3.17494866260301,0.999888249317682,0.0155228321693769,1,325.931948900223
"acromioclavicular","internal-external rotation 0 degree-abducted",3,17,13,14,14,TRUE,1355.59144459718,-2639.12059635052,29,0.118483646756478,0.0364288698533505,3.25246561953337,0.999909058424994,0.0215799739489509,0,182.260264396667
"acromioclavicular","internal-external rotation 0 degree-abducted",3,17,14,15,15,TRUE,1463.1859451529,-2849.33978416238,31,0.116360716663031,0.0396362854150947,2.93571194788898,0.99992306121405,0.0196611566364726,1,1120.15654397011
"acromioclavicular","internal-external rotation 0 degree-abducted",3,17,15,16,16,FALSE,NA,NA,NA,NA,NA,NA,NA,NA,NA,2148.31782054901
"acromioclavicular","internal-external rotation 0 degree-abducted",3,17,16,17,17,FALSE,NA,NA,NA,NA,NA,NA,NA,NA,NA,2143.53300452232
"acromioclavicular","internal-external rotation 0 degree-abducted",3,17,17,18,18,TRUE,1558.35728798095,-3024.77302991973,37,0.105912841802898,0.0253475491036862,4.1784253526703,0.99994089481802,-0.0169929313616797,1,646.608448505402
"acromioclavicular","internal-external rotation 0 degree-abducted",3,17,18,19,19,FALSE,NA,NA,NA,NA,NA,NA,NA,NA,NA,2800.35881733894
"acromioclavicular","internal-external rotation 0 degree-abducted",3,17,19,20,20,TRUE,1535.65366035302,-2969.42614806472,41,0.102902801996549,0.0282342995939725,3.64460261017124,0.999941150870516,-0.00910341933537961,1,3192.9720184803
"acromioclavicular","internal-external rotation 0 degree-abducted",3,17,20,21,21,FALSE,NA,NA,NA,NA,NA,NA,NA,NA,NA,4165.0991165638
"scapulothoracic","internal-external rotation 0 degree-abducted",3,17,1,2,2,TRUE,-1689.71198295549,3394.6465780996,5,1.16408508584455,0.416236689515951,2.79669023698581,0.992761796963224,-0.0138753605543145,0,6.85578513145447
"scapulothoracic","internal-external rotation 0 degree-abducted",3,17,2,3,3,TRUE,-1099.84187175253,2220.99540056912,7,0.886841906782755,0.234750607484121,3.77780452322255,0.99698340993155,-0.0983976871045578,0,7.37300181388855
"scapulothoracic","internal-external rotation 0 degree-abducted",3,17,3,4,4,TRUE,-846.73742192901,1720.87554579753,9,0.866224432110962,0.221210311182095,3.91584111736052,0.99794352903701,-0.0606881988413874,0,7.39764881134033
"scapulothoracic","internal-external rotation 0 degree-abducted",3,17,4,5,5,TRUE,-789.775990700651,1613.04172821626,11,0.833202881634513,0.194113843827271,4.29234136631659,0.998221053142724,-0.0811277665980206,0,14.1719033718109
"scapulothoracic","internal-external rotation 0 degree-abducted",3,17,5,6,6,TRUE,-737.752113572263,1515.08301883493,13,0.791897562650157,0.191785189654554,4.12908610970708,0.998408301059223,-0.118680520775566,0,18.1227142810822
"scapulothoracic","internal-external rotation 0 degree-abducted",3,17,6,7,7,TRUE,-655.951755132265,1357.57134683038,15,0.762194716013875,0.165595796568747,4.60274192827986,0.998592614443341,-0.0265497424845798,0,16.4716908931732
"scapulothoracic","internal-external rotation 0 degree-abducted",3,17,7,8,8,TRUE,-651.778182318103,1355.3132460775,17,0.761050237010305,0.175955006607324,4.32525480055666,0.998621933895176,-0.00403876572567774,0,31.4740595817566
"scapulothoracic","internal-external rotation 0 degree-abducted",3,17,8,9,9,TRUE,-663.339052284025,1384.52403088479,19,0.770067573465486,0.177522871703415,4.33784991238779,0.998660357250447,-0.0046552635287842,0,40.5446479320526
"scapulothoracic","internal-external rotation 0 degree-abducted",3,17,9,10,10,TRUE,-622.902684426776,1309.74034004574,21,0.76586340774573,0.147926193286573,5.17733466082,0.998768836040071,0.00603642696036299,0,41.214076757431
"scapulothoracic","internal-external rotation 0 degree-abducted",3,17,10,11,11,TRUE,-627.391729961456,1324.80747599055,23,0.749025812307895,0.152775077266841,4.90280107009619,0.998800042481754,0.0154636922933291,0,64.8312990665436
"scapulothoracic","internal-external rotation 0 degree-abducted",3,17,11,12,12,TRUE,-622.148665214002,1320.41039137109,25,0.717717282436913,0.145389803594038,4.93650355592298,0.998770653057692,-0.0164792627229551,0,56.053112745285
"scapulothoracic","internal-external rotation 0 degree-abducted",3,17,12,13,13,TRUE,-593.017235481897,1268.23657678233,27,0.715725551191733,0.149350287545052,4.79226095213131,0.998817119049821,-0.0172155719834621,0,58.8875999450684
"scapulothoracic","internal-external rotation 0 degree-abducted",3,17,13,14,14,TRUE,-605.565371600992,1299.42189389596,29,0.73304709804998,0.15271493418475,4.80010093291311,0.998833659340537,-0.0204992749222606,0,77.2215874195099
"scapulothoracic","internal-external rotation 0 degree-abducted",3,17,14,15,15,TRUE,-595.578055856975,1285.53630728338,31,0.73248260409666,0.145289990779292,5.04152144389192,0.998870412146513,-0.0221819519691808,0,92.814749956131
"scapulothoracic","internal-external rotation 0 degree-abducted",3,17,15,16,16,TRUE,-556.85801029552,1214.18526103591,33,0.703978344875329,0.143831083557446,4.89447988198017,0.998966873540772,-0.0240996593182672,0,118.122378826141
"scapulothoracic","internal-external rotation 0 degree-abducted",3,17,16,17,17,TRUE,-542.377052466592,1191.3123902535,35,0.681242444912944,0.14295708006239,4.76536345465109,0.998994622862965,-0.0296118361497435,0,122.359935045242
"scapulothoracic","internal-external rotation 0 degree-abducted",3,17,17,18,18,TRUE,-535.944509421236,1184.53634903824,37,0.667612984998195,0.144058054795141,4.63433291493196,0.999033633738397,-0.0389122835130773,0,110.79100561142
"scapulothoracic","internal-external rotation 0 degree-abducted",3,17,18,19,19,TRUE,-549.871735038622,1218.47984514846,39,0.681603379299999,0.141160147116697,4.82858223955036,0.99903123879696,-0.0459264733694802,0,154.497325181961
"scapulothoracic","internal-external rotation 0 degree-abducted",3,17,19,20,20,TRUE,-570.439649523891,1265.70471899444,41,0.699658116212201,0.14299402171165,4.8929186537817,0.999018630657105,-0.0517382498495533,0,237.605765104294
"scapulothoracic","internal-external rotation 0 degree-abducted",3,17,20,21,21,TRUE,-587.162448334233,1305.23936149057,43,0.691476640491335,0.135928813025418,5.08704979541045,0.99903561166762,-0.0633560758709166,0,222.672602415085
"glenohumeral","internal-external rotation 0 degree-abducted",3,17,1,2,2,TRUE,-5695.66026539678,11406.5431429822,5,18.7563794771789,2.54309142519174,7.37542476506316,0.976895844577654,0.266163786589582,0,8.10907244682312
"glenohumeral","internal-external rotation 0 degree-abducted",3,17,2,3,3,TRUE,-4911.79225834264,9844.89617374935,7,11.1548067312104,2.28437278356611,4.88309386780418,0.992696322553065,0.16273416958346,0,9.99442219734192
"glenohumeral","internal-external rotation 0 degree-abducted",3,17,3,4,4,TRUE,-4811.43807831852,9650.27685857655,9,11.1806883003484,1.83167249174912,6.10408703013909,0.993518421056212,0.284540743247931,0,18.3552060127258
"glenohumeral","internal-external rotation 0 degree-abducted",3,17,4,5,5,TRUE,-4667.5798977755,9368.64954236597,11,10.2346749117095,1.78533281836883,5.73264256748518,0.994940066184466,0.225426231388885,0,17.9998528957367
"glenohumeral","internal-external rotation 0 degree-abducted",3,17,5,6,6,TRUE,-4547.38061030608,9134.34001230257,13,9.18819896877056,1.38776103883901,6.62087975640053,0.995754982971051,0.272940851347494,0,23.9458103179932
"glenohumeral","internal-external rotation 0 degree-abducted",3,17,6,7,7,TRUE,-4469.70954991741,8985.08693640068,15,8.19328897905329,1.32743675798299,6.17226314532892,0.996421850420738,0.276397036898304,0,26.4823474884033
"glenohumeral","internal-external rotation 0 degree-abducted",3,17,7,8,8,TRUE,-4451.86420305921,8955.48528755972,17,7.32824810043603,1.2197407748812,6.00803732346307,0.996721283775761,0.275437594645754,0,41.6673226356506
"glenohumeral","internal-external rotation 0 degree-abducted",3,17,8,9,9,TRUE,-4425.54763581461,8908.94119794596,19,6.80994829364869,1.16584674861008,5.84120365885782,0.997041463883198,0.242946637424834,0,55.8180465698242
"glenohumeral","internal-external rotation 0 degree-abducted",3,17,9,10,10,TRUE,-4417.84516443068,8899.62530005355,21,6.49660410556088,1.12389604562594,5.78043150062217,0.997254439267976,0.168023552597853,0,64.5969395637512
"glenohumeral","internal-external rotation 0 degree-abducted",3,17,10,11,11,TRUE,-4339.64564406897,8749.31530420558,23,6.25989474906777,1.10556986057879,5.66214309224256,0.997627066722312,-0.032289196658259,0,69.8040900230408
"glenohumeral","internal-external rotation 0 degree-abducted",3,17,11,12,12,TRUE,-4313.09461307644,8702.30228709597,25,6.32879149371101,1.08280989163425,5.84478544443213,0.997872136939454,-0.326086696140621,0,63.7402241230011
"glenohumeral","internal-external rotation 0 degree-abducted",3,17,12,13,13,TRUE,-4278.88199245477,8639.96609072807,27,6.20369267152021,1.06214118529537,5.84074203825832,0.998014345589046,-1.04462840931369,0,133.780585289001
"glenohumeral","internal-external rotation 0 degree-abducted",3,17,13,14,14,TRUE,-4374.21409585146,8836.71934239691,29,6.80821922609137,1.06341134224552,6.40224432035395,0.997469608257525,0.264687972914256,0,172.312087774277
"glenohumeral","internal-external rotation 0 degree-abducted",3,17,14,15,15,TRUE,-4344.2716105562,8782.92341668182,31,6.12165615630127,1.03518729014007,5.91357352877947,0.997659797527655,0.269755016897985,0,161.947745323181
"glenohumeral","internal-external rotation 0 degree-abducted",3,17,15,16,16,TRUE,-4282.45121192282,8665.37166429051,33,6.01884864780448,0.957701153928921,6.28468350811989,0.997967000311287,0.270529954525672,0,251.430792808533
"glenohumeral","internal-external rotation 0 degree-abducted",3,17,16,17,17,TRUE,-4259.48727570869,8625.5328367377,35,6.12825213088729,0.883583418866312,6.9356803217858,0.998117544333431,0.266424383751078,0,1177.88731312752
"glenohumeral","internal-external rotation 0 degree-abducted",3,17,17,18,18,TRUE,-4219.08102402333,8550.80937824242,37,5.85855672134057,0.827095224135792,7.08329168199708,0.998305373547416,0.252113141341272,0,187.246507644653
"glenohumeral","internal-external rotation 0 degree-abducted",3,17,18,19,19,TRUE,-4242.2892242914,8603.31482365401,39,5.99363360903396,0.816115682252901,7.34409807257769,0.998311629888061,0.231274482495098,0,175.369739294052
"glenohumeral","internal-external rotation 0 degree-abducted",3,17,19,20,20,TRUE,-4256.93175149455,8638.68892293576,41,5.82864842054534,0.813304668930208,7.16662358303209,0.998317028745989,0.194176803455963,0,294.388634204865
"glenohumeral","internal-external rotation 0 degree-abducted",3,17,20,21,21,TRUE,-4271.38342389875,8673.68131261961,43,5.84018752478546,0.813829119013238,7.1761840272644,0.998360905966481,0.127068458329141,0,381.20954990387
"scapulothoracic","internal-external rotation 90 degree-abducted",3,18,1,2,2,TRUE,-4481.02548377804,8977.94123670782,5,4.21786904921717,1.14398908040238,3.68698366223356,0.965980163060457,0.32618455375298,0,5.54503703117371
"scapulothoracic","internal-external rotation 90 degree-abducted",3,18,2,3,3,TRUE,-2672.90051235167,5368.04740151578,7,1.82979348707221,0.469391617922374,3.89822360946977,0.994169414499129,0.336848932159777,0,8.51257395744324
"scapulothoracic","internal-external rotation 90 degree-abducted",3,18,3,4,4,TRUE,-1492.04659718384,3012.69567884081,9,0.7499564482121,0.289231398563,2.59292888648376,0.998231553709755,0.398913229295057,0,12.6886670589447
"scapulothoracic","internal-external rotation 90 degree-abducted",3,18,4,5,5,TRUE,-986.076641527726,2007.11187518928,11,0.625049036442842,0.260116635708344,2.40295679182811,0.998926547924833,0.395664785353985,0,21.5999090671539
"scapulothoracic","internal-external rotation 90 degree-abducted",3,18,5,6,6,TRUE,-750.773571765851,1542.86184332623,13,0.546539264235903,0.214540360542991,2.54748925960896,0.999196974431232,0.408879464461707,0,31.3559272289276
"scapulothoracic","internal-external rotation 90 degree-abducted",3,18,6,7,7,TRUE,-619.322728111555,1286.31626367833,15,0.459178510432258,0.211132592643283,2.17483480254543,0.999319943108671,0.413838591423086,0,35.0948510169983
"scapulothoracic","internal-external rotation 90 degree-abducted",3,18,7,8,8,TRUE,-437.420724927035,928.868364969985,17,0.390697566702845,0.189070074043769,2.06641674352124,0.999460101879821,0.397163507370105,0,39.1701140403748
"scapulothoracic","internal-external rotation 90 degree-abducted",3,18,8,9,9,TRUE,-375.855540298172,812.094103372955,19,0.341670670375539,0.187126814347827,1.82587766251634,0.999512786234927,0.40276276175233,0,48.2479372024536
"scapulothoracic","internal-external rotation 90 degree-abducted",3,18,9,10,10,TRUE,-375.081334787784,816.901800012874,21,0.356052092268675,0.186981832285566,1.90420688425439,0.999536820839317,0.410925896982972,0,62.5931451320648
"scapulothoracic","internal-external rotation 90 degree-abducted",3,18,10,11,11,TRUE,-349.405201535747,771.905641169496,23,0.327511564247845,0.183190293447358,1.78782160388842,0.999561896029681,0.417212637795619,0,84.4657528400421
"scapulothoracic","internal-external rotation 90 degree-abducted",3,18,11,12,12,TRUE,-260.352345498295,600.156036755288,25,0.401539492502311,0.159473549528688,2.51790653490206,0.999616108539244,0.410431535608911,0,86.6567304134369
"scapulothoracic","internal-external rotation 90 degree-abducted",3,18,12,13,13,TRUE,-210.550425850967,506.908305121329,27,0.332089607747837,0.159224464235232,2.08566949396181,0.99965391119698,0.388804766721952,0,94.0094118118286
"scapulothoracic","internal-external rotation 90 degree-abducted",3,18,13,14,14,TRUE,-177.18857898598,446.540719052051,29,0.389914519065476,0.146130542146847,2.66826163331175,0.999680557699679,0.35268952731891,0,219.682721376419
"scapulothoracic","internal-external rotation 90 degree-abducted",3,18,14,15,15,TRUE,-195.635968135216,489.791605011219,31,0.403058007096094,0.137678018449909,2.92754073332874,0.99969268978549,0.252363138971704,0,198.424518823624
"scapulothoracic","internal-external rotation 90 degree-abducted",3,18,15,16,16,TRUE,-222.776178109189,550.42813261986,33,0.442583997576426,0.158334678139569,2.79524361167614,0.999658286673156,0.386423626447842,0,233.512166976929
"scapulothoracic","internal-external rotation 90 degree-abducted",3,18,16,17,17,TRUE,-204.849989555345,520.931863172868,35,0.461548277864724,0.147739386033724,3.12407063719195,0.999674679404749,0.384441665482579,0,232.887994289398
"scapulothoracic","internal-external rotation 90 degree-abducted",3,18,17,18,18,TRUE,-174.082239068563,465.752469860001,37,0.429259189545387,0.144762059123674,2.96527413428584,0.999690426816562,0.394262466449036,1,299.425903320312
"scapulothoracic","internal-external rotation 90 degree-abducted",3,18,18,19,19,TRUE,-149.732590493084,423.409280369738,39,0.437194296303806,0.135473549277911,3.22715613958665,0.999709043114859,0.399177955492607,0,412.199242115021
"scapulothoracic","internal-external rotation 90 degree-abducted",3,18,19,20,20,TRUE,-148.231814038878,426.763835122022,41,0.38284746157316,0.133808895830801,2.86115104078928,0.999718998664744,0.401648001789945,0,1077.78279709816
"scapulothoracic","internal-external rotation 90 degree-abducted",3,18,20,21,21,TRUE,-152.617375782383,441.891066269729,43,0.279452033098479,0.131974844080784,2.11746439289159,0.999728140045745,0.402129390324463,0,461.242197275162
"glenohumeral","internal-external rotation 90 degree-abducted",3,17,1,2,2,TRUE,-5416.89206738351,10849.2393470338,5,6.65163492455554,2.04860598472245,3.24690788475693,0.993418521311914,0.914464746089909,0,11.8042407035828
"glenohumeral","internal-external rotation 90 degree-abducted",3,17,2,3,3,TRUE,-3735.23780931312,7492.11291579975,7,3.40429486766303,0.793128130389167,4.2922382112366,0.998752312382325,0.918403920194033,0,24.0757329463959
"glenohumeral","internal-external rotation 90 degree-abducted",3,17,3,4,4,TRUE,-2709.97700719314,5447.7733964665,9,2.30097936881983,0.477699368210934,4.81679382879947,0.999570020292277,0.924191269819189,0,53.9448359012604
"glenohumeral","internal-external rotation 90 degree-abducted",3,17,4,5,5,TRUE,-2303.67608118822,4641.35362936339,11,1.93565429218437,0.38660364435247,5.00681853484966,0.999711602973077,0.923830459728939,0,40.2747809886932
"glenohumeral","internal-external rotation 90 degree-abducted",3,17,5,6,6,TRUE,-2037.87620701891,4115.93596593148,13,1.5926761119388,0.350488149063854,4.54416537675468,0.999790030739292,0.924871489376455,0,80.0529315471649
"glenohumeral","internal-external rotation 90 degree-abducted",3,17,6,7,7,TRUE,-1866.85635387919,3780.07834455875,15,1.30867227933135,0.337794306059938,3.87416914925481,0.999833187199822,0.925098766405495,0,80.2507591247559
"glenohumeral","internal-external rotation 90 degree-abducted",3,17,7,8,8,TRUE,-1622.25596645879,3297.05965462467,17,1.08021605722023,0.310352038139081,3.48061531574714,0.999871012948296,0.923636375738677,0,128.743806123734
"glenohumeral","internal-external rotation 90 degree-abducted",3,17,8,9,9,TRUE,-1438.32651879782,2935.38284420945,19,0.930440301227344,0.293590544506885,3.16917665992994,0.999897240702752,0.923378608499064,0,108.914365530014
"glenohumeral","internal-external rotation 90 degree-abducted",3,17,9,10,10,TRUE,-1331.24031179133,2727.39251510319,21,0.812813223883939,0.269268420712705,3.01859839981446,0.999912831744171,0.919977319835718,0,150.405684232712
"glenohumeral","internal-external rotation 90 degree-abducted",3,17,10,11,11,TRUE,-1314.60068426309,2700.29534495343,23,0.733336297146448,0.265211832893068,2.76509644817442,0.999919080023932,0.90968471082596,0,163.060862541199
"glenohumeral","internal-external rotation 90 degree-abducted",3,17,11,12,12,TRUE,-1275.58186637886,2628.43979409167,25,0.665627848543911,0.24678703572923,2.6971751031291,0.999922196879326,0.926721687792087,0,190.486993789673
"glenohumeral","internal-external rotation 90 degree-abducted",3,17,12,13,13,TRUE,-1220.2709162701,2523.99997878088,27,0.631815735684995,0.235939020315055,2.67787725337385,0.9999295435666,0.925428423217625,0,1316.76203584671
"glenohumeral","internal-external rotation 90 degree-abducted",3,17,13,14,14,TRUE,-1177.6183022869,2444.8768357212,29,0.610597364441614,0.217682642387899,2.80498875676804,0.999935854343682,0.925018963926424,0,225.641049146652
"glenohumeral","internal-external rotation 90 degree-abducted",3,17,14,15,15,TRUE,-1178.13899261704,2452.10030128818,31,0.596323466739535,0.213763705845772,2.7896385140786,0.999936482189944,0.924211343788711,0,390.826361656189
"glenohumeral","internal-external rotation 90 degree-abducted",3,17,15,16,16,TRUE,-1194.52442284827,2491.05324665736,33,0.588487116983694,0.205929232710154,2.85771529004817,0.999937480720468,0.923849791617287,0,447.295018196106
"glenohumeral","internal-external rotation 90 degree-abducted",3,17,16,17,17,TRUE,-1185.17684718531,2478.54018023815,35,0.578024896698617,0.203001718670077,2.84738917722188,0.999939956872688,0.924411804281726,0,513.63174700737
"glenohumeral","internal-external rotation 90 degree-abducted",3,17,17,18,18,TRUE,-1151.84549077519,2418.05955232463,37,0.566346259650929,0.193864435379015,2.92135201871191,0.999943173894478,0.926268024718429,0,615.229574203491
"glenohumeral","internal-external rotation 90 degree-abducted",3,17,18,19,19,TRUE,-1149.11837334251,2418.78740236599,39,0.56166313805603,0.190890070161476,2.94233816133502,0.999945345867587,0.926698146610876,0,530.682624101639
"glenohumeral","internal-external rotation 90 degree-abducted",3,17,19,20,20,TRUE,-1160.77698670924,2448.28671400616,41,0.555957271017766,0.184062222902388,3.02048547633048,0.999946746928652,0.926787119952877,0,619.713214635849
"glenohumeral","internal-external rotation 90 degree-abducted",3,17,20,21,21,TRUE,-1171.59691162223,2476.10864873888,43,0.551248666644276,0.18410275702459,2.99424449450611,0.999948096656326,0.926805258399361,0,710.95653295517
