"joint","motion","dof","K","model","parameter","estimate","se"
"sternoclavicular","frontal plane elevation",1,8,"full","intercept",-26.4343228836009,2.45533753968605
"sternoclavicular","frontal plane elevation",1,8,"full","ns1",-7.90960995239908,1.11337194893892
"sternoclavicular","frontal plane elevation",1,8,"full","ns2",-11.8882653460171,1.26323085883865
"sternoclavicular","frontal plane elevation",1,8,"full","ns3",-15.0170765848235,1.54852918708117
"sternoclavicular","frontal plane elevation",1,8,"full","ns4",-18.1551727770346,2.15027907739565
"sternoclavicular","frontal plane elevation",1,8,"full","ns5",-20.5950803978186,2.32823082377649
"sternoclavicular","frontal plane elevation",1,8,"full","ns6",-24.1810654199585,4.05756520401164
"sternoclavicular","frontal plane elevation",1,8,"full","ns7",-50.195050395316,8.35763809909166
"sternoclavicular","frontal plane elevation",1,8,"full","ns8",-58.3809441110927,14.7234345163304
"sternoclavicular","frontal plane elevation",1,8,"full","condex vivo",1.51008903022795,2.80654869351485
"sternoclavicular","frontal plane elevation",1,8,"full","ns1:condex vivo",2.71861810650461,1.25817978551978
"sternoclavicular","frontal plane elevation",1,8,"full","ns2:condex vivo",3.73240345789049,1.41854456605496
"sternoclavicular","frontal plane elevation",1,8,"full","ns3:condex vivo",2.83640543397482,1.74617154066351
"sternoclavicular","frontal plane elevation",1,8,"full","ns4:condex vivo",1.36573207300995,2.41104637886112
"sternoclavicular","frontal plane elevation",1,8,"full","ns5:condex vivo",-0.428281262862004,2.60409156871103
"sternoclavicular","frontal plane elevation",1,8,"full","ns6:condex vivo",-5.43632077293898,4.49603010995036
"sternoclavicular","frontal plane elevation",1,8,"full","ns7:condex vivo",16.202792988289,9.2158257065526
"sternoclavicular","frontal plane elevation",1,8,"full","ns8:condex vivo",24.7549009203993,16.1184641469847
"sternoclavicular","frontal plane elevation",1,8,"full","varcov 1",23.4649402480579,0.846717173375385
"sternoclavicular","frontal plane elevation",1,8,"full","varcov 2",3.8354419577653,0.386721291274063
"sternoclavicular","frontal plane elevation",1,8,"full","varcov 3",4.68949534614944,0.421540425649543
"sternoclavicular","frontal plane elevation",1,8,"full","varcov 4",7.78954522326762,0.507356440572774
"sternoclavicular","frontal plane elevation",1,8,"full","varcov 5",14.8490256700888,0.702523201817808
"sternoclavicular","frontal plane elevation",1,8,"full","varcov 6",18.1433304805904,0.765117840551632
"sternoclavicular","frontal plane elevation",1,8,"full","varcov 7",48.2976062593527,1.22422204294135
"sternoclavicular","frontal plane elevation",1,8,"full","varcov 8",161.277950998289,3.5900524583527
"sternoclavicular","frontal plane elevation",1,8,"full","varcov 9",440.710304796939,6.21088373310532
"sternoclavicular","frontal plane elevation",1,8,"full","stderr",0.155741430953853,0.00316982997296229
"sternoclavicular","frontal plane elevation",1,8,"reduced","intercept",-25.315123286555,1.22665111242865
"sternoclavicular","frontal plane elevation",1,8,"reduced","ns1",-5.81947129244833,0.590648177388597
"sternoclavicular","frontal plane elevation",1,8,"reduced","ns2",-8.96861809161024,0.682824519163576
"sternoclavicular","frontal plane elevation",1,8,"reduced","ns3",-12.7891167262578,0.755709516910437
"sternoclavicular","frontal plane elevation",1,8,"reduced","ns4",-17.1182349477546,0.979285861439951
"sternoclavicular","frontal plane elevation",1,8,"reduced","ns5",-20.8389623032665,1.08326871532538
"sternoclavicular","frontal plane elevation",1,8,"reduced","ns6",-28.5399868375816,1.80494989312227
"sternoclavicular","frontal plane elevation",1,8,"reduced","ns7",-37.1098275731305,4.05606410178192
"sternoclavicular","frontal plane elevation",1,8,"reduced","ns8",-38.2108042017609,6.85975752148541
"sternoclavicular","frontal plane elevation",1,8,"reduced","varcov 1",24.7897811939729,0.87439069750045
"sternoclavicular","frontal plane elevation",1,8,"reduced","varcov 2",5.06846809833225,0.442781680378026
"sternoclavicular","frontal plane elevation",1,8,"reduced","varcov 3",6.82733995273567,0.500190655116208
"sternoclavicular","frontal plane elevation",1,8,"reduced","varcov 4",8.70010865359538,0.531309311120785
"sternoclavicular","frontal plane elevation",1,8,"reduced","varcov 5",14.9182712334236,0.706287795893066
"sternoclavicular","frontal plane elevation",1,8,"reduced","varcov 6",18.5095856897503,0.781394857836127
"sternoclavicular","frontal plane elevation",1,8,"reduced","varcov 7",51.7472807518568,1.2852714175753
"sternoclavicular","frontal plane elevation",1,8,"reduced","varcov 8",201.334457851121,4.26873670331847
"sternoclavicular","frontal plane elevation",1,8,"reduced","varcov 9",522.761641650361,7.49649926408332
"sternoclavicular","frontal plane elevation",1,8,"reduced","stderr",-0.155638045175899,0.00319421456262854
"acromioclavicular","frontal plane elevation",1,8,"full","intercept",64.5358222343034,2.66786875946613
"acromioclavicular","frontal plane elevation",1,8,"full","ns1",2.17792836157596,0.645285743833112
"acromioclavicular","frontal plane elevation",1,8,"full","ns2",3.16449245808362,0.71521786191624
"acromioclavicular","frontal plane elevation",1,8,"full","ns3",3.50907521635456,1.1954649479307
"acromioclavicular","frontal plane elevation",1,8,"full","ns4",3.04296552339803,1.36582045092879
"acromioclavicular","frontal plane elevation",1,8,"full","ns5",3.46839610158555,2.28305833026313
"acromioclavicular","frontal plane elevation",1,8,"full","ns6",2.94973129729795,2.31969308336299
"acromioclavicular","frontal plane elevation",1,8,"full","ns7",15.2610204342767,7.69460734879603
"acromioclavicular","frontal plane elevation",1,8,"full","ns8",25.0657885110377,14.6423211629888
"acromioclavicular","frontal plane elevation",1,8,"full","condex vivo",-4.68784394625979,3.1564055874855
"acromioclavicular","frontal plane elevation",1,8,"full","ns1:condex vivo",0.846377312930513,0.752925639462866
"acromioclavicular","frontal plane elevation",1,8,"full","ns2:condex vivo",2.14104154956291,0.828902398428821
"acromioclavicular","frontal plane elevation",1,8,"full","ns3:condex vivo",4.1515222890116,1.38874322298874
"acromioclavicular","frontal plane elevation",1,8,"full","ns4:condex vivo",4.68047230433277,1.57769188343167
"acromioclavicular","frontal plane elevation",1,8,"full","ns5:condex vivo",3.53531718996008,2.61270850725541
"acromioclavicular","frontal plane elevation",1,8,"full","ns6:condex vivo",3.68746301290565,2.67002078475891
"acromioclavicular","frontal plane elevation",1,8,"full","ns7:condex vivo",-10.4805319961763,8.70898478185371
"acromioclavicular","frontal plane elevation",1,8,"full","ns8:condex vivo",-24.0926629956583,16.619079248621
"acromioclavicular","frontal plane elevation",1,8,"full","varcov 1",28.2116706623744,1.00992708660409
"acromioclavicular","frontal plane elevation",1,8,"full","varcov 2",1.29178721791444,0.253395748858715
"acromioclavicular","frontal plane elevation",1,8,"full","varcov 3",1.51902228530456,0.252965286424402
"acromioclavicular","frontal plane elevation",1,8,"full","varcov 4",4.77236976336583,0.436061494392628
"acromioclavicular","frontal plane elevation",1,8,"full","varcov 5",6.00645610349209,0.478065294541161
"acromioclavicular","frontal plane elevation",1,8,"full","varcov 6",15.9172523230602,0.785563061338867
"acromioclavicular","frontal plane elevation",1,8,"full","varcov 7",17.3475251058945,0.816848067495374
"acromioclavicular","frontal plane elevation",1,8,"full","varcov 8",162.271833684311,2.6964189371243
"acromioclavicular","frontal plane elevation",1,8,"full","varcov 9",607.250791793492,5.24721684352748
"acromioclavicular","frontal plane elevation",1,8,"full","stderr",-0.147758146033176,0.00317157862724181
"acromioclavicular","frontal plane elevation",1,8,"reduced","intercept",61.1680852138373,1.49762326510679
"acromioclavicular","frontal plane elevation",1,8,"reduced","ns1",2.76248852228422,0.370975322999633
"acromioclavicular","frontal plane elevation",1,8,"reduced","ns2",4.73906950738345,0.450325788749878
"acromioclavicular","frontal plane elevation",1,8,"reduced","ns3",6.47731981924445,0.760540885993949
"acromioclavicular","frontal plane elevation",1,8,"reduced","ns4",6.42676313299133,0.85785754324483
"acromioclavicular","frontal plane elevation",1,8,"reduced","ns5",6.08843051588408,1.17133678826932
"acromioclavicular","frontal plane elevation",1,8,"reduced","ns6",5.79049705827646,1.21272226150303
"acromioclavicular","frontal plane elevation",1,8,"reduced","ns7",6.52502303009664,3.74870635006529
"acromioclavicular","frontal plane elevation",1,8,"reduced","ns8",4.93120363575415,7.19627707874897
"acromioclavicular","frontal plane elevation",1,8,"reduced","varcov 1",31.1125210318173,1.06086442685275
"acromioclavicular","frontal plane elevation",1,8,"reduced","varcov 2",1.61905480183152,0.292105868374018
"acromioclavicular","frontal plane elevation",1,8,"reduced","varcov 3",2.41822351587782,0.317139500490905
"acromioclavicular","frontal plane elevation",1,8,"reduced","varcov 4",7.54991999301195,0.549180545814545
"acromioclavicular","frontal plane elevation",1,8,"reduced","varcov 5",9.54543741687479,0.609291715718747
"acromioclavicular","frontal plane elevation",1,8,"reduced","varcov 6",17.7272289158928,0.831523305657645
"acromioclavicular","frontal plane elevation",1,8,"reduced","varcov 7",19.4904669505657,0.879121626239168
"acromioclavicular","frontal plane elevation",1,8,"reduced","varcov 8",177.363391378472,2.76743514598182
"acromioclavicular","frontal plane elevation",1,8,"reduced","varcov 9",661.463158266104,5.35199840154915
"acromioclavicular","frontal plane elevation",1,8,"reduced","stderr",0.147749152104947,0.00317184264432205
"scapulothoracic","frontal plane elevation",1,11,"full","intercept",23.9007955497778,1.66770433141701
"scapulothoracic","frontal plane elevation",1,11,"full","ns1",-0.928112910633483,0.565061546140468
"scapulothoracic","frontal plane elevation",1,11,"full","ns2",-1.44918149077877,0.737779875723487
"scapulothoracic","frontal plane elevation",1,11,"full","ns3",-1.94666172408431,0.982054500156793
"scapulothoracic","frontal plane elevation",1,11,"full","ns4",-2.2120572693621,0.985840623358236
"scapulothoracic","frontal plane elevation",1,11,"full","ns5",-2.28360443745171,1.09028904274003
"scapulothoracic","frontal plane elevation",1,11,"full","ns6",-2.20846107979774,1.22091007869189
"scapulothoracic","frontal plane elevation",1,11,"full","ns7",-2.34555528150821,1.37866351770206
"scapulothoracic","frontal plane elevation",1,11,"full","ns8",-3.54927876815861,1.5606652402531
"scapulothoracic","frontal plane elevation",1,11,"full","ns9",-3.60932066915284,2.07241627954536
"scapulothoracic","frontal plane elevation",1,11,"full","ns10",-4.63262555289158,1.91944717920356
"scapulothoracic","frontal plane elevation",1,11,"full","ns11",-5.06477167377002,1.97580358119413
"scapulothoracic","frontal plane elevation",1,11,"full","condex vivo",8.68393219237383,3.18045126057535
"scapulothoracic","frontal plane elevation",1,11,"full","ns1:condex vivo",0.193837086831987,1.36115631772179
"scapulothoracic","frontal plane elevation",1,11,"full","ns2:condex vivo",0.511833356796035,1.69070835521434
"scapulothoracic","frontal plane elevation",1,11,"full","ns3:condex vivo",0.179253172739334,2.90206223246739
"scapulothoracic","frontal plane elevation",1,11,"full","ns4:condex vivo",0.0163753683927936,2.44866412361094
"scapulothoracic","frontal plane elevation",1,11,"full","ns5:condex vivo",-1.6087508520844,2.13902282073388
"scapulothoracic","frontal plane elevation",1,11,"full","ns6:condex vivo",-3.64729318747588,2.41559972101463
"scapulothoracic","frontal plane elevation",1,11,"full","ns7:condex vivo",-4.58103584854433,2.75556519552033
"scapulothoracic","frontal plane elevation",1,11,"full","ns8:condex vivo",-2.66890661227901,3.02029667375918
"scapulothoracic","frontal plane elevation",1,11,"full","ns9:condex vivo",-4.62353540646407,4.47893677809896
"scapulothoracic","frontal plane elevation",1,11,"full","ns10:condex vivo",-7.85729319805032,5.6311925190865
"scapulothoracic","frontal plane elevation",1,11,"full","ns11:condex vivo",-8.39372999259127,6.87963131082795
"scapulothoracic","frontal plane elevation",1,11,"full","varcov 1",85.8934858851212,1.00209467042591
"scapulothoracic","frontal plane elevation",1,11,"full","varcov 2",9.64028981027345,0.346194082085473
"scapulothoracic","frontal plane elevation",1,11,"full","varcov 3",16.5754082524486,0.442191224133609
"scapulothoracic","frontal plane elevation",1,11,"full","varcov 4",21.8919633911018,0.504039902253487
"scapulothoracic","frontal plane elevation",1,11,"full","varcov 5",27.4431816867123,0.564943754772646
"scapulothoracic","frontal plane elevation",1,11,"full","varcov 6",36.2087105010138,0.646806022649016
"scapulothoracic","frontal plane elevation",1,11,"full","varcov 7",45.9236842061976,0.727419957814054
"scapulothoracic","frontal plane elevation",1,11,"full","varcov 8",58.2516133787053,0.820407660547578
"scapulothoracic","frontal plane elevation",1,11,"full","varcov 9",72.9653117721106,0.957728734869158
"scapulothoracic","frontal plane elevation",1,11,"full","varcov 10",124.352656803637,1.47790551624829
"scapulothoracic","frontal plane elevation",1,11,"full","varcov 11",108.947034185012,1.1779114184372
"scapulothoracic","frontal plane elevation",1,11,"full","varcov 12",111.794805586236,1.2584082346188
"scapulothoracic","frontal plane elevation",1,11,"full","stderr",0.176514671376889,0.00234258021833761
"scapulothoracic","frontal plane elevation",1,11,"reduced","intercept",26.3046829382032,1.51281853925812
"scapulothoracic","frontal plane elevation",1,11,"reduced","ns1",-0.715171173665513,0.49880963824034
"scapulothoracic","frontal plane elevation",1,11,"reduced","ns2",-1.13421500795998,0.642190812803021
"scapulothoracic","frontal plane elevation",1,11,"reduced","ns3",-1.73305101654707,0.727324296146261
"scapulothoracic","frontal plane elevation",1,11,"reduced","ns4",-2.04717100545161,0.810346111244127
"scapulothoracic","frontal plane elevation",1,11,"reduced","ns5",-2.59701013341783,0.926534336293385
"scapulothoracic","frontal plane elevation",1,11,"reduced","ns6",-3.12543900955539,1.05864999642883
"scapulothoracic","frontal plane elevation",1,11,"reduced","ns7",-3.53470876264915,1.19595426348459
"scapulothoracic","frontal plane elevation",1,11,"reduced","ns8",-4.20179183508667,1.32645919742811
"scapulothoracic","frontal plane elevation",1,11,"reduced","ns9",-4.55763964091166,1.82621486870041
"scapulothoracic","frontal plane elevation",1,11,"reduced","ns10",-5.25771759904373,1.75792395277459
"scapulothoracic","frontal plane elevation",1,11,"reduced","ns11",-5.51989096532052,1.87888334503968
"scapulothoracic","frontal plane elevation",1,11,"reduced","varcov 1",99.5769911733387,1.07834282669374
"scapulothoracic","frontal plane elevation",1,11,"reduced","varcov 2",9.81416925562096,0.350168415904049
"scapulothoracic","frontal plane elevation",1,11,"reduced","varcov 3",16.9227354750548,0.448268890449056
"scapulothoracic","frontal plane elevation",1,11,"reduced","varcov 4",22.127828527735,0.5070522637714
"scapulothoracic","frontal plane elevation",1,11,"reduced","varcov 5",27.737767131127,0.567761193511591
"scapulothoracic","frontal plane elevation",1,11,"reduced","varcov 6",36.6138052703605,0.649828996775751
"scapulothoracic","frontal plane elevation",1,11,"reduced","varcov 7",48.1438320751097,0.744917272418943
"scapulothoracic","frontal plane elevation",1,11,"reduced","varcov 8",61.7771103953487,0.845286413726823
"scapulothoracic","frontal plane elevation",1,11,"reduced","varcov 9",74.6551201840265,0.967464428601406
"scapulothoracic","frontal plane elevation",1,11,"reduced","varcov 10",124.048788344259,1.46809550741428
"scapulothoracic","frontal plane elevation",1,11,"reduced","varcov 11",112.712916050193,1.19063340020943
"scapulothoracic","frontal plane elevation",1,11,"reduced","varcov 12",114.91161852283,1.26792693147187
"scapulothoracic","frontal plane elevation",1,11,"reduced","stderr",-0.176500798354717,0.00233954270692384
"glenohumeral","frontal plane elevation",1,9,"full","intercept",-2.35192560980399,7.31133989506362
"glenohumeral","frontal plane elevation",1,9,"full","ns1",-6.22111784650774,4.05029043058133
"glenohumeral","frontal plane elevation",1,9,"full","ns2",-9.00157179086699,5.11568633331986
"glenohumeral","frontal plane elevation",1,9,"full","ns3",-8.5411554064367,5.58192417172568
"glenohumeral","frontal plane elevation",1,9,"full","ns4",-10.6783095658037,6.13925536647534
"glenohumeral","frontal plane elevation",1,9,"full","ns5",-10.0038697646542,6.37743673695769
"glenohumeral","frontal plane elevation",1,9,"full","ns6",-7.58504032140846,6.7172970559924
"glenohumeral","frontal plane elevation",1,9,"full","ns7",-3.33883902860835,6.44020233331616
"glenohumeral","frontal plane elevation",1,9,"full","ns8",-8.94082548942356,8.08428309585315
"glenohumeral","frontal plane elevation",1,9,"full","ns9",-3.69462808467174,5.60736778850832
"glenohumeral","frontal plane elevation",1,9,"full","condex vivo",-20.067717281919,13.4332993629411
"glenohumeral","frontal plane elevation",1,9,"full","ns1:condex vivo",11.7364506533632,7.49911343886032
"glenohumeral","frontal plane elevation",1,9,"full","ns2:condex vivo",18.5390818604515,9.40593882054428
"glenohumeral","frontal plane elevation",1,9,"full","ns3:condex vivo",19.4794573993162,10.247179300734
"glenohumeral","frontal plane elevation",1,9,"full","ns4:condex vivo",27.8719681032463,11.2472272086627
"glenohumeral","frontal plane elevation",1,9,"full","ns5:condex vivo",33.3201150101231,11.6781492009528
"glenohumeral","frontal plane elevation",1,9,"full","ns6:condex vivo",33.7751312834744,12.2921871699346
"glenohumeral","frontal plane elevation",1,9,"full","ns7:condex vivo",26.4523480808448,11.588770035791
"glenohumeral","frontal plane elevation",1,9,"full","ns8:condex vivo",43.7517839694634,15.8601993650861
"glenohumeral","frontal plane elevation",1,9,"full","ns9:condex vivo",36.7624359829022,13.276080263976
"glenohumeral","frontal plane elevation",1,9,"full","varcov 1",1249.13477135085,4.3538171583668
"glenohumeral","frontal plane elevation",1,9,"full","varcov 2",376.945476674405,2.39896605465253
"glenohumeral","frontal plane elevation",1,9,"full","varcov 3",601.564388287274,3.02489468863159
"glenohumeral","frontal plane elevation",1,9,"full","varcov 4",716.781330975586,3.30129097377253
"glenohumeral","frontal plane elevation",1,9,"full","varcov 5",866.526292550643,3.62628545666978
"glenohumeral","frontal plane elevation",1,9,"full","varcov 6",935.728626764077,3.76820356669847
"glenohumeral","frontal plane elevation",1,9,"full","varcov 7",1038.2456821625,3.97008792854471
"glenohumeral","frontal plane elevation",1,9,"full","varcov 8",916.283006115811,3.78351393107022
"glenohumeral","frontal plane elevation",1,9,"full","varcov 9",1467.28443528181,4.89863094872284
"glenohumeral","frontal plane elevation",1,9,"full","varcov 10",641.735449168399,3.71502154947225
"glenohumeral","frontal plane elevation",1,9,"full","stderr",0.374616548084694,0.00572780511475662
"glenohumeral","frontal plane elevation",1,9,"reduced","intercept",-7.39445109262547,6.29769678835189
"glenohumeral","frontal plane elevation",1,9,"reduced","ns1",-3.69860797360762,3.54446315449033
"glenohumeral","frontal plane elevation",1,9,"reduced","ns2",-4.42529346809488,4.52439718164722
"glenohumeral","frontal plane elevation",1,9,"reduced","ns3",-3.67381762473353,4.92577942492011
"glenohumeral","frontal plane elevation",1,9,"reduced","ns4",-3.2748817841527,5.54598780889706
"glenohumeral","frontal plane elevation",1,9,"reduced","ns5",-0.93807961323507,5.82356673680678
"glenohumeral","frontal plane elevation",1,9,"reduced","ns6",1.59471133922009,6.10487701328403
"glenohumeral","frontal plane elevation",1,9,"reduced","ns7",4.28555852857391,5.71833893503378
"glenohumeral","frontal plane elevation",1,9,"reduced","ns8",-0.8147868990742,7.34894161320321
"glenohumeral","frontal plane elevation",1,9,"reduced","ns9",1.72127526808374,5.73350087707487
"glenohumeral","frontal plane elevation",1,9,"reduced","varcov 1",1302.8214265394,4.45071631932249
"glenohumeral","frontal plane elevation",1,9,"reduced","varcov 2",408.477648595068,2.50316202943924
"glenohumeral","frontal plane elevation",1,9,"reduced","varcov 3",668.259360870314,3.18875683159206
"glenohumeral","frontal plane elevation",1,9,"reduced","varcov 4",793.453712313227,3.47095664900404
"glenohumeral","frontal plane elevation",1,9,"reduced","varcov 5",1009.13127405826,3.91248083597217
"glenohumeral","frontal plane elevation",1,9,"reduced","varcov 6",1140.54204834378,4.16371314486557
"glenohumeral","frontal plane elevation",1,9,"reduced","varcov 7",1243.2372475251,4.34663592977771
"glenohumeral","frontal plane elevation",1,9,"reduced","varcov 8",1043.02827699724,4.03998880953396
"glenohumeral","frontal plane elevation",1,9,"reduced","varcov 9",1732.59752053992,5.28184759780897
"glenohumeral","frontal plane elevation",1,9,"reduced","varcov 10",793.582626329835,4.02175669078212
"glenohumeral","frontal plane elevation",1,9,"reduced","stderr",0.374549384644978,0.00572384335560461
"sternoclavicular","scapular plane elevation",1,9,"full","intercept",13.6108564078304,2.41255795960272
"sternoclavicular","scapular plane elevation",1,9,"full","ns1",-3.6249981911297,0.350396009446122
"sternoclavicular","scapular plane elevation",1,9,"full","ns2",-3.49464948556673,0.221666195840265
"sternoclavicular","scapular plane elevation",1,9,"full","ns3",-2.33416354571101,0.0806356925077015
"sternoclavicular","scapular plane elevation",1,9,"full","ns4",-1.74068473001934,0.182716506481158
"sternoclavicular","scapular plane elevation",1,9,"full","ns5",-0.215167106987977,0.42255035093816
"sternoclavicular","scapular plane elevation",1,9,"full","ns6",-2.3461776927409,0.569716160260628
"sternoclavicular","scapular plane elevation",1,9,"full","ns7",9.95629074316868,1.89284695834569
"sternoclavicular","scapular plane elevation",1,9,"full","ns8",-23.6531542290047,0.134019982776329
"sternoclavicular","scapular plane elevation",1,9,"full","ns9",-24.9439528139248,1.79807278123321
"sternoclavicular","scapular plane elevation",1,9,"full","varcov 1",151.176417037973,1.70716538784975
"sternoclavicular","scapular plane elevation",1,9,"full","varcov 2",3.01664939318607,0.243104397899421
"sternoclavicular","scapular plane elevation",1,9,"full","varcov 3",1.04836557363888,0.148951413680802
"sternoclavicular","scapular plane elevation",1,9,"full","varcov 4",6.07248394406071e-08,0.00689387392340711
"sternoclavicular","scapular plane elevation",1,9,"full","varcov 5",0.649388710484572,0.121355950866514
"sternoclavicular","scapular plane elevation",1,9,"full","varcov 6",4.04190390867685,0.280920043769566
"sternoclavicular","scapular plane elevation",1,9,"full","varcov 7",8.26829762037022,0.400465578602
"sternoclavicular","scapular plane elevation",1,9,"full","varcov 8",92.7170166865663,1.3439890452709
"sternoclavicular","scapular plane elevation",1,9,"full","varcov 9",1.8788967230643e-07,0.00504758334243624
"sternoclavicular","scapular plane elevation",1,9,"full","varcov 10",82.2278002056148,1.26321094379658
"sternoclavicular","scapular plane elevation",1,9,"full","stderr",-0.0814428551409468,0.00655787065586297
"scapulothoracic","scapular plane elevation",1,11,"full","intercept",16.964277165463,2.20363808344828
"scapulothoracic","scapular plane elevation",1,11,"full","ns1",-0.872103104282337,0.671346246943733
"scapulothoracic","scapular plane elevation",1,11,"full","ns2",-1.52704503916803,0.672088284438921
"scapulothoracic","scapular plane elevation",1,11,"full","ns3",-0.46558904515984,0.555453963856763
"scapulothoracic","scapular plane elevation",1,11,"full","ns4",-0.100011315728537,0.599099717327821
"scapulothoracic","scapular plane elevation",1,11,"full","ns5",0.768200563497209,0.709369186234762
"scapulothoracic","scapular plane elevation",1,11,"full","ns6",0.973406434933264,0.870284094295969
"scapulothoracic","scapular plane elevation",1,11,"full","ns7",1.85624701855832,1.10334832891994
"scapulothoracic","scapular plane elevation",1,11,"full","ns8",1.06840240799679,1.25694797747615
"scapulothoracic","scapular plane elevation",1,11,"full","ns9",-0.0331124805366802,0.629326089748164
"scapulothoracic","scapular plane elevation",1,11,"full","ns10",-7.36014473660371,2.06087995828297
"scapulothoracic","scapular plane elevation",1,11,"full","ns11",-5.01382657454211,2.77073743518871
"scapulothoracic","scapular plane elevation",1,11,"full","varcov 1",242.883785809945,1.55821179542443
"scapulothoracic","scapular plane elevation",1,11,"full","varcov 2",13.5994667945204,0.451289943353996
"scapulothoracic","scapular plane elevation",1,11,"full","varcov 3",15.6822588184522,0.47200281486741
"scapulothoracic","scapular plane elevation",1,11,"full","varcov 4",10.897624330211,0.341103972813782
"scapulothoracic","scapular plane elevation",1,11,"full","varcov 5",12.9809721587084,0.372836689644516
"scapulothoracic","scapular plane elevation",1,11,"full","varcov 6",20.6044808569495,0.47836176374734
"scapulothoracic","scapular plane elevation",1,11,"full","varcov 7",31.7691037064885,0.601759863411499
"scapulothoracic","scapular plane elevation",1,11,"full","varcov 8",56.0147044450305,0.778782649380017
"scapulothoracic","scapular plane elevation",1,11,"full","varcov 9",71.2458687246713,0.887751555881511
"scapulothoracic","scapular plane elevation",1,11,"full","varcov 10",155.431523151372,1.83177449113628
"scapulothoracic","scapular plane elevation",1,11,"full","varcov 11",103.443660003205,1.38621244213923
"scapulothoracic","scapular plane elevation",1,11,"full","varcov 12",148.368588478769,2.18358130038055
"scapulothoracic","scapular plane elevation",1,11,"full","stderr",0.218649837195667,0.00364263985944609
"glenohumeral","scapular plane elevation",1,18,"full","intercept",63.7855993354412,4.55094602877957
"glenohumeral","scapular plane elevation",1,18,"full","ns1",-27.8351680458703,4.13889525235131
"glenohumeral","scapular plane elevation",1,18,"full","ns2",-39.4015484548255,3.96418129976273
"glenohumeral","scapular plane elevation",1,18,"full","ns3",-47.8347880384945,4.07905002210178
"glenohumeral","scapular plane elevation",1,18,"full","ns4",-53.3379411422871,4.13909426543266
"glenohumeral","scapular plane elevation",1,18,"full","ns5",-57.0444131920407,4.11387442711492
"glenohumeral","scapular plane elevation",1,18,"full","ns6",-60.3930527724101,4.24367367843029
"glenohumeral","scapular plane elevation",1,18,"full","ns7",-61.8022504765004,4.58378318906747
"glenohumeral","scapular plane elevation",1,18,"full","ns8",-61.5200230860001,4.35627294543975
"glenohumeral","scapular plane elevation",1,18,"full","ns9",-62.0208615227302,4.48825325458398
"glenohumeral","scapular plane elevation",1,18,"full","ns10",-61.8126805417107,4.60367658598492
"glenohumeral","scapular plane elevation",1,18,"full","ns11",-61.1208790503084,4.73828258523144
"glenohumeral","scapular plane elevation",1,18,"full","ns12",-59.3538715187842,5.07823553259937
"glenohumeral","scapular plane elevation",1,18,"full","ns13",-57.1204367981894,5.20928989198639
"glenohumeral","scapular plane elevation",1,18,"full","ns14",-55.4096298879888,5.37336153911772
"glenohumeral","scapular plane elevation",1,18,"full","ns15",-52.9185574758225,5.60867867556864
"glenohumeral","scapular plane elevation",1,18,"full","ns16",-44.6259935532359,7.8103366617753
"glenohumeral","scapular plane elevation",1,18,"full","ns17",-58.6627192095876,8.67513104055029
"glenohumeral","scapular plane elevation",1,18,"full","ns18",-29.6592357136069,8.10647513063875
"glenohumeral","scapular plane elevation",1,18,"full","varcov 1",414.368537550394,3.20399383951339
"glenohumeral","scapular plane elevation",1,18,"full","varcov 2",322.481540422608,3.09493342773635
"glenohumeral","scapular plane elevation",1,18,"full","varcov 3",308.084310941871,2.80249614580863
"glenohumeral","scapular plane elevation",1,18,"full","varcov 4",328.712636861705,2.867923725849
"glenohumeral","scapular plane elevation",1,18,"full","varcov 5",338.663780552229,2.91253287833834
"glenohumeral","scapular plane elevation",1,18,"full","varcov 6",334.565071834998,2.89132520243525
"glenohumeral","scapular plane elevation",1,18,"full","varcov 7",357.230120356233,2.98640500802906
"glenohumeral","scapular plane elevation",1,18,"full","varcov 8",420.326285376809,3.23068858803512
"glenohumeral","scapular plane elevation",1,18,"full","varcov 9",377.614538337988,3.07531679497817
"glenohumeral","scapular plane elevation",1,18,"full","varcov 10",402.088690335132,3.15979866795009
"glenohumeral","scapular plane elevation",1,18,"full","varcov 11",424.183766271679,3.24182264075031
"glenohumeral","scapular plane elevation",1,18,"full","varcov 12",449.989672586436,3.33172585989733
"glenohumeral","scapular plane elevation",1,18,"full","varcov 13",503.549649073045,3.56782465466179
"glenohumeral","scapular plane elevation",1,18,"full","varcov 14",524.389052044862,3.67052496403902
"glenohumeral","scapular plane elevation",1,18,"full","varcov 15",558.478446046769,3.78661367457199
"glenohumeral","scapular plane elevation",1,18,"full","varcov 16",581.029210632936,3.95622405007532
"glenohumeral","scapular plane elevation",1,18,"full","varcov 17",912.598634714363,5.82773210085906
"glenohumeral","scapular plane elevation",1,18,"full","varcov 18",1140.31640166506,6.22535291443619
"glenohumeral","scapular plane elevation",1,18,"full","varcov 19",642.815322217885,6.08223587375413
"glenohumeral","scapular plane elevation",1,18,"full","stderr",0.579047498255237,0.0105614125834152
"sternoclavicular","sagittal plane elevation",1,8,"full","intercept",-23.180014173328,3.87620771500179
"sternoclavicular","sagittal plane elevation",1,8,"full","ns1",-1.76930718341509,1.58831792445397
"sternoclavicular","sagittal plane elevation",1,8,"full","ns2",-3.65394306798275,1.60008408519204
"sternoclavicular","sagittal plane elevation",1,8,"full","ns3",-4.59592644570749,1.63895035629995
"sternoclavicular","sagittal plane elevation",1,8,"full","ns4",-6.8556286400412,2.00386331884461
"sternoclavicular","sagittal plane elevation",1,8,"full","ns5",-8.63256269327767,2.46156722128489
"sternoclavicular","sagittal plane elevation",1,8,"full","ns6",-10.5981665079468,2.95565602101652
"sternoclavicular","sagittal plane elevation",1,8,"full","ns7",-14.7079850843046,3.01062322467336
"sternoclavicular","sagittal plane elevation",1,8,"full","ns8",-15.2176183753057,3.87630442778858
"sternoclavicular","sagittal plane elevation",1,8,"full","condex vivo",-5.46778801936107,4.30434530664501
"sternoclavicular","sagittal plane elevation",1,8,"full","ns1:condex vivo",2.20980915188921,1.77149284761282
"sternoclavicular","sagittal plane elevation",1,8,"full","ns2:condex vivo",3.34151026279797,1.78485095531012
"sternoclavicular","sagittal plane elevation",1,8,"full","ns3:condex vivo",2.98087093294455,1.82785473253403
"sternoclavicular","sagittal plane elevation",1,8,"full","ns4:condex vivo",2.96611975983889,2.23052894361545
"sternoclavicular","sagittal plane elevation",1,8,"full","ns5:condex vivo",0.505301429139847,2.76686245678898
"sternoclavicular","sagittal plane elevation",1,8,"full","ns6:condex vivo",-2.00975565793359,3.28370854312981
"sternoclavicular","sagittal plane elevation",1,8,"full","ns7:condex vivo",1.26205687635134,3.35586022591845
"sternoclavicular","sagittal plane elevation",1,8,"full","ns8:condex vivo",-1.66323319182657,4.2907036995202
"sternoclavicular","sagittal plane elevation",1,8,"full","varcov 1",44.9096137445277,1.19229254291833
"sternoclavicular","sagittal plane elevation",1,8,"full","varcov 2",7.41994020340751,0.518420959321226
"sternoclavicular","sagittal plane elevation",1,8,"full","varcov 3",7.4780188000496,0.517798662555255
"sternoclavicular","sagittal plane elevation",1,8,"full","varcov 4",7.88430881836217,0.510229497839961
"sternoclavicular","sagittal plane elevation",1,8,"full","varcov 5",11.8667045474657,0.621218300078742
"sternoclavicular","sagittal plane elevation",1,8,"full","varcov 6",16.4806041420184,0.733539244470538
"sternoclavicular","sagittal plane elevation",1,8,"full","varcov 7",26.0034106161133,0.918728803101508
"sternoclavicular","sagittal plane elevation",1,8,"full","varcov 8",25.3511942320321,0.94762929936756
"sternoclavicular","sagittal plane elevation",1,8,"full","varcov 9",43.082847491406,1.16938619068401
"sternoclavicular","sagittal plane elevation",1,8,"full","stderr",0.110768984082559,0.0024680271044525
"sternoclavicular","sagittal plane elevation",1,8,"reduced","intercept",-27.5582022507544,1.75625426948306
"sternoclavicular","sagittal plane elevation",1,8,"reduced","ns1",-0.0378813358528489,0.702976092253988
"sternoclavicular","sagittal plane elevation",1,8,"reduced","ns2",-1.00327372190547,0.777306037893288
"sternoclavicular","sagittal plane elevation",1,8,"reduced","ns3",-2.23836827518768,0.779431656095251
"sternoclavicular","sagittal plane elevation",1,8,"reduced","ns4",-4.51000890565372,0.929037677192055
"sternoclavicular","sagittal plane elevation",1,8,"reduced","ns5",-8.28646089595203,1.03888393284009
"sternoclavicular","sagittal plane elevation",1,8,"reduced","ns6",-12.2784608441328,1.30375218097907
"sternoclavicular","sagittal plane elevation",1,8,"reduced","ns7",-13.8033661009567,1.31760786047441
"sternoclavicular","sagittal plane elevation",1,8,"reduced","ns8",-16.5968069921564,1.65758733342974
"sternoclavicular","sagittal plane elevation",1,8,"reduced","varcov 1",48.8157636721139,1.24397180756525
"sternoclavicular","sagittal plane elevation",1,8,"reduced","varcov 2",8.05600823126084,0.540130610212321
"sternoclavicular","sagittal plane elevation",1,8,"reduced","varcov 3",9.10252493549107,0.565758316620347
"sternoclavicular","sagittal plane elevation",1,8,"reduced","varcov 4",9.19133260577752,0.550474099746035
"sternoclavicular","sagittal plane elevation",1,8,"reduced","varcov 5",13.2577671972061,0.655243031746785
"sternoclavicular","sagittal plane elevation",1,8,"reduced","varcov 6",16.727053069524,0.739665797949952
"sternoclavicular","sagittal plane elevation",1,8,"reduced","varcov 7",26.920515025468,0.935840942532436
"sternoclavicular","sagittal plane elevation",1,8,"reduced","varcov 8",25.5755875921341,0.953357341486581
"sternoclavicular","sagittal plane elevation",1,8,"reduced","varcov 9",43.596847861084,1.17436702198169
"sternoclavicular","sagittal plane elevation",1,8,"reduced","stderr",0.110744670066883,0.00246689375561018
"acromioclavicular","sagittal plane elevation",1,8,"full","intercept",65.6828667988899,3.04266357470833
"acromioclavicular","sagittal plane elevation",1,8,"full","ns1",3.15062139057998,0.494818570446703
"acromioclavicular","sagittal plane elevation",1,8,"full","ns2",4.59096307421678,0.404576854740471
"acromioclavicular","sagittal plane elevation",1,8,"full","ns3",4.8608042813198,0.76696504207974
"acromioclavicular","sagittal plane elevation",1,8,"full","ns4",5.67486402567949,0.826537502413512
"acromioclavicular","sagittal plane elevation",1,8,"full","ns5",6.74407293774375,1.58299661062279
"acromioclavicular","sagittal plane elevation",1,8,"full","ns6",6.48567131591809,2.24012586067811
"acromioclavicular","sagittal plane elevation",1,8,"full","ns7",8.45538088027742,2.34809167022309
"acromioclavicular","sagittal plane elevation",1,8,"full","ns8",6.03446495446364,2.70457871830159
"acromioclavicular","sagittal plane elevation",1,8,"full","condex vivo",-5.46388756699235,3.47149367837408
"acromioclavicular","sagittal plane elevation",1,8,"full","ns1:condex vivo",-1.84470921279533,0.577740921004122
"acromioclavicular","sagittal plane elevation",1,8,"full","ns2:condex vivo",-2.89455033763072,0.480173918934117
"acromioclavicular","sagittal plane elevation",1,8,"full","ns3:condex vivo",-2.17744937978724,0.883589684286534
"acromioclavicular","sagittal plane elevation",1,8,"full","ns4:condex vivo",-1.49231287432049,0.951353506494495
"acromioclavicular","sagittal plane elevation",1,8,"full","ns5:condex vivo",-0.783274095385219,1.8106027654911
"acromioclavicular","sagittal plane elevation",1,8,"full","ns6:condex vivo",-1.63270257414842,2.55479437698607
"acromioclavicular","sagittal plane elevation",1,8,"full","ns7:condex vivo",-4.01628762943145,2.67322816646272
"acromioclavicular","sagittal plane elevation",1,8,"full","ns8:condex vivo",-2.75673380659824,3.05362222209581
"acromioclavicular","sagittal plane elevation",1,8,"full","varcov 1",27.7024833102513,1.03809757136411
"acromioclavicular","sagittal plane elevation",1,8,"full","varcov 2",0.664687363163597,0.191659527038917
"acromioclavicular","sagittal plane elevation",1,8,"full","varcov 3",0.395036499072987,0.159589045387746
"acromioclavicular","sagittal plane elevation",1,8,"full","varcov 4",1.67903763893649,0.265185312426278
"acromioclavicular","sagittal plane elevation",1,8,"full","varcov 5",1.95934195229293,0.286778885970907
"acromioclavicular","sagittal plane elevation",1,8,"full","varcov 6",7.39302940748063,0.536355144563183
"acromioclavicular","sagittal plane elevation",1,8,"full","varcov 7",15.0239775347994,0.761414093758778
"acromioclavicular","sagittal plane elevation",1,8,"full","varcov 8",15.3306539973003,0.772611391876936
"acromioclavicular","sagittal plane elevation",1,8,"full","varcov 9",20.0767962031367,0.881478287767877
"acromioclavicular","sagittal plane elevation",1,8,"full","stderr",0.118418114481027,0.00278285732510423
"acromioclavicular","sagittal plane elevation",1,8,"reduced","intercept",61.353285590852,1.67174890948686
"acromioclavicular","sagittal plane elevation",1,8,"reduced","ns1",1.85684159986233,0.337692449503528
"acromioclavicular","sagittal plane elevation",1,8,"reduced","ns2",2.49136083131954,0.395310642576586
"acromioclavicular","sagittal plane elevation",1,8,"reduced","ns3",3.31188003302479,0.451179543926937
"acromioclavicular","sagittal plane elevation",1,8,"reduced","ns4",4.65448708475253,0.434905724705707
"acromioclavicular","sagittal plane elevation",1,8,"reduced","ns5",6.2664523656574,0.777285267934623
"acromioclavicular","sagittal plane elevation",1,8,"reduced","ns6",5.32666579730008,1.09201799192108
"acromioclavicular","sagittal plane elevation",1,8,"reduced","ns7",5.55447772848665,1.18960095793329
"acromioclavicular","sagittal plane elevation",1,8,"reduced","ns8",3.8805141586455,1.2834480525266
"acromioclavicular","sagittal plane elevation",1,8,"reduced","varcov 1",36.0430021551003,1.18647191987754
"acromioclavicular","sagittal plane elevation",1,8,"reduced","varcov 2",1.22239982892585,0.247969518744619
"acromioclavicular","sagittal plane elevation",1,8,"reduced","varcov 3",1.71168504386168,0.272213524869634
"acromioclavicular","sagittal plane elevation",1,8,"reduced","varcov 4",2.35961154950687,0.315628248065276
"acromioclavicular","sagittal plane elevation",1,8,"reduced","varcov 5",2.15392290518014,0.302331674964701
"acromioclavicular","sagittal plane elevation",1,8,"reduced","varcov 6",7.55938540440181,0.543536470836992
"acromioclavicular","sagittal plane elevation",1,8,"reduced","varcov 7",15.3517233319823,0.769748778741074
"acromioclavicular","sagittal plane elevation",1,8,"reduced","varcov 8",17.0253642479067,0.817129550485302
"acromioclavicular","sagittal plane elevation",1,8,"reduced","varcov 9",20.9713401385276,0.902908302132331
"acromioclavicular","sagittal plane elevation",1,8,"reduced","stderr",-0.118145749580157,0.00277306083205152
"scapulothoracic","sagittal plane elevation",1,11,"full","intercept",34.4300065531344,1.83873195203571
"scapulothoracic","sagittal plane elevation",1,11,"full","ns1",3.12540964934017,0.569419455631748
"scapulothoracic","sagittal plane elevation",1,11,"full","ns2",3.81498345145146,0.61162453657567
"scapulothoracic","sagittal plane elevation",1,11,"full","ns3",4.26450200004806,0.599543889271439
"scapulothoracic","sagittal plane elevation",1,11,"full","ns4",4.4799859264317,0.849158619570488
"scapulothoracic","sagittal plane elevation",1,11,"full","ns5",4.63421239274098,0.805360299583468
"scapulothoracic","sagittal plane elevation",1,11,"full","ns6",4.07578954340209,0.936727480578233
"scapulothoracic","sagittal plane elevation",1,11,"full","ns7",3.58280188196866,1.0294300942254
"scapulothoracic","sagittal plane elevation",1,11,"full","ns8",2.18541219427789,1.27302660804091
"scapulothoracic","sagittal plane elevation",1,11,"full","ns9",-1.8340967310062,1.57876112253385
"scapulothoracic","sagittal plane elevation",1,11,"full","ns10",-0.00236317047127944,0.117157090806761
"scapulothoracic","sagittal plane elevation",1,11,"full","ns11",-3.95259844233509,1.89106586881642
"scapulothoracic","sagittal plane elevation",1,11,"full","condex vivo",-3.28465900392791,3.17523079764517
"scapulothoracic","sagittal plane elevation",1,11,"full","ns1:condex vivo",-1.1940276379989,1.06762075371942
"scapulothoracic","sagittal plane elevation",1,11,"full","ns2:condex vivo",-2.18683182948002,1.1362537650939
"scapulothoracic","sagittal plane elevation",1,11,"full","ns3:condex vivo",-2.68387281600108,1.11562388933476
"scapulothoracic","sagittal plane elevation",1,11,"full","ns4:condex vivo",-3.06018803693398,1.51779265684848
"scapulothoracic","sagittal plane elevation",1,11,"full","ns5:condex vivo",-3.32154935747534,1.445938220106
"scapulothoracic","sagittal plane elevation",1,11,"full","ns6:condex vivo",-4.12294267117806,1.66184010110867
"scapulothoracic","sagittal plane elevation",1,11,"full","ns7:condex vivo",-5.67536107699307,1.81372085671714
"scapulothoracic","sagittal plane elevation",1,11,"full","ns8:condex vivo",-6.45904844273585,2.20438430994698
"scapulothoracic","sagittal plane elevation",1,11,"full","ns9:condex vivo",-9.0831051140425,2.97412565585289
"scapulothoracic","sagittal plane elevation",1,11,"full","ns10:condex vivo",-8.73568523576766,3.18598524939711
"scapulothoracic","sagittal plane elevation",1,11,"full","ns11:condex vivo",-6.00123259842051,4.78763744749595
"scapulothoracic","sagittal plane elevation",1,11,"full","varcov 1",84.1810436470294,1.06043419173056
"scapulothoracic","sagittal plane elevation",1,11,"full","varcov 2",7.77115760170676,0.352845512801431
"scapulothoracic","sagittal plane elevation",1,11,"full","varcov 3",8.96509544104036,0.364952638573727
"scapulothoracic","sagittal plane elevation",1,11,"full","varcov 4",8.63301655351686,0.350368770679053
"scapulothoracic","sagittal plane elevation",1,11,"full","varcov 5",17.6546821168374,0.490318258596382
"scapulothoracic","sagittal plane elevation",1,11,"full","varcov 6",15.8525651957974,0.467212210888155
"scapulothoracic","sagittal plane elevation",1,11,"full","varcov 7",21.5684473337874,0.544727090833196
"scapulothoracic","sagittal plane elevation",1,11,"full","varcov 8",26.0342590303827,0.599680731917343
"scapulothoracic","sagittal plane elevation",1,11,"full","varcov 9",38.3717315614367,0.744295987223777
"scapulothoracic","sagittal plane elevation",1,11,"full","varcov 10",54.7575002193437,1.03573615692393
"scapulothoracic","sagittal plane elevation",1,11,"full","varcov 11",44.5779364179225,0.872564988974994
"scapulothoracic","sagittal plane elevation",1,11,"full","varcov 12",80.0970100326834,1.19944120564983
"scapulothoracic","sagittal plane elevation",1,11,"full","stderr",0.206885698418569,0.00290555277516708
"scapulothoracic","sagittal plane elevation",1,11,"reduced","intercept",32.846278853069,1.5407865403852
"scapulothoracic","sagittal plane elevation",1,11,"reduced","ns1",3.1732485966985,0.508713919579675
"scapulothoracic","sagittal plane elevation",1,11,"reduced","ns2",3.52922386662472,0.547353609911137
"scapulothoracic","sagittal plane elevation",1,11,"reduced","ns3",3.80652863509806,0.541776669143138
"scapulothoracic","sagittal plane elevation",1,11,"reduced","ns4",3.89330627263564,0.734225681512683
"scapulothoracic","sagittal plane elevation",1,11,"reduced","ns5",3.96039515468264,0.702333518144476
"scapulothoracic","sagittal plane elevation",1,11,"reduced","ns6",3.12243054553713,0.801983703749576
"scapulothoracic","sagittal plane elevation",1,11,"reduced","ns7",2.10873378780924,0.897226106250327
"scapulothoracic","sagittal plane elevation",1,11,"reduced","ns8",0.369365396608623,1.08777104356233
"scapulothoracic","sagittal plane elevation",1,11,"reduced","ns9",-4.33065079388476,1.45969045045572
"scapulothoracic","sagittal plane elevation",1,11,"reduced","ns10",-1.04543331718488,1.31168736733732
"scapulothoracic","sagittal plane elevation",1,11,"reduced","ns11",-4.37771039667775,1.72441987565206
"scapulothoracic","sagittal plane elevation",1,11,"reduced","varcov 1",89.2802045357331,1.09452999907602
"scapulothoracic","sagittal plane elevation",1,11,"reduced","varcov 2",8.90042075721024,0.379450542203384
"scapulothoracic","sagittal plane elevation",1,11,"reduced","varcov 3",10.3807358997233,0.390169237559417
"scapulothoracic","sagittal plane elevation",1,11,"reduced","varcov 4",10.19148052921,0.377953041356442
"scapulothoracic","sagittal plane elevation",1,11,"reduced","varcov 5",19.4984880536565,0.513768734529699
"scapulothoracic","sagittal plane elevation",1,11,"reduced","varcov 6",17.7709411888054,0.492657423914904
"scapulothoracic","sagittal plane elevation",1,11,"reduced","varcov 7",23.4567685081141,0.567626181899332
"scapulothoracic","sagittal plane elevation",1,11,"reduced","varcov 8",29.549989504168,0.639528198768925
"scapulothoracic","sagittal plane elevation",1,11,"reduced","varcov 9",42.728938152339,0.782285878959038
"scapulothoracic","sagittal plane elevation",1,11,"reduced","varcov 10",65.6416601410869,1.15154408445473
"scapulothoracic","sagittal plane elevation",1,11,"reduced","varcov 11",48.7678502606935,0.916799208612829
"scapulothoracic","sagittal plane elevation",1,11,"reduced","varcov 12",82.8586141503599,1.22354260390741
"scapulothoracic","sagittal plane elevation",1,11,"reduced","stderr",0.206589596130438,0.00289837940864881
"glenohumeral","sagittal plane elevation",1,9,"full","intercept",62.8717639743367,7.83732358814155
"glenohumeral","sagittal plane elevation",1,9,"full","ns1",-9.54267290549237,6.45740694978865
"glenohumeral","sagittal plane elevation",1,9,"full","ns2",-13.598468374885,6.74311201458157
"glenohumeral","sagittal plane elevation",1,9,"full","ns3",-18.6086593949037,7.00737225160468
"glenohumeral","sagittal plane elevation",1,9,"full","ns4",-21.8902218489876,7.32667650750603
"glenohumeral","sagittal plane elevation",1,9,"full","ns5",-27.1533546180205,7.56713446639023
"glenohumeral","sagittal plane elevation",1,9,"full","ns6",-31.4456716235224,7.73811985932762
"glenohumeral","sagittal plane elevation",1,9,"full","ns7",-33.7799949660635,7.01024137978056
"glenohumeral","sagittal plane elevation",1,9,"full","ns8",-42.0758328659161,11.9219718197193
"glenohumeral","sagittal plane elevation",1,9,"full","ns9",-33.2189050938463,5.75170238964138
"glenohumeral","sagittal plane elevation",1,9,"full","condex vivo",-144.295695657885,14.6121360339672
"glenohumeral","sagittal plane elevation",1,9,"full","ns1:condex vivo",122.175952945857,12.0838465801432
"glenohumeral","sagittal plane elevation",1,9,"full","ns2:condex vivo",136.168449824456,12.6292431703105
"glenohumeral","sagittal plane elevation",1,9,"full","ns3:condex vivo",142.677431934393,13.0940529262064
"glenohumeral","sagittal plane elevation",1,9,"full","ns4:condex vivo",145.675510142206,13.6830406283115
"glenohumeral","sagittal plane elevation",1,9,"full","ns5:condex vivo",147.84807675459,14.1159581155751
"glenohumeral","sagittal plane elevation",1,9,"full","ns6:condex vivo",145.441551730995,14.4123679067225
"glenohumeral","sagittal plane elevation",1,9,"full","ns7:condex vivo",113.340604696837,12.9588485307253
"glenohumeral","sagittal plane elevation",1,9,"full","ns8:condex vivo",212.960063578933,22.9690535802251
"glenohumeral","sagittal plane elevation",1,9,"full","ns9:condex vivo",67.2519719779091,13.5314164665
"glenohumeral","sagittal plane elevation",1,9,"full","varcov 1",1462.2793115509,4.6965447711346
"glenohumeral","sagittal plane elevation",1,9,"full","varcov 2",989.427431689299,3.87954535349859
"glenohumeral","sagittal plane elevation",1,9,"full","varcov 3",1077.71956263886,4.05998387619469
"glenohumeral","sagittal plane elevation",1,9,"full","varcov 4",1165.92737150921,4.20608596605578
"glenohumeral","sagittal plane elevation",1,9,"full","varcov 5",1275.0944562231,4.39260575597319
"glenohumeral","sagittal plane elevation",1,9,"full","varcov 6",1361.44005643458,4.53194494134137
"glenohumeral","sagittal plane elevation",1,9,"full","varcov 7",1417.47804827667,4.62509786050395
"glenohumeral","sagittal plane elevation",1,9,"full","varcov 8",1107.52524136314,4.30804572228079
"glenohumeral","sagittal plane elevation",1,9,"full","varcov 9",3317.90722272711,7.4878859163618
"glenohumeral","sagittal plane elevation",1,9,"full","varcov 10",698.782575864099,3.78883115934892
"glenohumeral","sagittal plane elevation",1,9,"full","stderr",-1.08076009796755,0.0161136874754801
"glenohumeral","sagittal plane elevation",1,9,"reduced","intercept",23.6490263513967,12.4013544756503
"glenohumeral","sagittal plane elevation",1,9,"reduced","ns1",23.2595221909448,10.5007607617993
"glenohumeral","sagittal plane elevation",1,9,"reduced","ns2",23.1925208050228,11.5889150605163
"glenohumeral","sagittal plane elevation",1,9,"reduced","ns3",20.1644473766143,12.0311472313873
"glenohumeral","sagittal plane elevation",1,9,"reduced","ns4",17.7161679451498,12.3740155919115
"glenohumeral","sagittal plane elevation",1,9,"reduced","ns5",13.1428244180281,12.6076294366209
"glenohumeral","sagittal plane elevation",1,9,"reduced","ns6",8.0814128008729,12.55827322325
"glenohumeral","sagittal plane elevation",1,9,"reduced","ns7",-1.33193524815846,10.3866699778593
"glenohumeral","sagittal plane elevation",1,9,"reduced","ns8",10.8702311537038,18.7774578360122
"glenohumeral","sagittal plane elevation",1,9,"reduced","ns9",-20.6334472034165,7.08764986465754
"glenohumeral","sagittal plane elevation",1,9,"reduced","varcov 1",5174.4204568526,8.79141389676225
"glenohumeral","sagittal plane elevation",1,9,"reduced","varcov 2",3696.00901787851,7.4372425685283
"glenohumeral","sagittal plane elevation",1,9,"reduced","varcov 3",4509.17991082477,8.2171580208706
"glenohumeral","sagittal plane elevation",1,9,"reduced","varcov 4",4867.09200777523,8.52572757291952
"glenohumeral","sagittal plane elevation",1,9,"reduced","varcov 5",5149.78356536897,8.76894388995663
"glenohumeral","sagittal plane elevation",1,9,"reduced","varcov 6",5350.77487056889,8.93506250247959
"glenohumeral","sagittal plane elevation",1,9,"reduced","varcov 7",5298.56658506256,8.89405881577572
"glenohumeral","sagittal plane elevation",1,9,"reduced","varcov 8",3473.6925556173,7.41101654066354
"glenohumeral","sagittal plane elevation",1,9,"reduced","varcov 9",11590.6309362165,13.5426378770286
"glenohumeral","sagittal plane elevation",1,9,"reduced","varcov 10",1301.04026140246,5.26626033760883
"glenohumeral","sagittal plane elevation",1,9,"reduced","stderr",1.0790225260306,0.0160199460841241
"sternoclavicular","horizontal flexion",1,14,"full","intercept",-30.8963466088386,1.96571267891517
"sternoclavicular","horizontal flexion",1,14,"full","ns1",-2.28832409954212,1.13585267673788
"sternoclavicular","horizontal flexion",1,14,"full","ns2",-2.95811605948263,0.83837538947133
"sternoclavicular","horizontal flexion",1,14,"full","ns3",-2.74536792006976,0.787022136123258
"sternoclavicular","horizontal flexion",1,14,"full","ns4",-2.9368931970807,0.707409721559353
"sternoclavicular","horizontal flexion",1,14,"full","ns5",-3.03662336781776,0.671345815454858
"sternoclavicular","horizontal flexion",1,14,"full","ns6",-3.26747734775892,0.675938828966552
"sternoclavicular","horizontal flexion",1,14,"full","ns7",-3.50946309458703,0.749188972664737
"sternoclavicular","horizontal flexion",1,14,"full","ns8",-3.99105872090261,0.832775926603038
"sternoclavicular","horizontal flexion",1,14,"full","ns9",-4.74974620459647,0.948212538717903
"sternoclavicular","horizontal flexion",1,14,"full","ns10",-5.84736137271916,1.12547138531463
"sternoclavicular","horizontal flexion",1,14,"full","ns11",-6.97163316519789,1.34578070027027
"sternoclavicular","horizontal flexion",1,14,"full","ns12",-11.6074714343171,3.68667850231293
"sternoclavicular","horizontal flexion",1,14,"full","ns13",-68.589958815333,17.7517334867765
"sternoclavicular","horizontal flexion",1,14,"full","ns14",-124.71322199018,31.7015460424276
"sternoclavicular","horizontal flexion",1,14,"full","varcov 1",36.2760369910433,1.38266032671796
"sternoclavicular","horizontal flexion",1,14,"full","varcov 2",10.2520888298635,0.830168320798939
"sternoclavicular","horizontal flexion",1,14,"full","varcov 3",5.28015981536564,0.565746075001001
"sternoclavicular","horizontal flexion",1,14,"full","varcov 4",4.56737934088798,0.520098050755756
"sternoclavicular","horizontal flexion",1,14,"full","varcov 5",3.47726711230539,0.457748564596639
"sternoclavicular","horizontal flexion",1,14,"full","varcov 6",3.04020805938018,0.432229390269303
"sternoclavicular","horizontal flexion",1,14,"full","varcov 7",3.09065640896186,0.443283184875699
"sternoclavicular","horizontal flexion",1,14,"full","varcov 8",4.03352648285021,0.500338548319589
"sternoclavicular","horizontal flexion",1,14,"full","varcov 9",5.22215706397053,0.566491405745355
"sternoclavicular","horizontal flexion",1,14,"full","varcov 10",7.07286903790089,0.649010179353109
"sternoclavicular","horizontal flexion",1,14,"full","varcov 11",10.3777085237809,0.776857027915381
"sternoclavicular","horizontal flexion",1,14,"full","varcov 12",15.7983223440032,0.908201251558564
"sternoclavicular","horizontal flexion",1,14,"full","varcov 13",86.4096881053977,2.78301031383449
"sternoclavicular","horizontal flexion",1,14,"full","varcov 14",1955.74779720535,13.2238094013451
"sternoclavicular","horizontal flexion",1,14,"full","varcov 15",6078.8332873396,21.9901631242479
"sternoclavicular","horizontal flexion",1,14,"full","stderr",-0.0694299961396012,0.00179269239763858
"acromioclavicular","horizontal flexion",1,19,"full","intercept",68.5073739785393,1.60199473792578
"acromioclavicular","horizontal flexion",1,19,"full","ns1",-1.47098534972214,0.926368604856336
"acromioclavicular","horizontal flexion",1,19,"full","ns2",-2.1716718141116,0.644309015104588
"acromioclavicular","horizontal flexion",1,19,"full","ns3",-2.59487488259996,0.530526396657308
"acromioclavicular","horizontal flexion",1,19,"full","ns4",-3.12126107187756,0.481998756011529
"acromioclavicular","horizontal flexion",1,19,"full","ns5",-3.50595375964882,0.46556344452891
"acromioclavicular","horizontal flexion",1,19,"full","ns6",-3.77437865773571,0.447977895146705
"acromioclavicular","horizontal flexion",1,19,"full","ns7",-4.05956313783348,0.431422464424293
"acromioclavicular","horizontal flexion",1,19,"full","ns8",-4.05014506113074,0.431074252176485
"acromioclavicular","horizontal flexion",1,19,"full","ns9",-4.14795360354828,0.441556024568366
"acromioclavicular","horizontal flexion",1,19,"full","ns10",-4.13474051437832,0.468687629104679
"acromioclavicular","horizontal flexion",1,19,"full","ns11",-4.02057525721768,0.538220485700243
"acromioclavicular","horizontal flexion",1,19,"full","ns12",-3.83574876535131,0.604580266669476
"acromioclavicular","horizontal flexion",1,19,"full","ns13",-3.54362243753686,0.71312094306785
"acromioclavicular","horizontal flexion",1,19,"full","ns14",-3.17528341142906,0.751175310747245
"acromioclavicular","horizontal flexion",1,19,"full","ns15",-2.88458283432129,0.831382043449106
"acromioclavicular","horizontal flexion",1,19,"full","ns16",-2.87603501568925,0.97660291745518
"acromioclavicular","horizontal flexion",1,19,"full","ns17",-2.92627228902282,1.59210794447781
"acromioclavicular","horizontal flexion",1,19,"full","ns18",-2.98410664133477,1.77776378865858
"acromioclavicular","horizontal flexion",1,19,"full","ns19",-3.59253523302192,1.81578831297324
"acromioclavicular","horizontal flexion",1,19,"full","varcov 1",22.6069500023401,1.1270833694703
"acromioclavicular","horizontal flexion",1,19,"full","varcov 2",5.63696018876813,0.665126892684138
"acromioclavicular","horizontal flexion",1,19,"full","varcov 3",2.89130909730347,0.437815435915538
"acromioclavicular","horizontal flexion",1,19,"full","varcov 4",2.0407625328731,0.34608838609217
"acromioclavicular","horizontal flexion",1,19,"full","varcov 5",1.59509822290641,0.307760959007604
"acromioclavicular","horizontal flexion",1,19,"full","varcov 6",1.45809162447592,0.294539697025793
"acromioclavicular","horizontal flexion",1,19,"full","varcov 7",1.31186322879384,0.281426248823403
"acromioclavicular","horizontal flexion",1,19,"full","varcov 8",1.18147277093977,0.268127878268422
"acromioclavicular","horizontal flexion",1,19,"full","varcov 9",1.17849210642685,0.27042502928164
"acromioclavicular","horizontal flexion",1,19,"full","varcov 10",1.26151219629551,0.277991600183414
"acromioclavicular","horizontal flexion",1,19,"full","varcov 11",1.48365278852278,0.300229110479744
"acromioclavicular","horizontal flexion",1,19,"full","varcov 12",2.11332986387941,0.352919534673111
"acromioclavicular","horizontal flexion",1,19,"full","varcov 13",2.79607713646781,0.403005855028573
"acromioclavicular","horizontal flexion",1,19,"full","varcov 14",4.082722186279,0.48423782332324
"acromioclavicular","horizontal flexion",1,19,"full","varcov 15",4.58513488966516,0.51460267552206
"acromioclavicular","horizontal flexion",1,19,"full","varcov 16",5.72475872371191,0.574325484390153
"acromioclavicular","horizontal flexion",1,19,"full","varcov 17",7.2129137054352,0.682319747464879
"acromioclavicular","horizontal flexion",1,19,"full","varcov 18",17.0522706900439,1.27614231757239
"acromioclavicular","horizontal flexion",1,19,"full","varcov 19",13.1134153390998,1.29281190329801
"acromioclavicular","horizontal flexion",1,19,"full","varcov 20",14.1944699341403,1.41673292494432
"acromioclavicular","horizontal flexion",1,19,"full","stderr",0.0565151572882688,0.00150663736986935
"scapulothoracic","horizontal flexion",1,9,"full","intercept",41.3691454841454,2.76281604044791
"scapulothoracic","horizontal flexion",1,9,"full","ns1",-14.4703578787764,0.967915962270048
"scapulothoracic","horizontal flexion",1,9,"full","ns2",-18.6683622264672,1.16014420507677
"scapulothoracic","horizontal flexion",1,9,"full","ns3",-21.6883407797571,1.22273082328993
"scapulothoracic","horizontal flexion",1,9,"full","ns4",-24.3930824664267,1.32157740329007
"scapulothoracic","horizontal flexion",1,9,"full","ns5",-26.4382683082343,1.41714739189686
"scapulothoracic","horizontal flexion",1,9,"full","ns6",-28.0086295351088,1.62611070394052
"scapulothoracic","horizontal flexion",1,9,"full","ns7",-27.908218078611,2.1546230911108
"scapulothoracic","horizontal flexion",1,9,"full","ns8",-40.5202630571201,2.00043232313337
"scapulothoracic","horizontal flexion",1,9,"full","ns9",-29.0284371013619,3.11530674803368
"scapulothoracic","horizontal flexion",1,9,"full","condex vivo",0.904342841198463,3.62785064601635
"scapulothoracic","horizontal flexion",1,9,"full","ns1:condex vivo",6.1734102401465,1.30398454148148
"scapulothoracic","horizontal flexion",1,9,"full","ns2:condex vivo",8.90849359925221,1.55733786236486
"scapulothoracic","horizontal flexion",1,9,"full","ns3:condex vivo",11.3005540598347,1.64051463892252
"scapulothoracic","horizontal flexion",1,9,"full","ns4:condex vivo",13.5058137805066,1.77141853774658
"scapulothoracic","horizontal flexion",1,9,"full","ns5:condex vivo",15.2608648292076,1.8983349019068
"scapulothoracic","horizontal flexion",1,9,"full","ns6:condex vivo",16.1027664522718,2.1760852262973
"scapulothoracic","horizontal flexion",1,9,"full","ns7:condex vivo",17.256143311891,2.86006430408501
"scapulothoracic","horizontal flexion",1,9,"full","ns8:condex vivo",15.8972618223675,2.81630306045004
"scapulothoracic","horizontal flexion",1,9,"full","ns9:condex vivo",6.87782345583738,4.34526454255855
"scapulothoracic","horizontal flexion",1,9,"full","varcov 1",52.8211922310144,1.26874688428925
"scapulothoracic","horizontal flexion",1,9,"full","varcov 2",6.01115933922331,0.468594423800473
"scapulothoracic","horizontal flexion",1,9,"full","varcov 3",8.75775814146799,0.556909081742642
"scapulothoracic","horizontal flexion",1,9,"full","varcov 4",9.86492701335042,0.585163240666969
"scapulothoracic","horizontal flexion",1,9,"full","varcov 5",11.5936559393398,0.632050507675275
"scapulothoracic","horizontal flexion",1,9,"full","varcov 6",13.4430458251679,0.678498046685962
"scapulothoracic","horizontal flexion",1,9,"full","varcov 7",17.8877479024239,0.772101043362786
"scapulothoracic","horizontal flexion",1,9,"full","varcov 8",32.2395396132684,1.05263198140195
"scapulothoracic","horizontal flexion",1,9,"full","varcov 9",24.9824253976995,0.977371554785091
"scapulothoracic","horizontal flexion",1,9,"full","varcov 10",65.7756020884602,1.6748215622813
"scapulothoracic","horizontal flexion",1,9,"full","stderr",-0.159664533509959,0.00339780809896567
"scapulothoracic","horizontal flexion",1,9,"reduced","intercept",42.5810833049336,2.03442062227635
"scapulothoracic","horizontal flexion",1,9,"reduced","ns1",-11.278668650423,0.980668755577949
"scapulothoracic","horizontal flexion",1,9,"reduced","ns2",-13.934094546109,1.32324837045768
"scapulothoracic","horizontal flexion",1,9,"reduced","ns3",-15.6101960030616,1.57798448795852
"scapulothoracic","horizontal flexion",1,9,"reduced","ns4",-17.0746549097589,1.8297793824857
"scapulothoracic","horizontal flexion",1,9,"reduced","ns5",-18.1292034022071,2.0641475332198
"scapulothoracic","horizontal flexion",1,9,"reduced","ns6",-19.2356285696357,2.21070407569526
"scapulothoracic","horizontal flexion",1,9,"reduced","ns7",-18.3709939040768,2.51139067334238
"scapulothoracic","horizontal flexion",1,9,"reduced","ns8",-32.5766639608021,2.21867876369339
"scapulothoracic","horizontal flexion",1,9,"reduced","ns9",-26.6849943670319,2.27835002623057
"scapulothoracic","horizontal flexion",1,9,"reduced","varcov 1",67.3961663013891,1.47215707306388
"scapulothoracic","horizontal flexion",1,9,"reduced","varcov 2",13.8870548194618,0.686577490140479
"scapulothoracic","horizontal flexion",1,9,"reduced","varcov 3",26.3770355643838,0.93161077927002
"scapulothoracic","horizontal flexion",1,9,"reduced","varcov 4",38.2776621351208,1.11263939114146
"scapulothoracic","horizontal flexion",1,9,"reduced","varcov 5",51.9685390051227,1.29369171384607
"scapulothoracic","horizontal flexion",1,9,"reduced","varcov 6",66.590957221028,1.45824155568347
"scapulothoracic","horizontal flexion",1,9,"reduced","varcov 7",76.6001986421668,1.56331119551278
"scapulothoracic","horizontal flexion",1,9,"reduced","varcov 8",104.283535189304,1.77932489731525
"scapulothoracic","horizontal flexion",1,9,"reduced","varcov 9",68.6337258546619,1.57804009488368
"scapulothoracic","horizontal flexion",1,9,"reduced","varcov 10",70.3809222916592,1.72167436394225
"scapulothoracic","horizontal flexion",1,9,"reduced","stderr",-0.158037731337195,0.00332616355520714
"glenohumeral","horizontal flexion",1,13,"full","intercept",70.0022376141639,3.09831760869896
"glenohumeral","horizontal flexion",1,13,"full","ns1",-17.1539954643684,1.11094797922619
"glenohumeral","horizontal flexion",1,13,"full","ns2",-22.6053678171567,0.789922437680125
"glenohumeral","horizontal flexion",1,13,"full","ns3",-29.3108469796608,0.734673940540088
"glenohumeral","horizontal flexion",1,13,"full","ns4",-36.0362309737675,0.704842043888886
"glenohumeral","horizontal flexion",1,13,"full","ns5",-44.0058331403996,0.66217699312237
"glenohumeral","horizontal flexion",1,13,"full","ns6",-51.5310316235212,0.685937370863903
"glenohumeral","horizontal flexion",1,13,"full","ns7",-59.1592266618469,0.774808818003116
"glenohumeral","horizontal flexion",1,13,"full","ns8",-67.3333689686628,0.951921469127472
"glenohumeral","horizontal flexion",1,13,"full","ns9",-75.9725076727115,1.189659500489
"glenohumeral","horizontal flexion",1,13,"full","ns10",-84.0357089658563,1.39005843858448
"glenohumeral","horizontal flexion",1,13,"full","ns11",-92.2633855108705,2.23312810305331
"glenohumeral","horizontal flexion",1,13,"full","ns12",-107.20070354668,1.97841134948023
"glenohumeral","horizontal flexion",1,13,"full","ns13",-98.9504145287154,2.61981669374582
"glenohumeral","horizontal flexion",1,13,"full","varcov 1",84.7357565199861,2.17710219422768
"glenohumeral","horizontal flexion",1,13,"full","varcov 2",9.41099036824673,0.803373340787447
"glenohumeral","horizontal flexion",1,13,"full","varcov 3",3.87800674245593,0.564808577752651
"glenohumeral","horizontal flexion",1,13,"full","varcov 4",3.21297885999907,0.507047011787785
"glenohumeral","horizontal flexion",1,13,"full","varcov 5",2.77927005568283,0.459991820443169
"glenohumeral","horizontal flexion",1,13,"full","varcov 6",2.27949484572988,0.417097823196734
"glenohumeral","horizontal flexion",1,13,"full","varcov 7",2.56098624076047,0.428093279485963
"glenohumeral","horizontal flexion",1,13,"full","varcov 8",3.73440738390693,0.515326109776449
"glenohumeral","horizontal flexion",1,13,"full","varcov 9",6.48664824939286,0.661191026273122
"glenohumeral","horizontal flexion",1,13,"full","varcov 10",11.0646516679412,0.841699814662351
"glenohumeral","horizontal flexion",1,13,"full","varcov 11",15.7199152638345,0.983023622163266
"glenohumeral","horizontal flexion",1,13,"full","varcov 12",39.4228446315325,1.59217902478536
"glenohumeral","horizontal flexion",1,13,"full","varcov 13",16.8839550219781,1.34545115527812
"glenohumeral","horizontal flexion",1,13,"full","varcov 14",43.8647542398975,2.18904612274703
"glenohumeral","horizontal flexion",1,13,"full","stderr",0.120857765646357,0.00309552490082219
"sternoclavicular","internal-external rotation 0 degree-abducted",1,18,"full","intercept",-35.8511073202461,1.67501380841166
"sternoclavicular","internal-external rotation 0 degree-abducted",1,18,"full","ns1",5.32205793233827,1.46256014629671
"sternoclavicular","internal-external rotation 0 degree-abducted",1,18,"full","ns2",3.50299423637924,1.00334132867043
"sternoclavicular","internal-external rotation 0 degree-abducted",1,18,"full","ns3",4.51213548482525,0.857408388414816
"sternoclavicular","internal-external rotation 0 degree-abducted",1,18,"full","ns4",6.28394368514136,0.457794359221865
"sternoclavicular","internal-external rotation 0 degree-abducted",1,18,"full","ns5",6.77503832750091,0.468722401787226
"sternoclavicular","internal-external rotation 0 degree-abducted",1,18,"full","ns6",6.992837220864,0.410267474247365
"sternoclavicular","internal-external rotation 0 degree-abducted",1,18,"full","ns7",7.09850639288939,0.401880217571389
"sternoclavicular","internal-external rotation 0 degree-abducted",1,18,"full","ns8",7.35380418635959,0.413812382668613
"sternoclavicular","internal-external rotation 0 degree-abducted",1,18,"full","ns9",7.52127477380329,0.442413306664396
"sternoclavicular","internal-external rotation 0 degree-abducted",1,18,"full","ns10",7.62128798671604,0.430917833593338
"sternoclavicular","internal-external rotation 0 degree-abducted",1,18,"full","ns11",8.64106690368035,0.707438648001085
"sternoclavicular","internal-external rotation 0 degree-abducted",1,18,"full","ns12",8.30357974452273,0.501418688998122
"sternoclavicular","internal-external rotation 0 degree-abducted",1,18,"full","ns13",9.22922068202628,0.701583263560167
"sternoclavicular","internal-external rotation 0 degree-abducted",1,18,"full","ns14",9.30466195755931,0.706815971730519
"sternoclavicular","internal-external rotation 0 degree-abducted",1,18,"full","ns15",10.0580247835067,1.20947828577544
"sternoclavicular","internal-external rotation 0 degree-abducted",1,18,"full","ns16",17.6106690116851,5.95069100796063
"sternoclavicular","internal-external rotation 0 degree-abducted",1,18,"full","ns17",14.3296323746318,2.2870583852573
"sternoclavicular","internal-external rotation 0 degree-abducted",1,18,"full","ns18",9.25333873068555,1.78742064150318
"sternoclavicular","internal-external rotation 0 degree-abducted",1,18,"full","varcov 1",32.0237791430152,1.15988976369333
"sternoclavicular","internal-external rotation 0 degree-abducted",1,18,"full","varcov 2",14.0487559272049,1.03193548944913
"sternoclavicular","internal-external rotation 0 degree-abducted",1,18,"full","varcov 3",6.20519348483942,0.667499942026218
"sternoclavicular","internal-external rotation 0 degree-abducted",1,18,"full","varcov 4",4.76205480575792,0.606619631467135
"sternoclavicular","internal-external rotation 0 degree-abducted",1,18,"full","varcov 5",0.317241383180895,0.166643519426827
"sternoclavicular","internal-external rotation 0 degree-abducted",1,18,"full","varcov 6",0.468831368714489,0.17254688755566
"sternoclavicular","internal-external rotation 0 degree-abducted",1,18,"full","varcov 7",0.0540558176439212,0.0607293307118997
"sternoclavicular","internal-external rotation 0 degree-abducted",1,18,"full","varcov 8",6.20958618600154e-09,0.00537504089145449
"sternoclavicular","internal-external rotation 0 degree-abducted",1,18,"full","varcov 9",0.0949333311287382,0.0730268843458897
"sternoclavicular","internal-external rotation 0 degree-abducted",1,18,"full","varcov 10",0.356384323565153,0.142864505012258
"sternoclavicular","internal-external rotation 0 degree-abducted",1,18,"full","varcov 11",0.224333242803487,0.113875558720634
"sternoclavicular","internal-external rotation 0 degree-abducted",1,18,"full","varcov 12",3.30496101390325,0.461635587972754
"sternoclavicular","internal-external rotation 0 degree-abducted",1,18,"full","varcov 13",0.773641634879038,0.231811163437532
"sternoclavicular","internal-external rotation 0 degree-abducted",1,18,"full","varcov 14",2.56560354513715,0.415014426790713
"sternoclavicular","internal-external rotation 0 degree-abducted",1,18,"full","varcov 15",1.94162401424254,0.449041369276067
"sternoclavicular","internal-external rotation 0 degree-abducted",1,18,"full","varcov 16",7.7726732453072,0.814294474840425
"sternoclavicular","internal-external rotation 0 degree-abducted",1,18,"full","varcov 17",177.834465764749,5.17830334248821
"sternoclavicular","internal-external rotation 0 degree-abducted",1,18,"full","varcov 18",0.00538530354868784,0.683376744989021
"sternoclavicular","internal-external rotation 0 degree-abducted",1,18,"full","varcov 19",8.0698224146071,1.06624488725369
"sternoclavicular","internal-external rotation 0 degree-abducted",1,18,"full","stderr",0.040569910235869,0.000890091669111192
"acromioclavicular","internal-external rotation 0 degree-abducted",1,16,"full","intercept",59.7900248502423,1.35197082000418
"acromioclavicular","internal-external rotation 0 degree-abducted",1,16,"full","ns1",1.08207730231503,0.823362397209554
"acromioclavicular","internal-external rotation 0 degree-abducted",1,16,"full","ns2",1.20318405964984,0.857060778469643
"acromioclavicular","internal-external rotation 0 degree-abducted",1,16,"full","ns3",0.934819462000815,1.04186357349354
"acromioclavicular","internal-external rotation 0 degree-abducted",1,16,"full","ns4",1.87724554191703,0.495161253611855
"acromioclavicular","internal-external rotation 0 degree-abducted",1,16,"full","ns5",1.61848121153032,0.396292580778245
"acromioclavicular","internal-external rotation 0 degree-abducted",1,16,"full","ns6",1.55698975275408,0.384549989134189
"acromioclavicular","internal-external rotation 0 degree-abducted",1,16,"full","ns7",1.46100174801415,0.356381632658491
"acromioclavicular","internal-external rotation 0 degree-abducted",1,16,"full","ns8",1.46723777393181,0.352665613803918
"acromioclavicular","internal-external rotation 0 degree-abducted",1,16,"full","ns9",1.20932216535147,0.406598782734045
"acromioclavicular","internal-external rotation 0 degree-abducted",1,16,"full","ns10",0.983213953065494,0.570787025650987
"acromioclavicular","internal-external rotation 0 degree-abducted",1,16,"full","ns11",1.60633317272541,0.408216344036285
"acromioclavicular","internal-external rotation 0 degree-abducted",1,16,"full","ns12",1.36102008098312,0.527488900624553
"acromioclavicular","internal-external rotation 0 degree-abducted",1,16,"full","ns13",1.48794542789349,0.411904920869425
"acromioclavicular","internal-external rotation 0 degree-abducted",1,16,"full","ns14",12.6054533264116,6.36750349778046
"acromioclavicular","internal-external rotation 0 degree-abducted",1,16,"full","ns15",3.49255804686919,2.67280856408629
"acromioclavicular","internal-external rotation 0 degree-abducted",1,16,"full","ns16",-3.85008982164381,1.99334919035367
"acromioclavicular","internal-external rotation 0 degree-abducted",1,16,"full","varcov 1",20.6991128981397,1.09967608110918
"acromioclavicular","internal-external rotation 0 degree-abducted",1,16,"full","varcov 2",4.11016742698963,0.557164087867471
"acromioclavicular","internal-external rotation 0 degree-abducted",1,16,"full","varcov 3",4.45771136919984,0.588490298603307
"acromioclavicular","internal-external rotation 0 degree-abducted",1,16,"full","varcov 4",7.29481708647128,1.0534384855755
"acromioclavicular","internal-external rotation 0 degree-abducted",1,16,"full","varcov 5",0.978186071436443,0.285988467200952
"acromioclavicular","internal-external rotation 0 degree-abducted",1,16,"full","varcov 6",0.298220864671585,0.190206969297474
"acromioclavicular","internal-external rotation 0 degree-abducted",1,16,"full","varcov 7",0.26372488666589,0.158503055313389
"acromioclavicular","internal-external rotation 0 degree-abducted",1,16,"full","varcov 8",0.0495127411377176,0.109583089738776
"acromioclavicular","internal-external rotation 0 degree-abducted",1,16,"full","varcov 9",0.0237797736211107,0.13955250340166
"acromioclavicular","internal-external rotation 0 degree-abducted",1,16,"full","varcov 10",0.420298797405023,0.173793109858037
"acromioclavicular","internal-external rotation 0 degree-abducted",1,16,"full","varcov 11",1.66524745074974,0.414803893748591
"acromioclavicular","internal-external rotation 0 degree-abducted",1,16,"full","varcov 12",0.327809257879596,0.152956826953435
"acromioclavicular","internal-external rotation 0 degree-abducted",1,16,"full","varcov 13",1.0357066950039,0.310345681799987
"acromioclavicular","internal-external rotation 0 degree-abducted",1,16,"full","varcov 14",0.251533583301673,0.174178121682526
"acromioclavicular","internal-external rotation 0 degree-abducted",1,16,"full","varcov 15",276.953979018717,3.85293841642006
"acromioclavicular","internal-external rotation 0 degree-abducted",1,16,"full","varcov 16",0.0129903671605854,5.12298084812543
"acromioclavicular","internal-external rotation 0 degree-abducted",1,16,"full","varcov 17",7.96300286097057,1.27263128603966
"acromioclavicular","internal-external rotation 0 degree-abducted",1,16,"full","stderr",0.048311453522455,0.00105867672314378
"scapulothoracic","internal-external rotation 0 degree-abducted",1,11,"full","intercept",32.8631474766632,1.46530781651188
"scapulothoracic","internal-external rotation 0 degree-abducted",1,11,"full","ns1",-1.35747365681559,0.334016156938005
"scapulothoracic","internal-external rotation 0 degree-abducted",1,11,"full","ns2",-1.89855522856271,0.362653749034773
"scapulothoracic","internal-external rotation 0 degree-abducted",1,11,"full","ns3",-2.47825475530367,0.340203730174778
"scapulothoracic","internal-external rotation 0 degree-abducted",1,11,"full","ns4",-3.40798034720407,0.379110915157603
"scapulothoracic","internal-external rotation 0 degree-abducted",1,11,"full","ns5",-5.08278956415965,0.688335917200211
"scapulothoracic","internal-external rotation 0 degree-abducted",1,11,"full","ns6",-5.28448129314828,0.695905795817947
"scapulothoracic","internal-external rotation 0 degree-abducted",1,11,"full","ns7",-7.11984459767532,1.43462995822487
"scapulothoracic","internal-external rotation 0 degree-abducted",1,11,"full","ns8",-8.51169405495815,1.02536054537426
"scapulothoracic","internal-external rotation 0 degree-abducted",1,11,"full","ns9",-8.24455100222528,1.92531189618512
"scapulothoracic","internal-external rotation 0 degree-abducted",1,11,"full","ns10",-15.4198828560845,2.13412813091356
"scapulothoracic","internal-external rotation 0 degree-abducted",1,11,"full","ns11",-16.8131213630354,3.65734592331444
"scapulothoracic","internal-external rotation 0 degree-abducted",1,11,"full","condex vivo",-4.75733380779327,2.61851751177151
"scapulothoracic","internal-external rotation 0 degree-abducted",1,11,"full","ns1:condex vivo",2.16878145410172,0.772252829971524
"scapulothoracic","internal-external rotation 0 degree-abducted",1,11,"full","ns2:condex vivo",4.49176420813696,0.769348037304953
"scapulothoracic","internal-external rotation 0 degree-abducted",1,11,"full","ns3:condex vivo",6.66456255210372,0.706030947468373
"scapulothoracic","internal-external rotation 0 degree-abducted",1,11,"full","ns4:condex vivo",8.04082475669816,0.756741954513291
"scapulothoracic","internal-external rotation 0 degree-abducted",1,11,"full","ns5:condex vivo",9.82765379390854,1.24065456263625
"scapulothoracic","internal-external rotation 0 degree-abducted",1,11,"full","ns6:condex vivo",10.2351378936023,1.19885854737783
"scapulothoracic","internal-external rotation 0 degree-abducted",1,11,"full","ns7:condex vivo",12.5285391876209,2.35529914058804
"scapulothoracic","internal-external rotation 0 degree-abducted",1,11,"full","ns8:condex vivo",15.1457678686514,1.7001164847698
"scapulothoracic","internal-external rotation 0 degree-abducted",1,11,"full","ns9:condex vivo",13.9137489400777,3.04373723531498
"scapulothoracic","internal-external rotation 0 degree-abducted",1,11,"full","ns10:condex vivo",29.2857334133549,4.1146566344773
"scapulothoracic","internal-external rotation 0 degree-abducted",1,11,"full","ns11:condex vivo",29.1950151672208,5.21968540781252
"scapulothoracic","internal-external rotation 0 degree-abducted",1,11,"full","varcov 1",44.3809740647888,0.851481622617138
"scapulothoracic","internal-external rotation 0 degree-abducted",1,11,"full","varcov 2",1.51099845320894,0.228532136191478
"scapulothoracic","internal-external rotation 0 degree-abducted",1,11,"full","varcov 3",1.36043166004199,0.249039999223345
"scapulothoracic","internal-external rotation 0 degree-abducted",1,11,"full","varcov 4",1.21871437538085,0.223274868276024
"scapulothoracic","internal-external rotation 0 degree-abducted",1,11,"full","varcov 5",1.61350054707573,0.225934144248751
"scapulothoracic","internal-external rotation 0 degree-abducted",1,11,"full","varcov 6",7.23196557014307,0.398613613455765
"scapulothoracic","internal-external rotation 0 degree-abducted",1,11,"full","varcov 7",6.56793142081479,0.41050438498434
"scapulothoracic","internal-external rotation 0 degree-abducted",1,11,"full","varcov 8",28.4920859482744,0.799510334884651
"scapulothoracic","internal-external rotation 0 degree-abducted",1,11,"full","varcov 9",11.1373845906758,0.717990889193707
"scapulothoracic","internal-external rotation 0 degree-abducted",1,11,"full","varcov 10",24.6141840628245,1.01127747448441
"scapulothoracic","internal-external rotation 0 degree-abducted",1,11,"full","varcov 11",17.6064077691787,1.82265419771991
"scapulothoracic","internal-external rotation 0 degree-abducted",1,11,"full","varcov 12",73.9506558768038,2.0668282423899
"scapulothoracic","internal-external rotation 0 degree-abducted",1,11,"full","stderr",0.548031916538787,0.00835148492712205
"scapulothoracic","internal-external rotation 0 degree-abducted",1,11,"reduced","intercept",32.9288565840454,1.18188428508714
"scapulothoracic","internal-external rotation 0 degree-abducted",1,11,"reduced","ns1",-1.30030872490569,0.48888476044517
"scapulothoracic","internal-external rotation 0 degree-abducted",1,11,"reduced","ns2",-1.37063223588366,0.4753713655756
"scapulothoracic","internal-external rotation 0 degree-abducted",1,11,"reduced","ns3",-1.51363607556768,0.515366067201447
"scapulothoracic","internal-external rotation 0 degree-abducted",1,11,"reduced","ns4",-2.20801404582763,0.56425389059793
"scapulothoracic","internal-external rotation 0 degree-abducted",1,11,"reduced","ns5",-3.31902025090835,0.821383808125236
"scapulothoracic","internal-external rotation 0 degree-abducted",1,11,"reduced","ns6",-3.27055860984165,0.867722214067332
"scapulothoracic","internal-external rotation 0 degree-abducted",1,11,"reduced","ns7",-4.40365916602504,1.39438804838271
"scapulothoracic","internal-external rotation 0 degree-abducted",1,11,"reduced","ns8",-5.22946606053771,1.27905924236863
"scapulothoracic","internal-external rotation 0 degree-abducted",1,11,"reduced","ns9",-4.55315809905532,1.70756414062806
"scapulothoracic","internal-external rotation 0 degree-abducted",1,11,"reduced","ns10",-6.29959229109837,3.02308952258687
"scapulothoracic","internal-external rotation 0 degree-abducted",1,11,"reduced","ns11",-6.08847483196319,4.26888263417396
"scapulothoracic","internal-external rotation 0 degree-abducted",1,11,"reduced","varcov 1",40.7784385218957,0.823022998966135
"scapulothoracic","internal-external rotation 0 degree-abducted",1,11,"reduced","varcov 2",4.56581037598857,0.394363855496393
"scapulothoracic","internal-external rotation 0 degree-abducted",1,11,"reduced","varcov 3",3.61872693673176,0.331263009540065
"scapulothoracic","internal-external rotation 0 degree-abducted",1,11,"reduced","varcov 4",4.78158389782933,0.350940535113883
"scapulothoracic","internal-external rotation 0 degree-abducted",1,11,"reduced","varcov 5",6.15890982626409,0.374002948516342
"scapulothoracic","internal-external rotation 0 degree-abducted",1,11,"reduced","varcov 6",15.3054658512686,0.563964729873291
"scapulothoracic","internal-external rotation 0 degree-abducted",1,11,"reduced","varcov 7",16.3479463860792,0.599199389701047
"scapulothoracic","internal-external rotation 0 degree-abducted",1,11,"reduced","varcov 8",42.2770604739417,0.976306782174281
"scapulothoracic","internal-external rotation 0 degree-abducted",1,11,"reduced","varcov 9",29.8234740323054,1.02277436741149
"scapulothoracic","internal-external rotation 0 degree-abducted",1,11,"reduced","varcov 10",30.7662412661488,1.35339688516098
"scapulothoracic","internal-external rotation 0 degree-abducted",1,11,"reduced","varcov 11",110.208192509303,2.94838098610038
"scapulothoracic","internal-external rotation 0 degree-abducted",1,11,"reduced","varcov 12",235.624058661625,3.78645495595526
"scapulothoracic","internal-external rotation 0 degree-abducted",1,11,"reduced","stderr",0.543962516283523,0.00825665122774909
"glenohumeral","internal-external rotation 0 degree-abducted",1,17,"full","intercept",33.7125441131351,8.20632445150647
"glenohumeral","internal-external rotation 0 degree-abducted",1,17,"full","ns1",1.6384436737212,3.26864914124371
"glenohumeral","internal-external rotation 0 degree-abducted",1,17,"full","ns2",4.2257920815818,3.29623567018349
"glenohumeral","internal-external rotation 0 degree-abducted",1,17,"full","ns3",0.364933037440231,3.06011484239059
"glenohumeral","internal-external rotation 0 degree-abducted",1,17,"full","ns4",2.83010147422619,3.7117913371092
"glenohumeral","internal-external rotation 0 degree-abducted",1,17,"full","ns5",6.36867112776022,3.36927340882262
"glenohumeral","internal-external rotation 0 degree-abducted",1,17,"full","ns6",8.8745517007448,4.31992116286159
"glenohumeral","internal-external rotation 0 degree-abducted",1,17,"full","ns7",11.6980455234323,4.81905490673942
"glenohumeral","internal-external rotation 0 degree-abducted",1,17,"full","ns8",8.99296000774683,4.40656629183381
"glenohumeral","internal-external rotation 0 degree-abducted",1,17,"full","ns9",7.33679136640032,5.16959549894895
"glenohumeral","internal-external rotation 0 degree-abducted",1,17,"full","ns10",11.8384333671731,1.73478670414289
"glenohumeral","internal-external rotation 0 degree-abducted",1,17,"full","ns11",11.891338069746,2.56139018879001
"glenohumeral","internal-external rotation 0 degree-abducted",1,17,"full","ns12",10.8679236944837,2.95360704392024
"glenohumeral","internal-external rotation 0 degree-abducted",1,17,"full","ns13",15.6054960001719,3.77166362911809
"glenohumeral","internal-external rotation 0 degree-abducted",1,17,"full","ns14",19.1701066045441,16.8600879105655
"glenohumeral","internal-external rotation 0 degree-abducted",1,17,"full","ns15",-56.2917023159014,28.1988294772127
"glenohumeral","internal-external rotation 0 degree-abducted",1,17,"full","ns16",-20.7524905169898,9.59444582956627
"glenohumeral","internal-external rotation 0 degree-abducted",1,17,"full","ns17",9.63686824887584,15.5996931682286
"glenohumeral","internal-external rotation 0 degree-abducted",1,17,"full","condex vivo",-53.1932691313064,14.6789566592538
"glenohumeral","internal-external rotation 0 degree-abducted",1,17,"full","ns1:condex vivo",-6.55727043361021,8.81273015716123
"glenohumeral","internal-external rotation 0 degree-abducted",1,17,"full","ns2:condex vivo",-5.96852353797675,7.457509844694
"glenohumeral","internal-external rotation 0 degree-abducted",1,17,"full","ns3:condex vivo",-0.654890881744689,6.87168164795083
"glenohumeral","internal-external rotation 0 degree-abducted",1,17,"full","ns4:condex vivo",-5.69162853951305,8.10484051615535
"glenohumeral","internal-external rotation 0 degree-abducted",1,17,"full","ns5:condex vivo",-10.0058070910866,7.05905422918683
"glenohumeral","internal-external rotation 0 degree-abducted",1,17,"full","ns6:condex vivo",-11.8969161304769,8.55922579864945
"glenohumeral","internal-external rotation 0 degree-abducted",1,17,"full","ns7:condex vivo",-13.0374831833828,9.09466454436702
"glenohumeral","internal-external rotation 0 degree-abducted",1,17,"full","ns8:condex vivo",-9.45326967788181,7.80463373254165
"glenohumeral","internal-external rotation 0 degree-abducted",1,17,"full","ns9:condex vivo",-7.75022388631289,8.89283058314479
"glenohumeral","internal-external rotation 0 degree-abducted",1,17,"full","ns10:condex vivo",-14.5382080806515,3.87058720520772
"glenohumeral","internal-external rotation 0 degree-abducted",1,17,"full","ns11:condex vivo",-12.1980204555206,4.83750826448065
"glenohumeral","internal-external rotation 0 degree-abducted",1,17,"full","ns12:condex vivo",-15.2642105457609,5.6423565823889
"glenohumeral","internal-external rotation 0 degree-abducted",1,17,"full","ns13:condex vivo",-18.4648582908656,6.47441905960246
"glenohumeral","internal-external rotation 0 degree-abducted",1,17,"full","ns14:condex vivo",-19.6915015462738,25.0870399772415
"glenohumeral","internal-external rotation 0 degree-abducted",1,17,"full","ns15:condex vivo",62.5317452333971,41.0319978262148
"glenohumeral","internal-external rotation 0 degree-abducted",1,17,"full","ns16:condex vivo",14.8660932325014,22.936902660023
"glenohumeral","internal-external rotation 0 degree-abducted",1,17,"full","ns17:condex vivo",-13.9936380408026,24.897188294907
"glenohumeral","internal-external rotation 0 degree-abducted",1,17,"full","varcov 1",1395.40791835457,4.76329542422686
"glenohumeral","internal-external rotation 0 degree-abducted",1,17,"full","varcov 2",187.729607900245,2.48952996092394
"glenohumeral","internal-external rotation 0 degree-abducted",1,17,"full","varcov 3",182.399878902006,2.25835905345686
"glenohumeral","internal-external rotation 0 degree-abducted",1,17,"full","varcov 4",163.364479085733,1.93275762891672
"glenohumeral","internal-external rotation 0 degree-abducted",1,17,"full","varcov 5",228.162690407381,2.40097742844951
"glenohumeral","internal-external rotation 0 degree-abducted",1,17,"full","varcov 6",188.849936290083,2.08541456946107
"glenohumeral","internal-external rotation 0 degree-abducted",1,17,"full","varcov 7",328.967757968597,2.614467040454
"glenohumeral","internal-external rotation 0 degree-abducted",1,17,"full","varcov 8",392.544280576502,2.8454600788621
"glenohumeral","internal-external rotation 0 degree-abducted",1,17,"full","varcov 9",296.962844825644,3.02020968995019
"glenohumeral","internal-external rotation 0 degree-abducted",1,17,"full","varcov 10",400.183445749587,2.93628214083927
"glenohumeral","internal-external rotation 0 degree-abducted",1,17,"full","varcov 11",15.7879352974119,1.01853877711992
"glenohumeral","internal-external rotation 0 degree-abducted",1,17,"full","varcov 12",62.7902826730377,1.55317593837757
"glenohumeral","internal-external rotation 0 degree-abducted",1,17,"full","varcov 13",82.1847906947811,1.6023396630255
"glenohumeral","internal-external rotation 0 degree-abducted",1,17,"full","varcov 14",113.158555384723,2.04255523174446
"glenohumeral","internal-external rotation 0 degree-abducted",1,17,"full","varcov 15",2135.54648695244,10.9106509593609
"glenohumeral","internal-external rotation 0 degree-abducted",1,17,"full","varcov 16",6011.17125874474,12.5435685214295
"glenohumeral","internal-external rotation 0 degree-abducted",1,17,"full","varcov 17",309.416424209308,7.2856504682408
"glenohumeral","internal-external rotation 0 degree-abducted",1,17,"full","varcov 18",1266.6119435684,8.8776826009202
"glenohumeral","internal-external rotation 0 degree-abducted",1,17,"full","stderr",1.88557998644874,0.0293561958062814
"glenohumeral","internal-external rotation 0 degree-abducted",1,17,"reduced","intercept",14.1700005976597,8.64980927550659
"glenohumeral","internal-external rotation 0 degree-abducted",1,17,"reduced","ns1",0.619883127250158,3.09944452098449
"glenohumeral","internal-external rotation 0 degree-abducted",1,17,"reduced","ns2",3.72337318238954,3.11114674302
"glenohumeral","internal-external rotation 0 degree-abducted",1,17,"reduced","ns3",0.943108274851293,2.9681945737676
"glenohumeral","internal-external rotation 0 degree-abducted",1,17,"reduced","ns4",2.32775605211232,3.44485889744307
"glenohumeral","internal-external rotation 0 degree-abducted",1,17,"reduced","ns5",5.04797076196571,3.10801502377973
"glenohumeral","internal-external rotation 0 degree-abducted",1,17,"reduced","ns6",7.14299386990627,3.84455731458339
"glenohumeral","internal-external rotation 0 degree-abducted",1,17,"reduced","ns7",9.57457667833933,4.20126062926764
"glenohumeral","internal-external rotation 0 degree-abducted",1,17,"reduced","ns8",8.23381174473098,3.78278864759835
"glenohumeral","internal-external rotation 0 degree-abducted",1,17,"reduced","ns9",7.02205545844399,4.22472034227596
"glenohumeral","internal-external rotation 0 degree-abducted",1,17,"reduced","ns10",9.33054494097346,1.8518630777112
"glenohumeral","internal-external rotation 0 degree-abducted",1,17,"reduced","ns11",10.2940148781891,1.95571180267366
"glenohumeral","internal-external rotation 0 degree-abducted",1,17,"reduced","ns12",8.53782742890632,2.58914492299984
"glenohumeral","internal-external rotation 0 degree-abducted",1,17,"reduced","ns13",11.7912251226899,3.11471344647266
"glenohumeral","internal-external rotation 0 degree-abducted",1,17,"reduced","ns14",14.6166145706995,12.46955348146
"glenohumeral","internal-external rotation 0 degree-abducted",1,17,"reduced","ns15",-24.1061911366968,22.7333449005675
"glenohumeral","internal-external rotation 0 degree-abducted",1,17,"reduced","ns16",-15.0114137926012,10.3509667458858
"glenohumeral","internal-external rotation 0 degree-abducted",1,17,"reduced","ns17",7.28845701723212,12.8039616774422
"glenohumeral","internal-external rotation 0 degree-abducted",1,17,"reduced","varcov 1",2282.41416145661,6.08926155711896
"glenohumeral","internal-external rotation 0 degree-abducted",1,17,"reduced","varcov 2",195.485039547979,2.52118285701251
"glenohumeral","internal-external rotation 0 degree-abducted",1,17,"reduced","varcov 3",201.388953763516,2.36452673641292
"glenohumeral","internal-external rotation 0 degree-abducted",1,17,"reduced","varcov 4",193.408084115473,2.0994861616223
"glenohumeral","internal-external rotation 0 degree-abducted",1,17,"reduced","varcov 5",249.094907404775,2.49700760788808
"glenohumeral","internal-external rotation 0 degree-abducted",1,17,"reduced","varcov 6",207.034986091871,2.1728104567479
"glenohumeral","internal-external rotation 0 degree-abducted",1,17,"reduced","varcov 7",348.278498743923,2.68798567049862
"glenohumeral","internal-external rotation 0 degree-abducted",1,17,"reduced","varcov 8",415.560237304341,2.91854140265095
"glenohumeral","internal-external rotation 0 degree-abducted",1,17,"reduced","varcov 9",321.965085814154,3.15710871484473
"glenohumeral","internal-external rotation 0 degree-abducted",1,17,"reduced","varcov 10",404.630283160429,2.95580325316579
"glenohumeral","internal-external rotation 0 degree-abducted",1,17,"reduced","varcov 11",32.5748233320978,1.07274488681864
"glenohumeral","internal-external rotation 0 degree-abducted",1,17,"reduced","varcov 12",39.0671914786971,1.41288465344141
"glenohumeral","internal-external rotation 0 degree-abducted",1,17,"reduced","varcov 13",87.8598228955506,1.67073089613857
"glenohumeral","internal-external rotation 0 degree-abducted",1,17,"reduced","varcov 14",122.35157654887,2.1313335476991
"glenohumeral","internal-external rotation 0 degree-abducted",1,17,"reduced","varcov 15",2153.51252449334,10.6661167726333
"glenohumeral","internal-external rotation 0 degree-abducted",1,17,"reduced","varcov 16",6783.049313817,13.588541317818
"glenohumeral","internal-external rotation 0 degree-abducted",1,17,"reduced","varcov 17",432.071327387321,9.14210032341458
"glenohumeral","internal-external rotation 0 degree-abducted",1,17,"reduced","varcov 18",1384.93120586892,10.2460424515633
"glenohumeral","internal-external rotation 0 degree-abducted",1,17,"reduced","stderr",1.88249240638034,0.0292436931158623
"scapulothoracic","internal-external rotation 90 degree-abducted",1,17,"full","intercept",29.0864318826251,1.71147449286625
"scapulothoracic","internal-external rotation 90 degree-abducted",1,17,"full","ns1",0.934786484932714,0.386993777710764
"scapulothoracic","internal-external rotation 90 degree-abducted",1,17,"full","ns2",0.736292775413915,0.713292591836811
"scapulothoracic","internal-external rotation 90 degree-abducted",1,17,"full","ns3",1.00035549276291,0.267854491693912
"scapulothoracic","internal-external rotation 90 degree-abducted",1,17,"full","ns4",1.50310787592932,0.333747638388736
"scapulothoracic","internal-external rotation 90 degree-abducted",1,17,"full","ns5",1.13015465615799,0.212122718275807
"scapulothoracic","internal-external rotation 90 degree-abducted",1,17,"full","ns6",1.27071576635403,0.212677118272166
"scapulothoracic","internal-external rotation 90 degree-abducted",1,17,"full","ns7",1.16065197224972,0.200686030974493
"scapulothoracic","internal-external rotation 90 degree-abducted",1,17,"full","ns8",1.48046980921042,0.225351178788164
"scapulothoracic","internal-external rotation 90 degree-abducted",1,17,"full","ns9",1.25975681913081,0.293324662622086
"scapulothoracic","internal-external rotation 90 degree-abducted",1,17,"full","ns10",1.58504149524997,0.341778334397536
"scapulothoracic","internal-external rotation 90 degree-abducted",1,17,"full","ns11",1.23838315907149,0.539034939798398
"scapulothoracic","internal-external rotation 90 degree-abducted",1,17,"full","ns12",0.575889641018152,0.577796437118198
"scapulothoracic","internal-external rotation 90 degree-abducted",1,17,"full","ns13",-0.405830088379646,0.727587922827376
"scapulothoracic","internal-external rotation 90 degree-abducted",1,17,"full","ns14",-1.62556477573195,1.20766705360004
"scapulothoracic","internal-external rotation 90 degree-abducted",1,17,"full","ns15",-3.12816323937463,1.88320494724642
"scapulothoracic","internal-external rotation 90 degree-abducted",1,17,"full","ns16",-2.27816835507856,2.26326867304665
"scapulothoracic","internal-external rotation 90 degree-abducted",1,17,"full","ns17",-6.42944024837681,5.58526679217588
"scapulothoracic","internal-external rotation 90 degree-abducted",1,17,"full","varcov 1",69.5919372570479,1.20745055855607
"scapulothoracic","internal-external rotation 90 degree-abducted",1,17,"full","varcov 2",1.88117473068125,0.268795026358945
"scapulothoracic","internal-external rotation 90 degree-abducted",1,17,"full","varcov 3",8.80109403745405,0.597557402053507
"scapulothoracic","internal-external rotation 90 degree-abducted",1,17,"full","varcov 4",0.81925304070509,0.168159516512984
"scapulothoracic","internal-external rotation 90 degree-abducted",1,17,"full","varcov 5",1.78641441322316,0.241509213805977
"scapulothoracic","internal-external rotation 90 degree-abducted",1,17,"full","varcov 6",0.336795021530232,0.111725022954156
"scapulothoracic","internal-external rotation 90 degree-abducted",1,17,"full","varcov 7",0.332070274198489,0.112371244935888
"scapulothoracic","internal-external rotation 90 degree-abducted",1,17,"full","varcov 8",0.217350641132479,0.0973947232807004
"scapulothoracic","internal-external rotation 90 degree-abducted",1,17,"full","varcov 9",0.459452499506879,0.126928901521542
"scapulothoracic","internal-external rotation 90 degree-abducted",1,17,"full","varcov 10",1.25615719077354,0.183078130261842
"scapulothoracic","internal-external rotation 90 degree-abducted",1,17,"full","varcov 11",1.86723256141118,0.220542877508829
"scapulothoracic","internal-external rotation 90 degree-abducted",1,17,"full","varcov 12",5.54231384233996,0.437368577060965
"scapulothoracic","internal-external rotation 90 degree-abducted",1,17,"full","varcov 13",6.36030991377133,0.396696420031131
"scapulothoracic","internal-external rotation 90 degree-abducted",1,17,"full","varcov 14",9.98825540262908,0.510042541742762
"scapulothoracic","internal-external rotation 90 degree-abducted",1,17,"full","varcov 15",26.4080050297799,0.893509618875277
"scapulothoracic","internal-external rotation 90 degree-abducted",1,17,"full","varcov 16",46.530930491525,1.31128727846874
"scapulothoracic","internal-external rotation 90 degree-abducted",1,17,"full","varcov 17",6.34021269474238e-06,0.0478497140717897
"scapulothoracic","internal-external rotation 90 degree-abducted",1,17,"full","varcov 18",511.282189563723,5.18100341484744
"scapulothoracic","internal-external rotation 90 degree-abducted",1,17,"full","stderr",0.178561087059924,0.00301505875462114
"glenohumeral","internal-external rotation 90 degree-abducted",1,17,"full","intercept",-23.9026955744586,2.36434795726442
"glenohumeral","internal-external rotation 90 degree-abducted",1,17,"full","ns1",-0.522466687903126,1.36598611533086
"glenohumeral","internal-external rotation 90 degree-abducted",1,17,"full","ns2",-0.9725489657112,1.00676848915446
"glenohumeral","internal-external rotation 90 degree-abducted",1,17,"full","ns3",-0.36869368567316,0.855127389866769
"glenohumeral","internal-external rotation 90 degree-abducted",1,17,"full","ns4",-0.379632987421347,0.857625435816048
"glenohumeral","internal-external rotation 90 degree-abducted",1,17,"full","ns5",0.945927627374881,0.758881959620555
"glenohumeral","internal-external rotation 90 degree-abducted",1,17,"full","ns6",0.727390420789572,0.686151281323909
"glenohumeral","internal-external rotation 90 degree-abducted",1,17,"full","ns7",1.07833624571142,0.736333315197419
"glenohumeral","internal-external rotation 90 degree-abducted",1,17,"full","ns8",1.17076151269913,0.84123065224009
"glenohumeral","internal-external rotation 90 degree-abducted",1,17,"full","ns9",1.09951754541737,1.08020994686207
"glenohumeral","internal-external rotation 90 degree-abducted",1,17,"full","ns10",0.65831248105431,1.28435664347818
"glenohumeral","internal-external rotation 90 degree-abducted",1,17,"full","ns11",0.505586785116366,1.46874309338745
"glenohumeral","internal-external rotation 90 degree-abducted",1,17,"full","ns12",-0.979563871211506,1.70724212203822
"glenohumeral","internal-external rotation 90 degree-abducted",1,17,"full","ns13",-1.69426263463038,1.9367144675186
"glenohumeral","internal-external rotation 90 degree-abducted",1,17,"full","ns14",0.253234319070913,1.56219367523523
"glenohumeral","internal-external rotation 90 degree-abducted",1,17,"full","ns15",0.482062554293466,6.23756055870998
"glenohumeral","internal-external rotation 90 degree-abducted",1,17,"full","ns16",-24.0943241574816,8.61919596852161
"glenohumeral","internal-external rotation 90 degree-abducted",1,17,"full","ns17",-21.0060161166356,5.66686741553792
"glenohumeral","internal-external rotation 90 degree-abducted",1,17,"full","varcov 1",116.994200284035,1.6435216711903
"glenohumeral","internal-external rotation 90 degree-abducted",1,17,"full","varcov 2",22.4371040935023,0.958783687011253
"glenohumeral","internal-external rotation 90 degree-abducted",1,17,"full","varcov 3",11.9472774017303,0.808396424962337
"glenohumeral","internal-external rotation 90 degree-abducted",1,17,"full","varcov 4",8.70343005110377,0.54777250763895
"glenohumeral","internal-external rotation 90 degree-abducted",1,17,"full","varcov 5",9.64293617222465,0.558071821235275
"glenohumeral","internal-external rotation 90 degree-abducted",1,17,"full","varcov 6",6.56080309383205,0.451467401302577
"glenohumeral","internal-external rotation 90 degree-abducted",1,17,"full","varcov 7",4.22269415910324,0.356922902859042
"glenohumeral","internal-external rotation 90 degree-abducted",1,17,"full","varcov 8",5.81911713822234,0.404247186632024
"glenohumeral","internal-external rotation 90 degree-abducted",1,17,"full","varcov 9",9.48472271471007,0.519630756131282
"glenohumeral","internal-external rotation 90 degree-abducted",1,17,"full","varcov 10",19.46642989702,0.716905772156252
"glenohumeral","internal-external rotation 90 degree-abducted",1,17,"full","varcov 11",28.5366852095622,0.871490779562169
"glenohumeral","internal-external rotation 90 degree-abducted",1,17,"full","varcov 12",39.5260256744025,1.01272456542168
"glenohumeral","internal-external rotation 90 degree-abducted",1,17,"full","varcov 13",55.0083106812308,1.17797596523633
"glenohumeral","internal-external rotation 90 degree-abducted",1,17,"full","varcov 14",69.4712034749569,1.37843019927752
"glenohumeral","internal-external rotation 90 degree-abducted",1,17,"full","varcov 15",35.789676156403,1.07252885280498
"glenohumeral","internal-external rotation 90 degree-abducted",1,17,"full","varcov 16",383.530842336735,4.08781502954515
"glenohumeral","internal-external rotation 90 degree-abducted",1,17,"full","varcov 17",1161.33445966887,7.27014046838441
"glenohumeral","internal-external rotation 90 degree-abducted",1,17,"full","varcov 18",34.3733801934836,12.0497920041722
"glenohumeral","internal-external rotation 90 degree-abducted",1,17,"full","stderr",0.329708410775403,0.00553458682770419
"sternoclavicular","frontal plane elevation",2,11,"full","intercept",-9.66843641711813,3.34989083161951
"sternoclavicular","frontal plane elevation",2,11,"full","ns1",-7.46447099194587,0.783449483697607
"sternoclavicular","frontal plane elevation",2,11,"full","ns2",-10.2195498414141,0.644874188299781
"sternoclavicular","frontal plane elevation",2,11,"full","ns3",-10.9442510541004,0.510375003548479
"sternoclavicular","frontal plane elevation",2,11,"full","ns4",-12.4636004819313,0.645761800034701
"sternoclavicular","frontal plane elevation",2,11,"full","ns5",-13.3163339862067,0.8983479738605
"sternoclavicular","frontal plane elevation",2,11,"full","ns6",-15.1616116685637,1.2838598882733
"sternoclavicular","frontal plane elevation",2,11,"full","ns7",-16.738888213597,1.6611175499981
"sternoclavicular","frontal plane elevation",2,11,"full","ns8",-16.4929833282829,1.85146433743252
"sternoclavicular","frontal plane elevation",2,11,"full","ns9",-6.62503586137853,2.861615922457
"sternoclavicular","frontal plane elevation",2,11,"full","ns10",-22.7849592189601,2.11063156689191
"sternoclavicular","frontal plane elevation",2,11,"full","ns11",-17.7583255109515,3.89779493612656
"sternoclavicular","frontal plane elevation",2,11,"full","condex vivo",1.21716975526183,3.83846345519871
"sternoclavicular","frontal plane elevation",2,11,"full","ns1:condex vivo",4.63792373273437,0.881911820139956
"sternoclavicular","frontal plane elevation",2,11,"full","ns2:condex vivo",6.60300802218075,0.734155154964442
"sternoclavicular","frontal plane elevation",2,11,"full","ns3:condex vivo",6.53625384029491,0.59130528677152
"sternoclavicular","frontal plane elevation",2,11,"full","ns4:condex vivo",6.72534985098826,0.732848941289652
"sternoclavicular","frontal plane elevation",2,11,"full","ns5:condex vivo",5.3649015749641,1.02201844970208
"sternoclavicular","frontal plane elevation",2,11,"full","ns6:condex vivo",4.97581358812102,1.43368618688038
"sternoclavicular","frontal plane elevation",2,11,"full","ns7:condex vivo",3.86280144827595,1.84873196732606
"sternoclavicular","frontal plane elevation",2,11,"full","ns8:condex vivo",1.95283813810552,2.07498508959657
"sternoclavicular","frontal plane elevation",2,11,"full","ns9:condex vivo",-13.847991472624,3.11078937342402
"sternoclavicular","frontal plane elevation",2,11,"full","ns10:condex vivo",-1.2950600622055,2.28158768453835
"sternoclavicular","frontal plane elevation",2,11,"full","ns11:condex vivo",-3.73515835337992,4.01195715900618
"sternoclavicular","frontal plane elevation",2,11,"full","varcov 1",44.0279792362957,1.14316335454493
"sternoclavicular","frontal plane elevation",2,11,"full","varcov 2",1.64101447237007,0.263285105438001
"sternoclavicular","frontal plane elevation",2,11,"full","varcov 3",0.984518376176638,0.21388889565429
"sternoclavicular","frontal plane elevation",2,11,"full","varcov 4",0.551888206888165,0.172295732378531
"sternoclavicular","frontal plane elevation",2,11,"full","varcov 5",0.951093824208014,0.235362497444577
"sternoclavicular","frontal plane elevation",2,11,"full","varcov 6",2.53469143258556,0.31978941457496
"sternoclavicular","frontal plane elevation",2,11,"full","varcov 7",4.65248928254645,0.40952012139867
"sternoclavicular","frontal plane elevation",2,11,"full","varcov 8",7.95203434113433,0.518574806520443
"sternoclavicular","frontal plane elevation",2,11,"full","varcov 9",10.850493708905,0.588997156869715
"sternoclavicular","frontal plane elevation",2,11,"full","varcov 10",16.3520851552648,0.786742598197316
"sternoclavicular","frontal plane elevation",2,11,"full","varcov 11",5.36617528046264,0.544141923034187
"sternoclavicular","frontal plane elevation",2,11,"full","varcov 12",1.63381767212863,0.916460463278934
"sternoclavicular","frontal plane elevation",2,11,"full","stderr",0.24752797131532,0.00500181375435811
"sternoclavicular","frontal plane elevation",2,11,"reduced","intercept",-8.4920839202212,1.65043136584864
"sternoclavicular","frontal plane elevation",2,11,"reduced","ns1",-4.06756360771412,0.55329364579215
"sternoclavicular","frontal plane elevation",2,11,"reduced","ns2",-5.47080686911209,0.660722646307782
"sternoclavicular","frontal plane elevation",2,11,"reduced","ns3",-6.1073866932803,0.624255263514314
"sternoclavicular","frontal plane elevation",2,11,"reduced","ns4",-7.41837887837005,0.670937695650883
"sternoclavicular","frontal plane elevation",2,11,"reduced","ns5",-9.51891129722084,0.660007279877269
"sternoclavicular","frontal plane elevation",2,11,"reduced","ns6",-11.5374971557375,0.727030924520397
"sternoclavicular","frontal plane elevation",2,11,"reduced","ns7",-13.9951815834883,0.829235276106362
"sternoclavicular","frontal plane elevation",2,11,"reduced","ns8",-15.3066387863511,0.88643698584426
"sternoclavicular","frontal plane elevation",2,11,"reduced","ns9",-17.571535737551,2.00783297021346
"sternoclavicular","frontal plane elevation",2,11,"reduced","ns10",-24.9431511983911,1.08261699633968
"sternoclavicular","frontal plane elevation",2,11,"reduced","ns11",-21.9701123897991,0.959879030682518
"sternoclavicular","frontal plane elevation",2,11,"reduced","varcov 1",45.0827124342863,1.16624626737859
"sternoclavicular","frontal plane elevation",2,11,"reduced","varcov 2",3.80635109829817,0.38017489904476
"sternoclavicular","frontal plane elevation",2,11,"reduced","varcov 3",5.95590017776896,0.487258934659342
"sternoclavicular","frontal plane elevation",2,11,"reduced","varcov 4",5.10542682263209,0.432490318048071
"sternoclavicular","frontal plane elevation",2,11,"reduced","varcov 5",6.00320998938057,0.455446453138975
"sternoclavicular","frontal plane elevation",2,11,"reduced","varcov 6",6.07094598373453,0.455637944669831
"sternoclavicular","frontal plane elevation",2,11,"reduced","varcov 7",7.23171577928809,0.50522979732566
"sternoclavicular","frontal plane elevation",2,11,"reduced","varcov 8",9.76232046543085,0.582239070661024
"sternoclavicular","frontal plane elevation",2,11,"reduced","varcov 9",11.6759691584036,0.626543669510598
"sternoclavicular","frontal plane elevation",2,11,"reduced","varcov 10",62.1224530563566,1.48114846615044
"sternoclavicular","frontal plane elevation",2,11,"reduced","varcov 11",10.0616370945379,0.791789084495873
"sternoclavicular","frontal plane elevation",2,11,"reduced","varcov 12",1.50090299129656,1.02336260866241
"sternoclavicular","frontal plane elevation",2,11,"reduced","stderr",-0.246785514112245,0.00499262454681564
"acromioclavicular","frontal plane elevation",2,3,"full","intercept",-7.31893424052283,4.19226371740174
"acromioclavicular","frontal plane elevation",2,3,"full","ns1",-6.56824547491401,2.9532604775457
"acromioclavicular","frontal plane elevation",2,3,"full","ns2",-8.09522175959373,6.01547291461053
"acromioclavicular","frontal plane elevation",2,3,"full","ns3",-3.4635244599963,4.468008432134
"acromioclavicular","frontal plane elevation",2,3,"full","condex vivo",9.58056013844754,4.95999791471233
"acromioclavicular","frontal plane elevation",2,3,"full","ns1:condex vivo",13.1452585950839,3.48662879568149
"acromioclavicular","frontal plane elevation",2,3,"full","ns2:condex vivo",24.9869942886417,7.11006809927328
"acromioclavicular","frontal plane elevation",2,3,"full","ns3:condex vivo",23.6762945451642,5.27479602312867
"acromioclavicular","frontal plane elevation",2,3,"full","varcov 1",70.147546470915,1.58528865252505
"acromioclavicular","frontal plane elevation",2,3,"full","varcov 2",34.2682397163968,1.12404008586165
"acromioclavicular","frontal plane elevation",2,3,"full","varcov 3",142.825607841453,2.30088294141985
"acromioclavicular","frontal plane elevation",2,3,"full","varcov 4",78.4272284657374,1.69620854704282
"acromioclavicular","frontal plane elevation",2,3,"full","stderr",0.506506173347834,0.0105488744929592
"acromioclavicular","frontal plane elevation",2,3,"reduced","intercept",-0.489640899318272,2.52717243788708
"acromioclavicular","frontal plane elevation",2,3,"reduced","ns1",2.82859719012584,2.23458578766204
"acromioclavicular","frontal plane elevation",2,3,"reduced","ns2",9.79930210855219,4.41586319954249
"acromioclavicular","frontal plane elevation",2,3,"reduced","ns3",13.4816926569868,3.71735470549865
"acromioclavicular","frontal plane elevation",2,3,"reduced","varcov 1",89.2807390113896,1.78839068679796
"acromioclavicular","frontal plane elevation",2,3,"reduced","varcov 2",69.6700179326994,1.5816978574229
"acromioclavicular","frontal plane elevation",2,3,"reduced","varcov 3",271.788752687683,3.13770313881224
"acromioclavicular","frontal plane elevation",2,3,"reduced","varcov 4",192.928961590803,2.63896370683346
"acromioclavicular","frontal plane elevation",2,3,"reduced","stderr",0.506448249476896,0.0105452348816107
"scapulothoracic","frontal plane elevation",2,10,"full","intercept",-7.7270003165304,1.23638115560867
"scapulothoracic","frontal plane elevation",2,10,"full","ns1",-7.54759348292942,0.633638356671221
"scapulothoracic","frontal plane elevation",2,10,"full","ns2",-12.5106929572292,0.701726366595047
"scapulothoracic","frontal plane elevation",2,10,"full","ns3",-17.340295836135,0.752438607567051
"scapulothoracic","frontal plane elevation",2,10,"full","ns4",-22.0535807938374,0.810100414434028
"scapulothoracic","frontal plane elevation",2,10,"full","ns5",-26.3143014429188,0.912362106914994
"scapulothoracic","frontal plane elevation",2,10,"full","ns6",-30.1324490361092,1.00698227421628
"scapulothoracic","frontal plane elevation",2,10,"full","ns7",-33.8482896523794,1.03826858725435
"scapulothoracic","frontal plane elevation",2,10,"full","ns8",-36.8468197479467,3.24668990693198
"scapulothoracic","frontal plane elevation",2,10,"full","ns9",-42.7133856566752,1.37345111909322
"scapulothoracic","frontal plane elevation",2,10,"full","ns10",-40.6132571976133,1.47949818357649
"scapulothoracic","frontal plane elevation",2,10,"full","condex vivo",7.83643392458616,2.35081541271498
"scapulothoracic","frontal plane elevation",2,10,"full","ns1:condex vivo",2.47045168926744,1.30281882439247
"scapulothoracic","frontal plane elevation",2,10,"full","ns2:condex vivo",5.46354946679223,1.42392109291065
"scapulothoracic","frontal plane elevation",2,10,"full","ns3:condex vivo",8.70815567798243,1.50445233249299
"scapulothoracic","frontal plane elevation",2,10,"full","ns4:condex vivo",9.30866254165042,1.60483647640629
"scapulothoracic","frontal plane elevation",2,10,"full","ns5:condex vivo",6.76102319205147,1.7796824297644
"scapulothoracic","frontal plane elevation",2,10,"full","ns6:condex vivo",2.56509077983871,1.94530935024089
"scapulothoracic","frontal plane elevation",2,10,"full","ns7:condex vivo",-1.48546896961204,1.99420033262794
"scapulothoracic","frontal plane elevation",2,10,"full","ns8:condex vivo",-18.6543912397184,6.11371259423106
"scapulothoracic","frontal plane elevation",2,10,"full","ns9:condex vivo",-9.87467770411705,3.91741094584708
"scapulothoracic","frontal plane elevation",2,10,"full","ns10:condex vivo",-0.703708524891477,4.95158362524748
"scapulothoracic","frontal plane elevation",2,10,"full","varcov 1",47.1669499981512,0.741759555036824
"scapulothoracic","frontal plane elevation",2,10,"full","varcov 2",12.2341412559296,0.394164146589525
"scapulothoracic","frontal plane elevation",2,10,"full","varcov 3",14.995400707921,0.426947624673707
"scapulothoracic","frontal plane elevation",2,10,"full","varcov 4",17.3111149942671,0.450275190031078
"scapulothoracic","frontal plane elevation",2,10,"full","varcov 5",20.0867971915369,0.488099174383443
"scapulothoracic","frontal plane elevation",2,10,"full","varcov 6",25.5558721923419,0.553603515068008
"scapulothoracic","frontal plane elevation",2,10,"full","varcov 7",31.1841540846474,0.609517725698409
"scapulothoracic","frontal plane elevation",2,10,"full","varcov 8",32.9038279869588,0.624126349404024
"scapulothoracic","frontal plane elevation",2,10,"full","varcov 9",318.128177601068,2.31513147243916
"scapulothoracic","frontal plane elevation",2,10,"full","varcov 10",55.2197473944446,0.940951430737761
"scapulothoracic","frontal plane elevation",2,10,"full","varcov 11",63.0142335969058,1.03352496986471
"scapulothoracic","frontal plane elevation",2,10,"full","stderr",-0.177609325074721,0.00234793297098401
"scapulothoracic","frontal plane elevation",2,10,"reduced","intercept",-4.92744275780315,1.23854680046897
"scapulothoracic","frontal plane elevation",2,10,"reduced","ns1",-7.30007913716975,0.571715679173245
"scapulothoracic","frontal plane elevation",2,10,"reduced","ns2",-11.3827708997163,0.672520068680709
"scapulothoracic","frontal plane elevation",2,10,"reduced","ns3",-15.2508578338975,0.811766560171329
"scapulothoracic","frontal plane elevation",2,10,"reduced","ns4",-19.7873677242177,0.884522556573993
"scapulothoracic","frontal plane elevation",2,10,"reduced","ns5",-24.8021584006098,0.868331258062325
"scapulothoracic","frontal plane elevation",2,10,"reduced","ns6",-29.85612087906,0.876441433392344
"scapulothoracic","frontal plane elevation",2,10,"reduced","ns7",-34.7823089844265,0.927237271343291
"scapulothoracic","frontal plane elevation",2,10,"reduced","ns8",-42.5903031658439,3.15318629284702
"scapulothoracic","frontal plane elevation",2,10,"reduced","ns9",-45.4223763093691,1.49707582076104
"scapulothoracic","frontal plane elevation",2,10,"reduced","ns10",-39.8507171163697,1.47055833485095
"scapulothoracic","frontal plane elevation",2,10,"reduced","varcov 1",66.3777351895555,0.882220964125378
"scapulothoracic","frontal plane elevation",2,10,"reduced","varcov 2",13.3109135365038,0.411617003322059
"scapulothoracic","frontal plane elevation",2,10,"reduced","varcov 3",18.7178490834502,0.477685076244047
"scapulothoracic","frontal plane elevation",2,10,"reduced","varcov 4",27.8768202043969,0.579160732447292
"scapulothoracic","frontal plane elevation",2,10,"reduced","varcov 5",33.2722410247364,0.631180344882744
"scapulothoracic","frontal plane elevation",2,10,"reduced","varcov 6",32.0420670228603,0.621119551652215
"scapulothoracic","frontal plane elevation",2,10,"reduced","varcov 7",32.6532379602083,0.625910192700379
"scapulothoracic","frontal plane elevation",2,10,"reduced","varcov 8",36.4642385548798,0.662194984158732
"scapulothoracic","frontal plane elevation",2,10,"reduced","varcov 9",420.284624357957,2.52489752603199
"scapulothoracic","frontal plane elevation",2,10,"reduced","varcov 10",80.1196398760366,1.19895702422147
"scapulothoracic","frontal plane elevation",2,10,"reduced","varcov 11",64.9470241007086,1.09885254539437
"scapulothoracic","frontal plane elevation",2,10,"reduced","stderr",-0.177386185215177,0.00233902376395516
"glenohumeral","frontal plane elevation",2,10,"full","intercept",-17.0020465566141,1.53364468897489
"glenohumeral","frontal plane elevation",2,10,"full","ns1",-14.5739182169671,0.750888547685412
"glenohumeral","frontal plane elevation",2,10,"full","ns2",-23.067664133822,0.92565343436561
"glenohumeral","frontal plane elevation",2,10,"full","ns3",-32.1159760087821,1.02211026235884
"glenohumeral","frontal plane elevation",2,10,"full","ns4",-40.6260314224145,1.04316390633953
"glenohumeral","frontal plane elevation",2,10,"full","ns5",-48.5667680950018,1.19723341825213
"glenohumeral","frontal plane elevation",2,10,"full","ns6",-54.8706813873777,1.28005004742921
"glenohumeral","frontal plane elevation",2,10,"full","ns7",-60.9441526891566,1.28336884962528
"glenohumeral","frontal plane elevation",2,10,"full","ns8",-64.5180205087698,1.86775037421829
"glenohumeral","frontal plane elevation",2,10,"full","ns9",-77.6774412750637,1.47818018848582
"glenohumeral","frontal plane elevation",2,10,"full","ns10",-70.6473589053851,1.59153944419019
"glenohumeral","frontal plane elevation",2,10,"full","condex vivo",-3.51435131882055,2.80211104081451
"glenohumeral","frontal plane elevation",2,10,"full","ns1:condex vivo",-5.95865278811716,1.39607814999017
"glenohumeral","frontal plane elevation",2,10,"full","ns2:condex vivo",-9.09291579687076,1.70820665841072
"glenohumeral","frontal plane elevation",2,10,"full","ns3:condex vivo",-12.328218682874,1.88039745918638
"glenohumeral","frontal plane elevation",2,10,"full","ns4:condex vivo",-12.4618929952119,1.91833336862195
"glenohumeral","frontal plane elevation",2,10,"full","ns5:condex vivo",-10.4332289727272,2.19518601594654
"glenohumeral","frontal plane elevation",2,10,"full","ns6:condex vivo",-6.74366668671703,2.34428571697722
"glenohumeral","frontal plane elevation",2,10,"full","ns7:condex vivo",-3.79987288637912,2.34821009825243
"glenohumeral","frontal plane elevation",2,10,"full","ns8:condex vivo",2.43228420591618,3.36995154152161
"glenohumeral","frontal plane elevation",2,10,"full","ns9:condex vivo",6.52517424923237,3.33998579185994
"glenohumeral","frontal plane elevation",2,10,"full","ns10:condex vivo",12.2668785891663,4.11907937576477
"glenohumeral","frontal plane elevation",2,10,"full","varcov 1",54.074424712603,0.908376324365006
"glenohumeral","frontal plane elevation",2,10,"full","varcov 2",12.9446628853705,0.455349848734282
"glenohumeral","frontal plane elevation",2,10,"full","varcov 3",19.6661447201221,0.55004716094784
"glenohumeral","frontal plane elevation",2,10,"full","varcov 4",23.9958242214794,0.604603854477855
"glenohumeral","frontal plane elevation",2,10,"full","varcov 5",24.9900939285843,0.618286360402485
"glenohumeral","frontal plane elevation",2,10,"full","varcov 6",32.9310823241219,0.710342016457261
"glenohumeral","frontal plane elevation",2,10,"full","varcov 7",37.6476162383604,0.759543830764851
"glenohumeral","frontal plane elevation",2,10,"full","varcov 8",37.7368648754168,0.764113563465877
"glenohumeral","frontal plane elevation",2,10,"full","varcov 9",77.1273897193779,1.11447778437619
"glenohumeral","frontal plane elevation",2,10,"full","varcov 10",47.7334392678478,0.913835162548033
"glenohumeral","frontal plane elevation",2,10,"full","varcov 11",52.72421425739,1.03021368955314
"glenohumeral","frontal plane elevation",2,10,"full","stderr",-0.141049497769523,0.00217391769784339
"glenohumeral","frontal plane elevation",2,10,"reduced","intercept",-18.3417801249994,1.3445403733176
"glenohumeral","frontal plane elevation",2,10,"reduced","ns1",-16.1065319667541,0.774022817067481
"glenohumeral","frontal plane elevation",2,10,"reduced","ns2",-25.5472062535837,1.02996472087255
"glenohumeral","frontal plane elevation",2,10,"reduced","ns3",-35.5779187821384,1.26887264390762
"glenohumeral","frontal plane elevation",2,10,"reduced","ns4",-44.1268288799664,1.29212140807872
"glenohumeral","frontal plane elevation",2,10,"reduced","ns5",-51.454884799931,1.27770024167972
"glenohumeral","frontal plane elevation",2,10,"reduced","ns6",-56.6371323285322,1.17545778334396
"glenohumeral","frontal plane elevation",2,10,"reduced","ns7",-61.8284585128266,1.12123628008793
"glenohumeral","frontal plane elevation",2,10,"reduced","ns8",-63.5618007163998,1.54547616661878
"glenohumeral","frontal plane elevation",2,10,"reduced","ns9",-76.5782738418552,1.3835319234361
"glenohumeral","frontal plane elevation",2,10,"reduced","ns10",-68.9525371327996,1.60677574694251
"glenohumeral","frontal plane elevation",2,10,"reduced","varcov 1",59.3258734094892,0.955497134723471
"glenohumeral","frontal plane elevation",2,10,"reduced","varcov 2",19.4349215489413,0.551250210199129
"glenohumeral","frontal plane elevation",2,10,"reduced","varcov 3",34.6497063789307,0.729250923972186
"glenohumeral","frontal plane elevation",2,10,"reduced","varcov 4",52.7869943196055,0.897719873356134
"glenohumeral","frontal plane elevation",2,10,"reduced","varcov 5",54.7455734755374,0.914532109429604
"glenohumeral","frontal plane elevation",2,10,"reduced","varcov 6",53.524625883768,0.90543570174559
"glenohumeral","frontal plane elevation",2,10,"reduced","varcov 7",45.2473510912727,0.834101634667362
"glenohumeral","frontal plane elevation",2,10,"reduced","varcov 8",41.0511458543484,0.79826849023386
"glenohumeral","frontal plane elevation",2,10,"reduced","varcov 9",76.0140989252349,1.10357690985933
"glenohumeral","frontal plane elevation",2,10,"reduced","varcov 10",54.1747718183416,0.97611406533959
"glenohumeral","frontal plane elevation",2,10,"reduced","varcov 11",65.8121850112877,1.17583550680134
"glenohumeral","frontal plane elevation",2,10,"reduced","stderr",0.14111840846309,0.00217953627947895
"sternoclavicular","scapular plane elevation",2,4,"full","intercept",-44.1983399845323,2.8422304782316
"sternoclavicular","scapular plane elevation",2,4,"full","ns1",-11.3589373436658,0.751378472104939
"sternoclavicular","scapular plane elevation",2,4,"full","ns2",-13.4903671912124,0.870277031950229
"sternoclavicular","scapular plane elevation",2,4,"full","ns3",-25.6150443824669,1.24677081901459
"sternoclavicular","scapular plane elevation",2,4,"full","ns4",-19.5226619762369,1.00990782303038
"sternoclavicular","scapular plane elevation",2,4,"full","varcov 1",209.944066658373,2.01242799054374
"sternoclavicular","scapular plane elevation",2,4,"full","varcov 2",14.6269996210509,0.531723662164419
"sternoclavicular","scapular plane elevation",2,4,"full","varcov 3",19.6340319391272,0.615782688957933
"sternoclavicular","scapular plane elevation",2,4,"full","varcov 4",40.0674067589476,0.884406567617366
"sternoclavicular","scapular plane elevation",2,4,"full","varcov 5",26.4522752467499,0.715302689717222
"sternoclavicular","scapular plane elevation",2,4,"full","stderr",0.0970766790800714,0.00561477948196774
"scapulothoracic","scapular plane elevation",2,11,"full","intercept",-4.73789668002865,1.48861985477442
"scapulothoracic","scapular plane elevation",2,11,"full","ns1",-6.94654741831106,0.629959231350258
"scapulothoracic","scapular plane elevation",2,11,"full","ns2",-11.2929055283706,0.517581451516039
"scapulothoracic","scapular plane elevation",2,11,"full","ns3",-16.4122117728352,0.521635551382043
"scapulothoracic","scapular plane elevation",2,11,"full","ns4",-21.2437972415925,0.539176941386466
"scapulothoracic","scapular plane elevation",2,11,"full","ns5",-26.0903559621729,0.598835559234355
"scapulothoracic","scapular plane elevation",2,11,"full","ns6",-30.7605902646701,0.638222812748753
"scapulothoracic","scapular plane elevation",2,11,"full","ns7",-35.2388358042577,0.712343746948189
"scapulothoracic","scapular plane elevation",2,11,"full","ns8",-39.1108868474167,0.741291269535975
"scapulothoracic","scapular plane elevation",2,11,"full","ns9",-43.4167718716329,1.27323663467072
"scapulothoracic","scapular plane elevation",2,11,"full","ns10",-50.4204473100597,1.04268681398471
"scapulothoracic","scapular plane elevation",2,11,"full","ns11",-49.1369978712036,1.4959834073598
"scapulothoracic","scapular plane elevation",2,11,"full","varcov 1",109.705857402315,1.04985467780318
"scapulothoracic","scapular plane elevation",2,11,"full","varcov 2",12.4846156135142,0.499531957190826
"scapulothoracic","scapular plane elevation",2,11,"full","varcov 3",9.52102590457262,0.355503361784229
"scapulothoracic","scapular plane elevation",2,11,"full","varcov 4",9.95020849007353,0.339184778347989
"scapulothoracic","scapular plane elevation",2,11,"full","varcov 5",11.1625530286781,0.348550355859101
"scapulothoracic","scapular plane elevation",2,11,"full","varcov 6",14.1754009192502,0.39579992281223
"scapulothoracic","scapular plane elevation",2,11,"full","varcov 7",16.3685505923229,0.452143462934471
"scapulothoracic","scapular plane elevation",2,11,"full","varcov 8",20.9049128653208,0.515781616240046
"scapulothoracic","scapular plane elevation",2,11,"full","varcov 9",22.8045176761912,0.543681958131197
"scapulothoracic","scapular plane elevation",2,11,"full","varcov 10",35.0740482207482,1.00930869779859
"scapulothoracic","scapular plane elevation",2,11,"full","varcov 11",17.8140467256287,0.88579474159378
"scapulothoracic","scapular plane elevation",2,11,"full","varcov 12",36.5751931366205,1.24611683993114
"scapulothoracic","scapular plane elevation",2,11,"full","stderr",0.211389086965107,0.00349717334727296
"glenohumeral","scapular plane elevation",2,10,"full","intercept",-12.5901432102209,1.70958270717211
"glenohumeral","scapular plane elevation",2,10,"full","ns1",-12.700775147788,1.00238901615971
"glenohumeral","scapular plane elevation",2,10,"full","ns2",-24.0307239241517,1.26653458186788
"glenohumeral","scapular plane elevation",2,10,"full","ns3",-37.1270678383111,1.38673257790905
"glenohumeral","scapular plane elevation",2,10,"full","ns4",-50.9100282476331,1.43130121890683
"glenohumeral","scapular plane elevation",2,10,"full","ns5",-62.7405436369868,1.40417625238592
"glenohumeral","scapular plane elevation",2,10,"full","ns6",-72.3457377548255,1.37335430715382
"glenohumeral","scapular plane elevation",2,10,"full","ns7",-79.4661346016693,1.50122049224054
"glenohumeral","scapular plane elevation",2,10,"full","ns8",-86.2340634792465,1.5314147029324
"glenohumeral","scapular plane elevation",2,10,"full","ns9",-97.9155906374708,1.94109038938905
"glenohumeral","scapular plane elevation",2,10,"full","ns10",-94.6249514932293,1.90109492357657
"glenohumeral","scapular plane elevation",2,10,"full","varcov 1",60.4376336775729,1.22589185370376
"glenohumeral","scapular plane elevation",2,10,"full","varcov 2",20.1973436578441,0.714793514924515
"glenohumeral","scapular plane elevation",2,10,"full","varcov 3",32.6200769435057,0.893708333450343
"glenohumeral","scapular plane elevation",2,10,"full","varcov 4",39.4204972868652,0.976278909342349
"glenohumeral","scapular plane elevation",2,10,"full","varcov 5",42.0068632932377,1.00707489686887
"glenohumeral","scapular plane elevation",2,10,"full","varcov 6",40.423218767076,0.988022276431593
"glenohumeral","scapular plane elevation",2,10,"full","varcov 7",38.5633481148934,0.96568309035947
"glenohumeral","scapular plane elevation",2,10,"full","varcov 8",44.5164776146571,1.05764101060528
"glenohumeral","scapular plane elevation",2,10,"full","varcov 9",46.0967331174516,1.07939510779414
"glenohumeral","scapular plane elevation",2,10,"full","varcov 10",67.1662878043557,1.36079652714136
"glenohumeral","scapular plane elevation",2,10,"full","varcov 11",50.9411734749368,1.36444714979336
"glenohumeral","scapular plane elevation",2,10,"full","stderr",-0.295083527519649,0.0049685755739891
"sternoclavicular","sagittal plane elevation",2,8,"full","intercept",-16.1877698244877,4.04857873724721
"sternoclavicular","sagittal plane elevation",2,8,"full","ns1",-2.02294674604541,0.322185123610878
"sternoclavicular","sagittal plane elevation",2,8,"full","ns2",-3.62208322143852,0.374720384173034
"sternoclavicular","sagittal plane elevation",2,8,"full","ns3",-4.2632922107824,0.345643499692749
"sternoclavicular","sagittal plane elevation",2,8,"full","ns4",-6.20110114873766,0.858477098966718
"sternoclavicular","sagittal plane elevation",2,8,"full","ns5",-6.30929219184869,1.18051059578715
"sternoclavicular","sagittal plane elevation",2,8,"full","ns6",-7.07851828777455,1.51233864551901
"sternoclavicular","sagittal plane elevation",2,8,"full","ns7",-9.2192635100673,1.54405048184587
"sternoclavicular","sagittal plane elevation",2,8,"full","ns8",-5.75410352922615,1.84608424726488
"sternoclavicular","sagittal plane elevation",2,8,"full","condex vivo",5.7534830970752,4.4920521095467
"sternoclavicular","sagittal plane elevation",2,8,"full","ns1:condex vivo",1.13917859909395,0.366428178642715
"sternoclavicular","sagittal plane elevation",2,8,"full","ns2:condex vivo",2.51027940170964,0.424416639417442
"sternoclavicular","sagittal plane elevation",2,8,"full","ns3:condex vivo",2.43850422855821,0.3924598481024
"sternoclavicular","sagittal plane elevation",2,8,"full","ns4:condex vivo",3.11801855483691,0.956052844059985
"sternoclavicular","sagittal plane elevation",2,8,"full","ns5:condex vivo",-0.266948690106013,1.31016031204568
"sternoclavicular","sagittal plane elevation",2,8,"full","ns6:condex vivo",-2.2646946230441,1.67847003955188
"sternoclavicular","sagittal plane elevation",2,8,"full","ns7:condex vivo",-2.82155080071832,1.70516305090954
"sternoclavicular","sagittal plane elevation",2,8,"full","ns8:condex vivo",-5.57338866720469,2.01993382530899
"sternoclavicular","sagittal plane elevation",2,8,"full","varcov 1",49.1558486610263,1.24183645125539
"sternoclavicular","sagittal plane elevation",2,8,"full","varcov 2",0.262279822071437,0.112506561862902
"sternoclavicular","sagittal plane elevation",2,8,"full","varcov 3",0.346305507356468,0.121514154849472
"sternoclavicular","sagittal plane elevation",2,8,"full","varcov 4",0.297840737418891,0.117505474008557
"sternoclavicular","sagittal plane elevation",2,8,"full","varcov 5",2.13923064829974,0.269606689556538
"sternoclavicular","sagittal plane elevation",2,8,"full","varcov 6",4.16738255942192,0.366709354584548
"sternoclavicular","sagittal plane elevation",2,8,"full","varcov 7",6.81285710165562,0.464854856641007
"sternoclavicular","sagittal plane elevation",2,8,"full","varcov 8",6.19642296565089,0.467642569223053
"sternoclavicular","sagittal plane elevation",2,8,"full","varcov 9",8.70466699595342,0.542039913104532
"sternoclavicular","sagittal plane elevation",2,8,"full","stderr",-0.140317355044273,0.00311745664470889
"sternoclavicular","sagittal plane elevation",2,8,"reduced","intercept",-11.3735940426853,1.84613313554982
"sternoclavicular","sagittal plane elevation",2,8,"reduced","ns1",-1.23330815342845,0.202741182368893
"sternoclavicular","sagittal plane elevation",2,8,"reduced","ns2",-1.72394139305032,0.292512845579175
"sternoclavicular","sagittal plane elevation",2,8,"reduced","ns3",-2.41954430434357,0.27436712954152
"sternoclavicular","sagittal plane elevation",2,8,"reduced","ns4",-3.8064479144396,0.475679339482074
"sternoclavicular","sagittal plane elevation",2,8,"reduced","ns5",-6.66981631707369,0.552315125811487
"sternoclavicular","sagittal plane elevation",2,8,"reduced","ns6",-9.00275725094254,0.711183305142262
"sternoclavicular","sagittal plane elevation",2,8,"reduced","ns7",-11.9068324444984,0.794289170861451
"sternoclavicular","sagittal plane elevation",2,8,"reduced","ns8",-10.5078325613915,0.931078233243263
"sternoclavicular","sagittal plane elevation",2,8,"reduced","varcov 1",54.3273316108323,1.3071669482212
"sternoclavicular","sagittal plane elevation",2,8,"reduced","varcov 2",0.469698743212495,0.141433908108062
"sternoclavicular","sagittal plane elevation",2,8,"reduced","varcov 3",1.13102726992213,0.19623703553421
"sternoclavicular","sagittal plane elevation",2,8,"reduced","varcov 4",0.993073947852214,0.187896096841969
"sternoclavicular","sagittal plane elevation",2,8,"reduced","varcov 5",3.39393417081828,0.336176286270517
"sternoclavicular","sagittal plane elevation",2,8,"reduced","varcov 6",4.6628324297743,0.391640474614754
"sternoclavicular","sagittal plane elevation",2,8,"reduced","varcov 7",7.9794884181693,0.504702987500481
"sternoclavicular","sagittal plane elevation",2,8,"reduced","varcov 8",9.08795952000188,0.574601640628269
"sternoclavicular","sagittal plane elevation",2,8,"reduced","varcov 9",13.5580352198581,0.655019664439345
"sternoclavicular","sagittal plane elevation",2,8,"reduced","stderr",0.139801727571663,0.0031060134053496
"acromioclavicular","sagittal plane elevation",2,11,"full","intercept",-8.34677881500853,4.8131087549665
"acromioclavicular","sagittal plane elevation",2,11,"full","ns1",-3.20281212207549,0.218928226466438
"acromioclavicular","sagittal plane elevation",2,11,"full","ns2",-4.67452243604651,0.265342628774518
"acromioclavicular","sagittal plane elevation",2,11,"full","ns3",-4.67014904356053,0.364593473590849
"acromioclavicular","sagittal plane elevation",2,11,"full","ns4",-6.21794553287774,0.377473701796924
"acromioclavicular","sagittal plane elevation",2,11,"full","ns5",-6.38818650490709,0.506608583157581
"acromioclavicular","sagittal plane elevation",2,11,"full","ns6",-6.92571406206418,0.733635865048268
"acromioclavicular","sagittal plane elevation",2,11,"full","ns7",-8.85366407773197,1.13042333345957
"acromioclavicular","sagittal plane elevation",2,11,"full","ns8",-8.06957926562179,1.36437793067588
"acromioclavicular","sagittal plane elevation",2,11,"full","ns9",-8.1371212680489,1.96162227761948
"acromioclavicular","sagittal plane elevation",2,11,"full","ns10",-10.1399146265651,2.27613417263622
"acromioclavicular","sagittal plane elevation",2,11,"full","ns11",-6.66931507861874,2.52836396696521
"acromioclavicular","sagittal plane elevation",2,11,"full","condex vivo",11.8407540802627,5.48834249793827
"acromioclavicular","sagittal plane elevation",2,11,"full","ns1:condex vivo",3.82591211708721,0.265571427041756
"acromioclavicular","sagittal plane elevation",2,11,"full","ns2:condex vivo",5.13552797339781,0.313193131780776
"acromioclavicular","sagittal plane elevation",2,11,"full","ns3:condex vivo",5.43705748355085,0.424978409634396
"acromioclavicular","sagittal plane elevation",2,11,"full","ns4:condex vivo",7.16748096110416,0.438969767183227
"acromioclavicular","sagittal plane elevation",2,11,"full","ns5:condex vivo",8.16021930095746,0.58406036752562
"acromioclavicular","sagittal plane elevation",2,11,"full","ns6:condex vivo",10.5214432569355,0.840910920743271
"acromioclavicular","sagittal plane elevation",2,11,"full","ns7:condex vivo",14.4312037470911,1.29166507502552
"acromioclavicular","sagittal plane elevation",2,11,"full","ns8:condex vivo",15.0890698380557,1.55765623090053
"acromioclavicular","sagittal plane elevation",2,11,"full","ns9:condex vivo",17.0465691186583,2.23688259444899
"acromioclavicular","sagittal plane elevation",2,11,"full","ns10:condex vivo",19.4464190838953,2.57313068406275
"acromioclavicular","sagittal plane elevation",2,11,"full","ns11:condex vivo",16.923191073002,2.80725808894309
"acromioclavicular","sagittal plane elevation",2,11,"full","varcov 1",69.4418339700337,1.63718687153317
"acromioclavicular","sagittal plane elevation",2,11,"full","varcov 2",0.102436882743358,0.10743447046319
"acromioclavicular","sagittal plane elevation",2,11,"full","varcov 3",0.144781282420573,0.118115559200412
"acromioclavicular","sagittal plane elevation",2,11,"full","varcov 4",0.341619410398509,0.126631886111018
"acromioclavicular","sagittal plane elevation",2,11,"full","varcov 5",0.367447976939411,0.127514473991567
"acromioclavicular","sagittal plane elevation",2,11,"full","varcov 6",0.711780541603149,0.176164133812464
"acromioclavicular","sagittal plane elevation",2,11,"full","varcov 7",1.55565632024163,0.255002039731223
"acromioclavicular","sagittal plane elevation",2,11,"full","varcov 8",3.77262212765155,0.386560634592516
"acromioclavicular","sagittal plane elevation",2,11,"full","varcov 9",5.51664829251103,0.464860593170177
"acromioclavicular","sagittal plane elevation",2,11,"full","varcov 10",11.3929224466971,0.664532648811022
"acromioclavicular","sagittal plane elevation",2,11,"full","varcov 11",13.0344488067092,0.733967572234547
"acromioclavicular","sagittal plane elevation",2,11,"full","varcov 12",14.405360667923,0.76275792787468
"acromioclavicular","sagittal plane elevation",2,11,"full","stderr",-0.137839957537775,0.00329191454589114
"acromioclavicular","sagittal plane elevation",2,11,"reduced","intercept",0.983362984847701,3.0660811160756
"acromioclavicular","sagittal plane elevation",2,11,"reduced","ns1",-0.501683946028399,0.50460211768351
"acromioclavicular","sagittal plane elevation",2,11,"reduced","ns2",-0.924648109137414,0.607606820256343
"acromioclavicular","sagittal plane elevation",2,11,"reduced","ns3",-0.723698702974276,0.595765575816577
"acromioclavicular","sagittal plane elevation",2,11,"reduced","ns4",-0.918735982344733,0.752183392330635
"acromioclavicular","sagittal plane elevation",2,11,"reduced","ns5",-0.338256112332371,0.847258943036606
"acromioclavicular","sagittal plane elevation",2,11,"reduced","ns6",0.947565497117267,1.11862378971842
"acromioclavicular","sagittal plane elevation",2,11,"reduced","ns7",2.02474867824744,1.60051170593621
"acromioclavicular","sagittal plane elevation",2,11,"reduced","ns8",3.31556999988249,1.69599487911765
"acromioclavicular","sagittal plane elevation",2,11,"reduced","ns9",4.81731850666534,2.08426784508916
"acromioclavicular","sagittal plane elevation",2,11,"reduced","ns10",5.29391527394827,2.03405851537645
"acromioclavicular","sagittal plane elevation",2,11,"reduced","ns11",7.56987261948089,2.05929422702365
"acromioclavicular","sagittal plane elevation",2,11,"reduced","varcov 1",115.627581895242,2.11839457474984
"acromioclavicular","sagittal plane elevation",2,11,"reduced","varcov 2",2.22819236386908,0.332117790860442
"acromioclavicular","sagittal plane elevation",2,11,"reduced","varcov 3",3.61664194833666,0.397725460551526
"acromioclavicular","sagittal plane elevation",2,11,"reduced","varcov 4",3.49819823270709,0.391926023680683
"acromioclavicular","sagittal plane elevation",2,11,"reduced","varcov 5",6.17839810643954,0.502609376615347
"acromioclavicular","sagittal plane elevation",2,11,"reduced","varcov 6",8.24459309997781,0.575431865441791
"acromioclavicular","sagittal plane elevation",2,11,"reduced","varcov 7",15.1286822764027,0.774631807574736
"acromioclavicular","sagittal plane elevation",2,11,"reduced","varcov 8",32.1705676844134,1.11963161954093
"acromioclavicular","sagittal plane elevation",2,11,"reduced","varcov 9",36.2214084254074,1.18814398054757
"acromioclavicular","sagittal plane elevation",2,11,"reduced","varcov 10",55.6107142065131,1.46953598211242
"acromioclavicular","sagittal plane elevation",2,11,"reduced","varcov 11",45.3868701271936,1.38289743840675
"acromioclavicular","sagittal plane elevation",2,11,"reduced","varcov 12",50.7562344963185,1.44924528494982
"acromioclavicular","sagittal plane elevation",2,11,"reduced","stderr",0.138370184290299,0.00335873609422567
"scapulothoracic","sagittal plane elevation",2,9,"full","intercept",-7.18331081934704,1.76494351679574
"scapulothoracic","sagittal plane elevation",2,9,"full","ns1",-7.35687301807338,0.515237337768942
"scapulothoracic","sagittal plane elevation",2,9,"full","ns2",-12.4092266531292,0.494372796544234
"scapulothoracic","sagittal plane elevation",2,9,"full","ns3",-18.0782042573694,0.506140752806799
"scapulothoracic","sagittal plane elevation",2,9,"full","ns4",-23.9538814516561,0.656852185931858
"scapulothoracic","sagittal plane elevation",2,9,"full","ns5",-28.5423921469374,0.774006847003637
"scapulothoracic","sagittal plane elevation",2,9,"full","ns6",-33.7005039277211,0.952639470029735
"scapulothoracic","sagittal plane elevation",2,9,"full","ns7",-36.5911951436236,1.20973682292361
"scapulothoracic","sagittal plane elevation",2,9,"full","ns8",-43.4360164345816,1.21704840910002
"scapulothoracic","sagittal plane elevation",2,9,"full","ns9",-40.769006060388,1.3560646968069
"scapulothoracic","sagittal plane elevation",2,9,"full","condex vivo",4.39015791364893,3.04021652198732
"scapulothoracic","sagittal plane elevation",2,9,"full","ns1:condex vivo",3.56705051886525,0.951033133922733
"scapulothoracic","sagittal plane elevation",2,9,"full","ns2:condex vivo",7.47299141287813,0.926666286068196
"scapulothoracic","sagittal plane elevation",2,9,"full","ns3:condex vivo",10.4727008698711,0.940432566970099
"scapulothoracic","sagittal plane elevation",2,9,"full","ns4:condex vivo",8.65509885475385,1.18388318762078
"scapulothoracic","sagittal plane elevation",2,9,"full","ns5:condex vivo",4.2253131619064,1.374569339857
"scapulothoracic","sagittal plane elevation",2,9,"full","ns6:condex vivo",1.07406153064666,1.66117407061449
"scapulothoracic","sagittal plane elevation",2,9,"full","ns7:condex vivo",1.09360065193299,2.12157662466229
"scapulothoracic","sagittal plane elevation",2,9,"full","ns8:condex vivo",4.58258577411067,2.6335021385904
"scapulothoracic","sagittal plane elevation",2,9,"full","ns9:condex vivo",6.56438604334831,3.18950415994049
"scapulothoracic","sagittal plane elevation",2,9,"full","varcov 1",77.6535716648777,1.01408038488027
"scapulothoracic","sagittal plane elevation",2,9,"full","varcov 2",6.40416528470115,0.316388554995897
"scapulothoracic","sagittal plane elevation",2,9,"full","varcov 3",5.81856674756439,0.297709714276101
"scapulothoracic","sagittal plane elevation",2,9,"full","varcov 4",6.14374764218264,0.294476932833825
"scapulothoracic","sagittal plane elevation",2,9,"full","varcov 5",10.5072525920155,0.388322173439455
"scapulothoracic","sagittal plane elevation",2,9,"full","varcov 6",14.7099556834839,0.458676574225306
"scapulothoracic","sagittal plane elevation",2,9,"full","varcov 7",21.9682991345869,0.564978320781742
"scapulothoracic","sagittal plane elevation",2,9,"full","varcov 8",33.2602328187628,0.742534165035481
"scapulothoracic","sagittal plane elevation",2,9,"full","varcov 9",34.269639219218,0.720508080513414
"scapulothoracic","sagittal plane elevation",2,9,"full","varcov 10",41.7781779298066,0.841158818195523
"scapulothoracic","sagittal plane elevation",2,9,"full","stderr",0.219513541448438,0.00304138809254278
"scapulothoracic","sagittal plane elevation",2,9,"reduced","intercept",-4.94629788439419,1.5630311553254
"scapulothoracic","sagittal plane elevation",2,9,"reduced","ns1",-6.84761550499552,0.541260735461924
"scapulothoracic","sagittal plane elevation",2,9,"reduced","ns2",-10.6007580159554,0.641427462216842
"scapulothoracic","sagittal plane elevation",2,9,"reduced","ns3",-15.2229295468175,0.788377170917577
"scapulothoracic","sagittal plane elevation",2,9,"reduced","ns4",-21.7333055678229,0.791074869135932
"scapulothoracic","sagittal plane elevation",2,9,"reduced","ns5",-27.8270707283078,0.727982592257542
"scapulothoracic","sagittal plane elevation",2,9,"reduced","ns6",-34.0888612017103,0.842834083328965
"scapulothoracic","sagittal plane elevation",2,9,"reduced","ns7",-36.6910611466359,1.01926492022414
"scapulothoracic","sagittal plane elevation",2,9,"reduced","ns8",-43.6848657128724,1.13279751614463
"scapulothoracic","sagittal plane elevation",2,9,"reduced","ns9",-39.3985484407561,1.29455131538404
"scapulothoracic","sagittal plane elevation",2,9,"reduced","varcov 1",91.8681036715111,1.10678469088164
"scapulothoracic","sagittal plane elevation",2,9,"reduced","varcov 2",10.2316710890298,0.391436657451495
"scapulothoracic","sagittal plane elevation",2,9,"reduced","varcov 3",14.6025436190643,0.448700597723902
"scapulothoracic","sagittal plane elevation",2,9,"reduced","varcov 4",22.6586511605862,0.557843489176559
"scapulothoracic","sagittal plane elevation",2,9,"reduced","varcov 5",22.7774383163327,0.558663994331143
"scapulothoracic","sagittal plane elevation",2,9,"reduced","varcov 6",19.1643981009667,0.526145732854182
"scapulothoracic","sagittal plane elevation",2,9,"reduced","varcov 7",25.6328636560767,0.620370644611956
"scapulothoracic","sagittal plane elevation",2,9,"reduced","varcov 8",35.0156205859251,0.765381234092558
"scapulothoracic","sagittal plane elevation",2,9,"reduced","varcov 9",39.3629581048879,0.804711126529523
"scapulothoracic","sagittal plane elevation",2,9,"reduced","varcov 10",48.0216730913369,0.927303240128437
"scapulothoracic","sagittal plane elevation",2,9,"reduced","stderr",-0.217952814647586,0.00301240149414811
"glenohumeral","sagittal plane elevation",2,13,"full","intercept",-21.86047065652,1.31657402614284
"glenohumeral","sagittal plane elevation",2,13,"full","ns1",-12.7827363079637,0.544933109422541
"glenohumeral","sagittal plane elevation",2,13,"full","ns2",-18.1861051088551,0.651895878361085
"glenohumeral","sagittal plane elevation",2,13,"full","ns3",-24.1722388206677,0.703715793416227
"glenohumeral","sagittal plane elevation",2,13,"full","ns4",-31.1080519938779,0.822057083156687
"glenohumeral","sagittal plane elevation",2,13,"full","ns5",-38.1601777338341,0.87995133301036
"glenohumeral","sagittal plane elevation",2,13,"full","ns6",-45.6792330368393,0.990957926627396
"glenohumeral","sagittal plane elevation",2,13,"full","ns7",-52.1841503736078,1.01955701168144
"glenohumeral","sagittal plane elevation",2,13,"full","ns8",-57.9693241018446,1.08226627360835
"glenohumeral","sagittal plane elevation",2,13,"full","ns9",-62.8002385326907,1.22641829178762
"glenohumeral","sagittal plane elevation",2,13,"full","ns10",-67.1072417654862,1.36907249901001
"glenohumeral","sagittal plane elevation",2,13,"full","ns11",-69.4615090972116,1.46387737304632
"glenohumeral","sagittal plane elevation",2,13,"full","ns12",-80.490670095766,1.43275388144436
"glenohumeral","sagittal plane elevation",2,13,"full","ns13",-71.3200299204341,1.41166447103307
"glenohumeral","sagittal plane elevation",2,13,"full","condex vivo",10.4042943839969,2.49871649554311
"glenohumeral","sagittal plane elevation",2,13,"full","ns1:condex vivo",-6.30415746053527,1.16107216956377
"glenohumeral","sagittal plane elevation",2,13,"full","ns2:condex vivo",-10.1688291286349,1.34082048029205
"glenohumeral","sagittal plane elevation",2,13,"full","ns3:condex vivo",-14.4255999221748,1.42413036390879
"glenohumeral","sagittal plane elevation",2,13,"full","ns4:condex vivo",-17.9159395466124,1.62714830861148
"glenohumeral","sagittal plane elevation",2,13,"full","ns5:condex vivo",-20.334765549369,1.72624411388412
"glenohumeral","sagittal plane elevation",2,13,"full","ns6:condex vivo",-20.0126010776261,1.92037052510794
"glenohumeral","sagittal plane elevation",2,13,"full","ns7:condex vivo",-19.7218625726805,1.97021793057981
"glenohumeral","sagittal plane elevation",2,13,"full","ns8:condex vivo",-18.4901627702902,2.08098890267238
"glenohumeral","sagittal plane elevation",2,13,"full","ns9:condex vivo",-17.0630952877554,2.30558944335017
"glenohumeral","sagittal plane elevation",2,13,"full","ns10:condex vivo",-16.8297858992049,2.59901561411764
"glenohumeral","sagittal plane elevation",2,13,"full","ns11:condex vivo",-19.6158449812921,2.96658176882412
"glenohumeral","sagittal plane elevation",2,13,"full","ns12:condex vivo",-21.9000741525954,3.51722874544551
"glenohumeral","sagittal plane elevation",2,13,"full","ns13:condex vivo",-22.1139293797714,3.92136233989336
"glenohumeral","sagittal plane elevation",2,13,"full","varcov 1",41.3576296620143,0.787528776915399
"glenohumeral","sagittal plane elevation",2,13,"full","varcov 2",6.85802899689066,0.357248971778872
"glenohumeral","sagittal plane elevation",2,13,"full","varcov 3",9.88180065286733,0.405965419514444
"glenohumeral","sagittal plane elevation",2,13,"full","varcov 4",11.5947714476778,0.43294048630278
"glenohumeral","sagittal plane elevation",2,13,"full","varcov 5",15.9186736450272,0.505249559491797
"glenohumeral","sagittal plane elevation",2,13,"full","varcov 6",18.2926251289326,0.535281548678002
"glenohumeral","sagittal plane elevation",2,13,"full","varcov 7",23.2746429179428,0.596788716789285
"glenohumeral","sagittal plane elevation",2,13,"full","varcov 8",24.654393845731,0.616379467274233
"glenohumeral","sagittal plane elevation",2,13,"full","varcov 9",27.8137683104683,0.651201828661094
"glenohumeral","sagittal plane elevation",2,13,"full","varcov 10",34.3365319333936,0.733061888122941
"glenohumeral","sagittal plane elevation",2,13,"full","varcov 11",42.0671754889457,0.827158221749119
"glenohumeral","sagittal plane elevation",2,13,"full","varcov 12",44.0948777473017,0.917296286319272
"glenohumeral","sagittal plane elevation",2,13,"full","varcov 13",45.1264862447914,0.865958494323455
"glenohumeral","sagittal plane elevation",2,13,"full","varcov 14",41.8771571048828,0.89355313736595
"glenohumeral","sagittal plane elevation",2,13,"full","stderr",-0.198751355335352,0.00310482822504279
"glenohumeral","sagittal plane elevation",2,13,"reduced","intercept",-20.5156219222624,1.22051047449956
"glenohumeral","sagittal plane elevation",2,13,"reduced","ns1",-12.9449180019877,0.72002403680359
"glenohumeral","sagittal plane elevation",2,13,"reduced","ns2",-19.4497504549216,0.791333570505303
"glenohumeral","sagittal plane elevation",2,13,"reduced","ns3",-26.7067041083141,0.979248870251277
"glenohumeral","sagittal plane elevation",2,13,"reduced","ns4",-34.6592317773957,1.18930506607119
"glenohumeral","sagittal plane elevation",2,13,"reduced","ns5",-42.4278468919468,1.35028131992714
"glenohumeral","sagittal plane elevation",2,13,"reduced","ns6",-49.8488739709831,1.3798317988437
"glenohumeral","sagittal plane elevation",2,13,"reduced","ns7",-56.2714437545994,1.39210035445269
"glenohumeral","sagittal plane elevation",2,13,"reduced","ns8",-61.6885361371644,1.35698122564345
"glenohumeral","sagittal plane elevation",2,13,"reduced","ns9",-66.2081573292742,1.39658170373828
"glenohumeral","sagittal plane elevation",2,13,"reduced","ns10",-70.3810127142149,1.48272214966451
"glenohumeral","sagittal plane elevation",2,13,"reduced","ns11",-73.7932529663616,1.82427170034864
"glenohumeral","sagittal plane elevation",2,13,"reduced","ns12",-81.3939363111199,1.4613118504441
"glenohumeral","sagittal plane elevation",2,13,"reduced","ns13",-73.6479345551474,1.71103655680696
"glenohumeral","sagittal plane elevation",2,13,"reduced","varcov 1",49.1530099021995,0.863611783537579
"glenohumeral","sagittal plane elevation",2,13,"reduced","varcov 2",16.1338069412075,0.561916401278127
"glenohumeral","sagittal plane elevation",2,13,"reduced","varcov 3",19.7118249053311,0.584523177724961
"glenohumeral","sagittal plane elevation",2,13,"reduced","varcov 4",31.0791453426756,0.713395943434293
"glenohumeral","sagittal plane elevation",2,13,"reduced","varcov 5",46.5396103762295,0.865643295629016
"glenohumeral","sagittal plane elevation",2,13,"reduced","varcov 6",60.4575722536056,0.976161712063788
"glenohumeral","sagittal plane elevation",2,13,"reduced","varcov 7",63.1935494213319,0.993092728143581
"glenohumeral","sagittal plane elevation",2,13,"reduced","varcov 8",64.351878561141,1.00396666285835
"glenohumeral","sagittal plane elevation",2,13,"reduced","varcov 9",61.0691336252099,0.974642456630086
"glenohumeral","sagittal plane elevation",2,13,"reduced","varcov 10",62.9109906699463,1.00046163656222
"glenohumeral","sagittal plane elevation",2,13,"reduced","varcov 11",69.1739601567394,1.05963635227851
"glenohumeral","sagittal plane elevation",2,13,"reduced","varcov 12",93.0460027876589,1.29708771320575
"glenohumeral","sagittal plane elevation",2,13,"reduced","varcov 13",57.1060946067691,1.01225548539386
"glenohumeral","sagittal plane elevation",2,13,"reduced","varcov 14",74.7185329653208,1.20386117472227
"glenohumeral","sagittal plane elevation",2,13,"reduced","stderr",0.201179278662125,0.00319191693249471
"sternoclavicular","horizontal flexion",2,11,"full","intercept",-20.6912093403651,1.48183843942386
"sternoclavicular","horizontal flexion",2,11,"full","ns1",3.72719128630145,0.469477180315941
"sternoclavicular","horizontal flexion",2,11,"full","ns2",4.46272825551114,0.504730196883919
"sternoclavicular","horizontal flexion",2,11,"full","ns3",4.97500069953956,0.487722528843736
"sternoclavicular","horizontal flexion",2,11,"full","ns4",5.04232556866363,0.565619864741244
"sternoclavicular","horizontal flexion",2,11,"full","ns5",5.01986039602762,0.534603203378601
"sternoclavicular","horizontal flexion",2,11,"full","ns6",4.77084844579485,0.556932490897791
"sternoclavicular","horizontal flexion",2,11,"full","ns7",4.55107785444672,0.600314900447917
"sternoclavicular","horizontal flexion",2,11,"full","ns8",3.887101018964,0.712718901598446
"sternoclavicular","horizontal flexion",2,11,"full","ns9",-1.34697121277183,2.92579928881115
"sternoclavicular","horizontal flexion",2,11,"full","ns10",-20.7292110145619,10.3747960175724
"sternoclavicular","horizontal flexion",2,11,"full","ns11",-44.654013922203,18.8628773183947
"sternoclavicular","horizontal flexion",2,11,"full","varcov 1",21.039344239575,1.05239059715496
"sternoclavicular","horizontal flexion",2,11,"full","varcov 2",1.53562017074489,0.343253675883682
"sternoclavicular","horizontal flexion",2,11,"full","varcov 3",1.79963418057793,0.360650509860672
"sternoclavicular","horizontal flexion",2,11,"full","varcov 4",1.67366447953935,0.310485634166189
"sternoclavicular","horizontal flexion",2,11,"full","varcov 5",2.39807977945198,0.369568162499581
"sternoclavicular","horizontal flexion",2,11,"full","varcov 6",2.09875734168214,0.348030245994974
"sternoclavicular","horizontal flexion",2,11,"full","varcov 7",2.31378202336684,0.369379135966594
"sternoclavicular","horizontal flexion",2,11,"full","varcov 8",2.76727423037363,0.404314748526361
"sternoclavicular","horizontal flexion",2,11,"full","varcov 9",4.15758139892246,0.511884267577202
"sternoclavicular","horizontal flexion",2,11,"full","varcov 10",70.0744609455626,2.02267343789647
"sternoclavicular","horizontal flexion",2,11,"full","varcov 11",725.892559041728,7.12718628993872
"sternoclavicular","horizontal flexion",2,11,"full","varcov 12",2500.71169763001,12.4520158223509
"sternoclavicular","horizontal flexion",2,11,"full","stderr",0.0736661704559541,0.00182857849812907
"acromioclavicular","horizontal flexion",2,15,"full","intercept",10.6250299564025,2.88751748501738
"acromioclavicular","horizontal flexion",2,15,"full","ns1",-3.05902193436823,0.581285768976897
"acromioclavicular","horizontal flexion",2,15,"full","ns2",-3.62440966450893,0.452838009590889
"acromioclavicular","horizontal flexion",2,15,"full","ns3",-4.15838469893883,0.514451486594679
"acromioclavicular","horizontal flexion",2,15,"full","ns4",-4.64312263668309,0.606800456259679
"acromioclavicular","horizontal flexion",2,15,"full","ns5",-4.98358679216032,0.617826980607758
"acromioclavicular","horizontal flexion",2,15,"full","ns6",-5.21734735650732,0.607171797495294
"acromioclavicular","horizontal flexion",2,15,"full","ns7",-5.28408958417328,0.605550191585534
"acromioclavicular","horizontal flexion",2,15,"full","ns8",-5.46275287488828,0.607916369354382
"acromioclavicular","horizontal flexion",2,15,"full","ns9",-5.3235298187627,0.672054348483885
"acromioclavicular","horizontal flexion",2,15,"full","ns10",-4.97015148669348,0.812486222888024
"acromioclavicular","horizontal flexion",2,15,"full","ns11",-4.43263334333836,0.955089585587988
"acromioclavicular","horizontal flexion",2,15,"full","ns12",-3.65967213123662,1.10596110377089
"acromioclavicular","horizontal flexion",2,15,"full","ns13",-2.43104151148693,1.3657246263961
"acromioclavicular","horizontal flexion",2,15,"full","ns14",-3.90753219076891,1.25382645943102
"acromioclavicular","horizontal flexion",2,15,"full","ns15",-3.72088682734425,2.58915835350442
"acromioclavicular","horizontal flexion",2,15,"full","varcov 1",74.4165890093948,2.03538698526923
"acromioclavicular","horizontal flexion",2,15,"full","varcov 2",2.18276467549211,0.406170776981835
"acromioclavicular","horizontal flexion",2,15,"full","varcov 3",1.17924860166265,0.306569253220782
"acromioclavicular","horizontal flexion",2,15,"full","varcov 4",1.74319597368085,0.353008027651896
"acromioclavicular","horizontal flexion",2,15,"full","varcov 5",2.66199208750348,0.412506849183877
"acromioclavicular","horizontal flexion",2,15,"full","varcov 6",2.79038636337072,0.410474346395364
"acromioclavicular","horizontal flexion",2,15,"full","varcov 7",2.66882859659977,0.393048072393971
"acromioclavicular","horizontal flexion",2,15,"full","varcov 8",2.65382872808232,0.392562224994165
"acromioclavicular","horizontal flexion",2,15,"full","varcov 9",2.67892706249008,0.396274804374493
"acromioclavicular","horizontal flexion",2,15,"full","varcov 10",3.41833813661053,0.448969253404501
"acromioclavicular","horizontal flexion",2,15,"full","varcov 11",5.29467380856763,0.55733283860532
"acromioclavicular","horizontal flexion",2,15,"full","varcov 12",7.56373972555067,0.660328758031949
"acromioclavicular","horizontal flexion",2,15,"full","varcov 13",10.3418353291375,0.76858943631851
"acromioclavicular","horizontal flexion",2,15,"full","varcov 14",14.3985440571679,0.973181331139073
"acromioclavicular","horizontal flexion",2,15,"full","varcov 15",5.2012408039345,1.1167703758848
"acromioclavicular","horizontal flexion",2,15,"full","varcov 16",45.8048135770513,2.12809047445931
"acromioclavicular","horizontal flexion",2,15,"full","stderr",0.0661397722902703,0.00170818517066599
"scapulothoracic","horizontal flexion",2,9,"full","intercept",32.790437643755,2.77765671402003
"scapulothoracic","horizontal flexion",2,9,"full","ns1",2.44811172939755,1.47716103651259
"scapulothoracic","horizontal flexion",2,9,"full","ns2",1.83857645097581,1.48664000618883
"scapulothoracic","horizontal flexion",2,9,"full","ns3",1.4187693617331,1.59747370285465
"scapulothoracic","horizontal flexion",2,9,"full","ns4",1.03033455561826,1.64161929372655
"scapulothoracic","horizontal flexion",2,9,"full","ns5",0.981363171464477,1.81640518850712
"scapulothoracic","horizontal flexion",2,9,"full","ns6",0.616659934374379,2.08447012639364
"scapulothoracic","horizontal flexion",2,9,"full","ns7",-0.609468857498771,2.41717074665813
"scapulothoracic","horizontal flexion",2,9,"full","ns8",2.67727262861001,3.72702184092669
"scapulothoracic","horizontal flexion",2,9,"full","ns9",-3.45716210556669,3.95665565631172
"scapulothoracic","horizontal flexion",2,9,"full","condex vivo",-10.4774502803572,3.65363774173772
"scapulothoracic","horizontal flexion",2,9,"full","ns1:condex vivo",-11.3917371432258,1.98193684207303
"scapulothoracic","horizontal flexion",2,9,"full","ns2:condex vivo",-12.8669240256086,1.99407534393114
"scapulothoracic","horizontal flexion",2,9,"full","ns3:condex vivo",-12.9011801203796,2.14066600068499
"scapulothoracic","horizontal flexion",2,9,"full","ns4:condex vivo",-12.6425484596804,2.19860928241768
"scapulothoracic","horizontal flexion",2,9,"full","ns5:condex vivo",-12.2526058596198,2.42851328504712
"scapulothoracic","horizontal flexion",2,9,"full","ns6:condex vivo",-10.9998771261426,2.79138402577101
"scapulothoracic","horizontal flexion",2,9,"full","ns7:condex vivo",-5.47593109167969,3.18765960411
"scapulothoracic","horizontal flexion",2,9,"full","ns8:condex vivo",-12.5885906029355,5.05255172114884
"scapulothoracic","horizontal flexion",2,9,"full","ns9:condex vivo",2.78482874361924,5.41952756311988
"scapulothoracic","horizontal flexion",2,9,"full","varcov 1",53.3071659233427,1.2866943854213
"scapulothoracic","horizontal flexion",2,9,"full","varcov 2",14.6269293682378,0.71680972708736
"scapulothoracic","horizontal flexion",2,9,"full","varcov 3",14.7572335223894,0.711412224299715
"scapulothoracic","horizontal flexion",2,9,"full","varcov 4",17.1637897125533,0.758146266189441
"scapulothoracic","horizontal flexion",2,9,"full","varcov 5",18.1341739548729,0.773572414298223
"scapulothoracic","horizontal flexion",2,9,"full","varcov 6",22.2840310747109,0.850726610675896
"scapulothoracic","horizontal flexion",2,9,"full","varcov 7",29.9381358809783,0.977482689867875
"scapulothoracic","horizontal flexion",2,9,"full","varcov 8",40.0786663498124,1.10159198318928
"scapulothoracic","horizontal flexion",2,9,"full","varcov 9",94.3544560288201,1.77186277082712
"scapulothoracic","horizontal flexion",2,9,"full","varcov 10",108.653967813822,1.86732242922374
"scapulothoracic","horizontal flexion",2,9,"full","stderr",0.101326523839481,0.00214497214345509
"scapulothoracic","horizontal flexion",2,9,"reduced","intercept",25.5832906341447,2.36242032415997
"scapulothoracic","horizontal flexion",2,9,"reduced","ns1",-3.00439196737935,1.77501297723504
"scapulothoracic","horizontal flexion",2,9,"reduced","ns2",-4.42888763666067,1.88738008022183
"scapulothoracic","horizontal flexion",2,9,"reduced","ns3",-4.87583477966679,1.9046950589467
"scapulothoracic","horizontal flexion",2,9,"reduced","ns4",-5.11436362938456,1.8801683047596
"scapulothoracic","horizontal flexion",2,9,"reduced","ns5",-4.94704900720595,1.88228990658903
"scapulothoracic","horizontal flexion",2,9,"reduced","ns6",-4.60542920849561,1.88980386239592
"scapulothoracic","horizontal flexion",2,9,"reduced","ns7",-3.22511401124862,1.6807169196362
"scapulothoracic","horizontal flexion",2,9,"reduced","ns8",-2.67040865658122,2.94973758880278
"scapulothoracic","horizontal flexion",2,9,"reduced","ns9",-1.31026958508796,2.7089838923908
"scapulothoracic","horizontal flexion",2,9,"reduced","varcov 1",91.456601868862,1.68455990485472
"scapulothoracic","horizontal flexion",2,9,"reduced","varcov 2",48.6678705743987,1.26721034087489
"scapulothoracic","horizontal flexion",2,9,"reduced","varcov 3",55.0681170019379,1.34003953662506
"scapulothoracic","horizontal flexion",2,9,"reduced","varcov 4",56.2153491054976,1.35076742319885
"scapulothoracic","horizontal flexion",2,9,"reduced","varcov 5",54.7289256008747,1.33395451609291
"scapulothoracic","horizontal flexion",2,9,"reduced","varcov 6",54.8788162155029,1.33690731708631
"scapulothoracic","horizontal flexion",2,9,"reduced","varcov 7",55.2957146196595,1.33750205615978
"scapulothoracic","horizontal flexion",2,9,"reduced","varcov 8",45.4704050584783,1.1790211098319
"scapulothoracic","horizontal flexion",2,9,"reduced","varcov 9",128.548944953859,2.08322429953354
"scapulothoracic","horizontal flexion",2,9,"reduced","varcov 10",109.942003600469,1.8914905724687
"scapulothoracic","horizontal flexion",2,9,"reduced","stderr",-0.100902491923788,0.00212751072534157
"glenohumeral","horizontal flexion",2,11,"full","intercept",-67.4665955963498,2.43157937198134
"glenohumeral","horizontal flexion",2,11,"full","ns1",-4.89605100231337,1.38592547558401
"glenohumeral","horizontal flexion",2,11,"full","ns2",-4.84337165894351,1.45594471294075
"glenohumeral","horizontal flexion",2,11,"full","ns3",-3.96476120312352,1.52937279537557
"glenohumeral","horizontal flexion",2,11,"full","ns4",-2.53814712174348,1.55744259893764
"glenohumeral","horizontal flexion",2,11,"full","ns5",-0.435491745632196,1.55301170791027
"glenohumeral","horizontal flexion",2,11,"full","ns6",1.5108277056379,1.44579192676819
"glenohumeral","horizontal flexion",2,11,"full","ns7",3.22110000878139,1.39231127461091
"glenohumeral","horizontal flexion",2,11,"full","ns8",4.6951721526946,1.90284642595797
"glenohumeral","horizontal flexion",2,11,"full","ns9",7.76832754158076,3.10706252232987
"glenohumeral","horizontal flexion",2,11,"full","ns10",3.50402936886155,2.43959646289388
"glenohumeral","horizontal flexion",2,11,"full","ns11",8.86839961552186,3.6909351646463
"glenohumeral","horizontal flexion",2,11,"full","varcov 1",50.2205731963211,1.733609983978
"glenohumeral","horizontal flexion",2,11,"full","varcov 2",14.3899599504862,0.983919200346106
"glenohumeral","horizontal flexion",2,11,"full","varcov 3",16.0129864731639,1.02648208906791
"glenohumeral","horizontal flexion",2,11,"full","varcov 4",18.086897898136,1.05308056870499
"glenohumeral","horizontal flexion",2,11,"full","varcov 5",18.7995176677429,1.05706892119373
"glenohumeral","horizontal flexion",2,11,"full","varcov 6",18.2921902003347,1.03345643475572
"glenohumeral","horizontal flexion",2,11,"full","varcov 7",15.7763530622672,0.965398485251917
"glenohumeral","horizontal flexion",2,11,"full","varcov 8",14.4670160927008,0.927381118327485
"glenohumeral","horizontal flexion",2,11,"full","varcov 9",29.5728020186648,1.32900662066603
"glenohumeral","horizontal flexion",2,11,"full","varcov 10",84.2077410690314,2.22134060302425
"glenohumeral","horizontal flexion",2,11,"full","varcov 11",31.5593039497879,1.99555778824651
"glenohumeral","horizontal flexion",2,11,"full","varcov 12",106.166271214337,2.81154518903623
"glenohumeral","horizontal flexion",2,11,"full","stderr",-0.124213860117271,0.00311145282949948
"sternoclavicular","internal-external rotation 0 degree-abducted",2,17,"full","intercept",-13.6030733536683,1.3714429161084
"sternoclavicular","internal-external rotation 0 degree-abducted",2,17,"full","ns1",-0.416142845594065,0.387074476200757
"sternoclavicular","internal-external rotation 0 degree-abducted",2,17,"full","ns2",-0.205414299431955,0.343894531136027
"sternoclavicular","internal-external rotation 0 degree-abducted",2,17,"full","ns3",-0.169019883248033,0.315468760757764
"sternoclavicular","internal-external rotation 0 degree-abducted",2,17,"full","ns4",-0.357513607968724,0.260098769767566
"sternoclavicular","internal-external rotation 0 degree-abducted",2,17,"full","ns5",-0.448779732272856,0.254336495068244
"sternoclavicular","internal-external rotation 0 degree-abducted",2,17,"full","ns6",-0.426318364186318,0.245142895957023
"sternoclavicular","internal-external rotation 0 degree-abducted",2,17,"full","ns7",-0.438858525095849,0.236018302211133
"sternoclavicular","internal-external rotation 0 degree-abducted",2,17,"full","ns8",-0.448552171872872,0.233305888297226
"sternoclavicular","internal-external rotation 0 degree-abducted",2,17,"full","ns9",-0.47838714611216,0.23454513192474
"sternoclavicular","internal-external rotation 0 degree-abducted",2,17,"full","ns10",-0.311366657228179,0.278165287297121
"sternoclavicular","internal-external rotation 0 degree-abducted",2,17,"full","ns11",-0.222944656123828,0.281289575282475
"sternoclavicular","internal-external rotation 0 degree-abducted",2,17,"full","ns12",-0.189782007507026,0.323408289245087
"sternoclavicular","internal-external rotation 0 degree-abducted",2,17,"full","ns13",0.129336540615371,0.34491741672149
"sternoclavicular","internal-external rotation 0 degree-abducted",2,17,"full","ns14",0.361266932662518,0.453654441099157
"sternoclavicular","internal-external rotation 0 degree-abducted",2,17,"full","ns15",2.100795230909,1.61702881862746
"sternoclavicular","internal-external rotation 0 degree-abducted",2,17,"full","ns16",-0.291962391846635,0.772491365382634
"sternoclavicular","internal-external rotation 0 degree-abducted",2,17,"full","ns17",-2.42555189789544,0.714804423368594
"sternoclavicular","internal-external rotation 0 degree-abducted",2,17,"full","varcov 1",22.0131399762413,0.963953181113427
"sternoclavicular","internal-external rotation 0 degree-abducted",2,17,"full","varcov 2",0.781236825868045,0.238292456603132
"sternoclavicular","internal-external rotation 0 degree-abducted",2,17,"full","varcov 3",0.570087358179836,0.20371288581117
"sternoclavicular","internal-external rotation 0 degree-abducted",2,17,"full","varcov 4",0.46180465134736,0.23318917273794
"sternoclavicular","internal-external rotation 0 degree-abducted",2,17,"full","varcov 5",0.10055870732715,0.0830202260931193
"sternoclavicular","internal-external rotation 0 degree-abducted",2,17,"full","varcov 6",0.0828388221698925,0.0735523750097224
"sternoclavicular","internal-external rotation 0 degree-abducted",2,17,"full","varcov 7",0.0549353846683156,0.0547863157676085
"sternoclavicular","internal-external rotation 0 degree-abducted",2,17,"full","varcov 8",0.0137115278874549,0.0328964451831799
"sternoclavicular","internal-external rotation 0 degree-abducted",2,17,"full","varcov 9",2.05095290456223e-08,0.00401085240019886
"sternoclavicular","internal-external rotation 0 degree-abducted",2,17,"full","varcov 10",0.00545333541196615,0.0271033759074667
"sternoclavicular","internal-external rotation 0 degree-abducted",2,17,"full","varcov 11",0.227030557092241,0.109513437274564
"sternoclavicular","internal-external rotation 0 degree-abducted",2,17,"full","varcov 12",0.224041795830898,0.114208096523023
"sternoclavicular","internal-external rotation 0 degree-abducted",2,17,"full","varcov 13",0.388268688056351,0.159628398767695
"sternoclavicular","internal-external rotation 0 degree-abducted",2,17,"full","varcov 14",0.41423616903349,0.216228464180041
"sternoclavicular","internal-external rotation 0 degree-abducted",2,17,"full","varcov 15",0.860407265513432,0.269537789058668
"sternoclavicular","internal-external rotation 0 degree-abducted",2,17,"full","varcov 16",16.4252993661022,1.14136503403291
"sternoclavicular","internal-external rotation 0 degree-abducted",2,17,"full","varcov 17",0.0624591957209737,0.574680828968091
"sternoclavicular","internal-external rotation 0 degree-abducted",2,17,"full","varcov 18",1.75784063702446,0.526442418374908
"sternoclavicular","internal-external rotation 0 degree-abducted",2,17,"full","stderr",-0.032607859979402,0.000707689603918007
"acromioclavicular","internal-external rotation 0 degree-abducted",2,17,"full","intercept",-3.62106888959645,2.63330781123103
"acromioclavicular","internal-external rotation 0 degree-abducted",2,17,"full","ns1",4.69954440991334,1.12985842789644
"acromioclavicular","internal-external rotation 0 degree-abducted",2,17,"full","ns2",4.48458147678208,0.865264110701984
"acromioclavicular","internal-external rotation 0 degree-abducted",2,17,"full","ns3",4.3546865040223,1.59422565774076
"acromioclavicular","internal-external rotation 0 degree-abducted",2,17,"full","ns4",5.88893688894682,0.683859857324898
"acromioclavicular","internal-external rotation 0 degree-abducted",2,17,"full","ns5",6.22010935720035,0.554341694038394
"acromioclavicular","internal-external rotation 0 degree-abducted",2,17,"full","ns6",6.09304518188458,0.553177817989086
"acromioclavicular","internal-external rotation 0 degree-abducted",2,17,"full","ns7",6.22449549075596,0.536001963203257
"acromioclavicular","internal-external rotation 0 degree-abducted",2,17,"full","ns8",6.40551361505593,0.53371443881293
"acromioclavicular","internal-external rotation 0 degree-abducted",2,17,"full","ns9",6.32981917910455,0.545046025513439
"acromioclavicular","internal-external rotation 0 degree-abducted",2,17,"full","ns10",6.29676977705075,0.586075530669342
"acromioclavicular","internal-external rotation 0 degree-abducted",2,17,"full","ns11",6.50204791014035,0.551687560960138
"acromioclavicular","internal-external rotation 0 degree-abducted",2,17,"full","ns12",6.54845076303782,0.551332777067217
"acromioclavicular","internal-external rotation 0 degree-abducted",2,17,"full","ns13",6.46407237318392,0.568324915030428
"acromioclavicular","internal-external rotation 0 degree-abducted",2,17,"full","ns14",6.28070894729107,1.16463188048081
"acromioclavicular","internal-external rotation 0 degree-abducted",2,17,"full","ns15",-2.77097199092119,6.43493306983334
"acromioclavicular","internal-external rotation 0 degree-abducted",2,17,"full","ns16",9.21199602641363,2.60442679981604
"acromioclavicular","internal-external rotation 0 degree-abducted",2,17,"full","ns17",8.54047566012798,1.77921625493255
"acromioclavicular","internal-external rotation 0 degree-abducted",2,17,"full","varcov 1",80.2018762247943,1.82448467566714
"acromioclavicular","internal-external rotation 0 degree-abducted",2,17,"full","varcov 2",7.47378245991559,0.745777701536913
"acromioclavicular","internal-external rotation 0 degree-abducted",2,17,"full","varcov 3",3.75386965277034,0.532323650777746
"acromioclavicular","internal-external rotation 0 degree-abducted",2,17,"full","varcov 4",18.5199021151102,1.13810190039093
"acromioclavicular","internal-external rotation 0 degree-abducted",2,17,"full","varcov 5",1.41821365905292,0.332537771758901
"acromioclavicular","internal-external rotation 0 degree-abducted",2,17,"full","varcov 6",0.185568625809808,0.113174806803477
"acromioclavicular","internal-external rotation 0 degree-abducted",2,17,"full","varcov 7",0.205915839075697,0.104112863978577
"acromioclavicular","internal-external rotation 0 degree-abducted",2,17,"full","varcov 8",0.0285999501059363,0.0520963300845405
"acromioclavicular","internal-external rotation 0 degree-abducted",2,17,"full","varcov 9",2.24532460915521e-07,0.00421157259894268
"acromioclavicular","internal-external rotation 0 degree-abducted",2,17,"full","varcov 10",0.118691782422667,0.0887791693727474
"acromioclavicular","internal-external rotation 0 degree-abducted",2,17,"full","varcov 11",0.565553742771263,0.174041430087991
"acromioclavicular","internal-external rotation 0 degree-abducted",2,17,"full","varcov 12",0.158430209906084,0.116417759083216
"acromioclavicular","internal-external rotation 0 degree-abducted",2,17,"full","varcov 13",0.132762162676505,0.113986580194811
"acromioclavicular","internal-external rotation 0 degree-abducted",2,17,"full","varcov 14",0.215210498649814,0.143554545865151
"acromioclavicular","internal-external rotation 0 degree-abducted",2,17,"full","varcov 15",6.40178258318895,0.737396726862593
"acromioclavicular","internal-external rotation 0 degree-abducted",2,17,"full","varcov 16",261.634302720682,3.81952481082137
"acromioclavicular","internal-external rotation 0 degree-abducted",2,17,"full","varcov 17",0.00399889715568265,0.140750563442056
"acromioclavicular","internal-external rotation 0 degree-abducted",2,17,"full","varcov 18",3.93381421080676,0.807444456951029
"acromioclavicular","internal-external rotation 0 degree-abducted",2,17,"full","stderr",0.0662832037805067,0.00143945683414756
"scapulothoracic","internal-external rotation 0 degree-abducted",2,15,"full","intercept",-5.25087556755832,1.36249108247102
"scapulothoracic","internal-external rotation 0 degree-abducted",2,15,"full","ns1",0.0617494522890815,0.184585089985442
"scapulothoracic","internal-external rotation 0 degree-abducted",2,15,"full","ns2",0.521292211070115,0.194142984188826
"scapulothoracic","internal-external rotation 0 degree-abducted",2,15,"full","ns3",0.760395702449488,0.231410620198883
"scapulothoracic","internal-external rotation 0 degree-abducted",2,15,"full","ns4",0.885010927418049,0.217391054073871
"scapulothoracic","internal-external rotation 0 degree-abducted",2,15,"full","ns5",0.737881467571895,0.246908162570693
"scapulothoracic","internal-external rotation 0 degree-abducted",2,15,"full","ns6",1.15842584964565,0.264641921167118
"scapulothoracic","internal-external rotation 0 degree-abducted",2,15,"full","ns7",1.05544647991094,0.34910042239258
"scapulothoracic","internal-external rotation 0 degree-abducted",2,15,"full","ns8",0.977209211471856,0.28761017520451
"scapulothoracic","internal-external rotation 0 degree-abducted",2,15,"full","ns9",0.732243432599902,0.34892065047155
"scapulothoracic","internal-external rotation 0 degree-abducted",2,15,"full","ns10",0.099324794974664,0.490486009837715
"scapulothoracic","internal-external rotation 0 degree-abducted",2,15,"full","ns11",0.0164250410714312,0.460213859919083
"scapulothoracic","internal-external rotation 0 degree-abducted",2,15,"full","ns12",-0.899108764137947,1.06135171293241
"scapulothoracic","internal-external rotation 0 degree-abducted",2,15,"full","ns13",-2.29446477786718,2.62241964478679
"scapulothoracic","internal-external rotation 0 degree-abducted",2,15,"full","ns14",2.62228801466255,0.961487082444608
"scapulothoracic","internal-external rotation 0 degree-abducted",2,15,"full","ns15",5.70098949966384,4.09800056313503
"scapulothoracic","internal-external rotation 0 degree-abducted",2,15,"full","condex vivo",9.99269319943683,2.40955271533503
"scapulothoracic","internal-external rotation 0 degree-abducted",2,15,"full","ns1:condex vivo",-0.145133511199814,0.460648914047134
"scapulothoracic","internal-external rotation 0 degree-abducted",2,15,"full","ns2:condex vivo",-0.0922140800824326,0.439262441941315
"scapulothoracic","internal-external rotation 0 degree-abducted",2,15,"full","ns3:condex vivo",-0.0332067603255055,0.509373539364301
"scapulothoracic","internal-external rotation 0 degree-abducted",2,15,"full","ns4:condex vivo",0.0847367855653806,0.449016244797402
"scapulothoracic","internal-external rotation 0 degree-abducted",2,15,"full","ns5:condex vivo",0.0265324266363596,0.492057452090334
"scapulothoracic","internal-external rotation 0 degree-abducted",2,15,"full","ns6:condex vivo",-0.292900633037214,0.512309163506873
"scapulothoracic","internal-external rotation 0 degree-abducted",2,15,"full","ns7:condex vivo",-0.048122744743678,0.62857419607944
"scapulothoracic","internal-external rotation 0 degree-abducted",2,15,"full","ns8:condex vivo",0.242183679978596,0.51010384205623
"scapulothoracic","internal-external rotation 0 degree-abducted",2,15,"full","ns9:condex vivo",0.542634143619264,0.609099480402211
"scapulothoracic","internal-external rotation 0 degree-abducted",2,15,"full","ns10:condex vivo",1.09293804187433,0.822707409243911
"scapulothoracic","internal-external rotation 0 degree-abducted",2,15,"full","ns11:condex vivo",1.157639646095,0.751301044885644
"scapulothoracic","internal-external rotation 0 degree-abducted",2,15,"full","ns12:condex vivo",1.6578629750001,1.62535297883833
"scapulothoracic","internal-external rotation 0 degree-abducted",2,15,"full","ns13:condex vivo",2.99385445838977,4.04297944435638
"scapulothoracic","internal-external rotation 0 degree-abducted",2,15,"full","ns14:condex vivo",-11.7313433653995,5.05695582045428
"scapulothoracic","internal-external rotation 0 degree-abducted",2,15,"full","ns15:condex vivo",-18.714019969384,7.22821198564339
"scapulothoracic","internal-external rotation 0 degree-abducted",2,15,"full","varcov 1",38.8051044481484,0.792921506491806
"scapulothoracic","internal-external rotation 0 degree-abducted",2,15,"full","varcov 2",0.47655411739587,0.143808353473844
"scapulothoracic","internal-external rotation 0 degree-abducted",2,15,"full","varcov 3",0.525753449827872,0.137038384459958
"scapulothoracic","internal-external rotation 0 degree-abducted",2,15,"full","varcov 4",0.823138760316286,0.156422211970295
"scapulothoracic","internal-external rotation 0 degree-abducted",2,15,"full","varcov 5",0.635173809577116,0.133221829786224
"scapulothoracic","internal-external rotation 0 degree-abducted",2,15,"full","varcov 6",0.932358883064527,0.151106844503658
"scapulothoracic","internal-external rotation 0 degree-abducted",2,15,"full","varcov 7",1.02566037183086,0.154144016363647
"scapulothoracic","internal-external rotation 0 degree-abducted",2,15,"full","varcov 8",1.81980618179499,0.212569772114643
"scapulothoracic","internal-external rotation 0 degree-abducted",2,15,"full","varcov 9",1.05724872809732,0.157400809120526
"scapulothoracic","internal-external rotation 0 degree-abducted",2,15,"full","varcov 10",1.55536078097962,0.199527948381899
"scapulothoracic","internal-external rotation 0 degree-abducted",2,15,"full","varcov 11",3.11225536492959,0.280138477596631
"scapulothoracic","internal-external rotation 0 degree-abducted",2,15,"full","varcov 12",2.01591387267665,0.249579120648611
"scapulothoracic","internal-external rotation 0 degree-abducted",2,15,"full","varcov 13",9.90813447297834,0.610218360827178
"scapulothoracic","internal-external rotation 0 degree-abducted",2,15,"full","varcov 14",44.3791208304093,1.28263418093303
"scapulothoracic","internal-external rotation 0 degree-abducted",2,15,"full","varcov 15",2.12107065045576,0.725986493401142
"scapulothoracic","internal-external rotation 0 degree-abducted",2,15,"full","varcov 16",257.883303961314,2.56568065934864
"scapulothoracic","internal-external rotation 0 degree-abducted",2,15,"full","stderr",0.189739211031355,0.00289031305117643
"scapulothoracic","internal-external rotation 0 degree-abducted",2,15,"reduced","intercept",-1.99834706898345,1.40731251760326
"scapulothoracic","internal-external rotation 0 degree-abducted",2,15,"reduced","ns1",0.0375316892896431,0.172962275260659
"scapulothoracic","internal-external rotation 0 degree-abducted",2,15,"reduced","ns2",0.504726765042761,0.17571399339135
"scapulothoracic","internal-external rotation 0 degree-abducted",2,15,"reduced","ns3",0.75516361012995,0.205766293351544
"scapulothoracic","internal-external rotation 0 degree-abducted",2,15,"reduced","ns4",0.905553596986691,0.193968859573489
"scapulothoracic","internal-external rotation 0 degree-abducted",2,15,"reduced","ns5",0.741977783204338,0.217867657654967
"scapulothoracic","internal-external rotation 0 degree-abducted",2,15,"reduced","ns6",1.06378481850305,0.232052505695288
"scapulothoracic","internal-external rotation 0 degree-abducted",2,15,"reduced","ns7",1.01798839749938,0.290554575643646
"scapulothoracic","internal-external rotation 0 degree-abducted",2,15,"reduced","ns8",1.04027160128445,0.241145393766373
"scapulothoracic","internal-external rotation 0 degree-abducted",2,15,"reduced","ns9",0.902288781023863,0.288710244712314
"scapulothoracic","internal-external rotation 0 degree-abducted",2,15,"reduced","ns10",0.480113594554845,0.40844068778462
"scapulothoracic","internal-external rotation 0 degree-abducted",2,15,"reduced","ns11",0.43096828047745,0.375041288268299
"scapulothoracic","internal-external rotation 0 degree-abducted",2,15,"reduced","ns12",-0.227402378281939,0.815749916090373
"scapulothoracic","internal-external rotation 0 degree-abducted",2,15,"reduced","ns13",-2.296556053301,1.91386506925267
"scapulothoracic","internal-external rotation 0 degree-abducted",2,15,"reduced","ns14",1.90586981280122,1.5201943161765
"scapulothoracic","internal-external rotation 0 degree-abducted",2,15,"reduced","ns15",0.111738764282358,4.3364806248397
"scapulothoracic","internal-external rotation 0 degree-abducted",2,15,"reduced","varcov 1",61.0583713751316,0.994140942451355
"scapulothoracic","internal-external rotation 0 degree-abducted",2,15,"reduced","varcov 2",0.478838756001371,0.145100569679457
"scapulothoracic","internal-external rotation 0 degree-abducted",2,15,"reduced","varcov 3",0.525121879546655,0.13693728590222
"scapulothoracic","internal-external rotation 0 degree-abducted",2,15,"reduced","varcov 4",0.801862550219812,0.154286457396546
"scapulothoracic","internal-external rotation 0 degree-abducted",2,15,"reduced","varcov 5",0.646488240334964,0.134524585340692
"scapulothoracic","internal-external rotation 0 degree-abducted",2,15,"reduced","varcov 6",0.938217442119119,0.152096053204703
"scapulothoracic","internal-external rotation 0 degree-abducted",2,15,"reduced","varcov 7",1.06809985037601,0.157588124499996
"scapulothoracic","internal-external rotation 0 degree-abducted",2,15,"reduced","varcov 8",1.8371009243136,0.213807869741383
"scapulothoracic","internal-external rotation 0 degree-abducted",2,15,"reduced","varcov 9",1.09820477046302,0.160567652962579
"scapulothoracic","internal-external rotation 0 degree-abducted",2,15,"reduced","varcov 10",1.58524956357356,0.200353311233387
"scapulothoracic","internal-external rotation 0 degree-abducted",2,15,"reduced","varcov 11",3.37985046228392,0.289338869115767
"scapulothoracic","internal-external rotation 0 degree-abducted",2,15,"reduced","varcov 12",2.34101850970422,0.264581075319761
"scapulothoracic","internal-external rotation 0 degree-abducted",2,15,"reduced","varcov 13",10.2357693265643,0.627651736769554
"scapulothoracic","internal-external rotation 0 degree-abducted",2,15,"reduced","varcov 14",43.990238685659,1.30517476531841
"scapulothoracic","internal-external rotation 0 degree-abducted",2,15,"reduced","varcov 15",3.10220930443724,1.18947158795357
"scapulothoracic","internal-external rotation 0 degree-abducted",2,15,"reduced","varcov 16",364.399341198764,3.00264930225465
"scapulothoracic","internal-external rotation 0 degree-abducted",2,15,"reduced","stderr",0.189669140812061,0.00288761477075477
"glenohumeral","internal-external rotation 0 degree-abducted",2,10,"full","intercept",-14.2912522071984,1.77938803761713
"glenohumeral","internal-external rotation 0 degree-abducted",2,10,"full","ns1",0.256916883920298,0.849752803419727
"glenohumeral","internal-external rotation 0 degree-abducted",2,10,"full","ns2",0.416247537101868,0.928653433525903
"glenohumeral","internal-external rotation 0 degree-abducted",2,10,"full","ns3",1.41798209755608,1.04628035975943
"glenohumeral","internal-external rotation 0 degree-abducted",2,10,"full","ns4",1.05691064553501,1.03112946958001
"glenohumeral","internal-external rotation 0 degree-abducted",2,10,"full","ns5",-0.200589924279554,1.25910988003119
"glenohumeral","internal-external rotation 0 degree-abducted",2,10,"full","ns6",0.05773225680236,1.09562815617415
"glenohumeral","internal-external rotation 0 degree-abducted",2,10,"full","ns7",-1.56714045550503,1.04809662502009
"glenohumeral","internal-external rotation 0 degree-abducted",2,10,"full","ns8",-3.88378856735207,1.63323840428264
"glenohumeral","internal-external rotation 0 degree-abducted",2,10,"full","ns9",-2.60196704516318,2.56969874561945
"glenohumeral","internal-external rotation 0 degree-abducted",2,10,"full","ns10",0.034697302428376,1.69465847219165
"glenohumeral","internal-external rotation 0 degree-abducted",2,10,"full","condex vivo",-20.5351309081281,3.30986652638609
"glenohumeral","internal-external rotation 0 degree-abducted",2,10,"full","ns1:condex vivo",-1.93374598332931,2.04949853624651
"glenohumeral","internal-external rotation 0 degree-abducted",2,10,"full","ns2:condex vivo",-1.40949124252482,2.12236277634257
"glenohumeral","internal-external rotation 0 degree-abducted",2,10,"full","ns3:condex vivo",-2.39138283637623,2.19354011980338
"glenohumeral","internal-external rotation 0 degree-abducted",2,10,"full","ns4:condex vivo",-1.53520408827427,2.07683902683647
"glenohumeral","internal-external rotation 0 degree-abducted",2,10,"full","ns5:condex vivo",1.08760022966164,2.31505544100315
"glenohumeral","internal-external rotation 0 degree-abducted",2,10,"full","ns6:condex vivo",2.66095202093038,2.06328418121002
"glenohumeral","internal-external rotation 0 degree-abducted",2,10,"full","ns7:condex vivo",4.57182684486376,2.10722849426324
"glenohumeral","internal-external rotation 0 degree-abducted",2,10,"full","ns8:condex vivo",9.80168248977721,2.94383214681437
"glenohumeral","internal-external rotation 0 degree-abducted",2,10,"full","ns9:condex vivo",-1.50108200036354,5.44193078742256
"glenohumeral","internal-external rotation 0 degree-abducted",2,10,"full","ns10:condex vivo",-1.04329769150225,5.45322180201016
"glenohumeral","internal-external rotation 0 degree-abducted",2,10,"full","varcov 1",65.3223402640087,1.04962330812013
"glenohumeral","internal-external rotation 0 degree-abducted",2,10,"full","varcov 2",13.5218428396711,0.532723515540482
"glenohumeral","internal-external rotation 0 degree-abducted",2,10,"full","varcov 3",16.5386954494603,0.575217145126036
"glenohumeral","internal-external rotation 0 degree-abducted",2,10,"full","varcov 4",19.4770382041711,0.634343184817939
"glenohumeral","internal-external rotation 0 degree-abducted",2,10,"full","varcov 5",18.5827335192122,0.607259580950837
"glenohumeral","internal-external rotation 0 degree-abducted",2,10,"full","varcov 6",24.9867053553036,0.806988350065011
"glenohumeral","internal-external rotation 0 degree-abducted",2,10,"full","varcov 7",17.1909384574611,0.614247989010045
"glenohumeral","internal-external rotation 0 degree-abducted",2,10,"full","varcov 8",13.141689593093,0.650105157330715
"glenohumeral","internal-external rotation 0 degree-abducted",2,10,"full","varcov 9",21.9742435697125,1.03547554883427
"glenohumeral","internal-external rotation 0 degree-abducted",2,10,"full","varcov 10",79.9922085056929,1.53479433774827
"glenohumeral","internal-external rotation 0 degree-abducted",2,10,"full","varcov 11",156.865850703804,2.28543492015998
"glenohumeral","internal-external rotation 0 degree-abducted",2,10,"full","stderr",0.271746148803294,0.00410285794680449
"glenohumeral","internal-external rotation 0 degree-abducted",2,10,"reduced","intercept",-20.614158339094,2.19439527561224
"glenohumeral","internal-external rotation 0 degree-abducted",2,10,"reduced","ns1",-0.113899160643799,0.774675820642762
"glenohumeral","internal-external rotation 0 degree-abducted",2,10,"reduced","ns2",0.0462700491032734,0.699257071913177
"glenohumeral","internal-external rotation 0 degree-abducted",2,10,"reduced","ns3",0.614207616089543,0.961534806172314
"glenohumeral","internal-external rotation 0 degree-abducted",2,10,"reduced","ns4",0.312323897353431,0.917495642869984
"glenohumeral","internal-external rotation 0 degree-abducted",2,10,"reduced","ns5",-0.148006036083628,1.02481488400387
"glenohumeral","internal-external rotation 0 degree-abducted",2,10,"reduced","ns6",0.711232546114853,0.940241730920348
"glenohumeral","internal-external rotation 0 degree-abducted",2,10,"reduced","ns7",-0.199388879520388,0.980128413708729
"glenohumeral","internal-external rotation 0 degree-abducted",2,10,"reduced","ns8",-0.758276643729865,1.54224561508494
"glenohumeral","internal-external rotation 0 degree-abducted",2,10,"reduced","ns9",-3.06809565969377,2.48398471971508
"glenohumeral","internal-external rotation 0 degree-abducted",2,10,"reduced","ns10",-1.98347120242825,3.33580263647525
"glenohumeral","internal-external rotation 0 degree-abducted",2,10,"reduced","varcov 1",146.486844423606,1.56452613071994
"glenohumeral","internal-external rotation 0 degree-abducted",2,10,"reduced","varcov 2",14.6885859121705,0.556850507542887
"glenohumeral","internal-external rotation 0 degree-abducted",2,10,"reduced","varcov 3",17.353277617249,0.590234927073293
"glenohumeral","internal-external rotation 0 degree-abducted",2,10,"reduced","varcov 4",22.3441159301701,0.684926473874519
"glenohumeral","internal-external rotation 0 degree-abducted",2,10,"reduced","varcov 5",20.7169625058402,0.641663257183562
"glenohumeral","internal-external rotation 0 degree-abducted",2,10,"reduced","varcov 6",25.6250307225944,0.813439329323738
"glenohumeral","internal-external rotation 0 degree-abducted",2,10,"reduced","varcov 7",18.8660471055749,0.64467691265807
"glenohumeral","internal-external rotation 0 degree-abducted",2,10,"reduced","varcov 8",17.2484525603884,0.767488127436736
"glenohumeral","internal-external rotation 0 degree-abducted",2,10,"reduced","varcov 9",34.6050582053056,1.30459014970059
"glenohumeral","internal-external rotation 0 degree-abducted",2,10,"reduced","varcov 10",84.8321453906111,1.59851505902754
"glenohumeral","internal-external rotation 0 degree-abducted",2,10,"reduced","varcov 11",159.483556131859,2.34221336998038
"glenohumeral","internal-external rotation 0 degree-abducted",2,10,"reduced","stderr",0.271648207881835,0.00409893886706717
"scapulothoracic","internal-external rotation 90 degree-abducted",2,12,"full","intercept",-23.6038932164736,1.58899755939304
"scapulothoracic","internal-external rotation 90 degree-abducted",2,12,"full","ns1",-0.628862276140844,0.418193891279409
"scapulothoracic","internal-external rotation 90 degree-abducted",2,12,"full","ns2",-0.563879902003636,0.657906028418554
"scapulothoracic","internal-external rotation 90 degree-abducted",2,12,"full","ns3",-0.832273211845479,0.45061490457365
"scapulothoracic","internal-external rotation 90 degree-abducted",2,12,"full","ns4",-1.64473361383023,0.436947156880518
"scapulothoracic","internal-external rotation 90 degree-abducted",2,12,"full","ns5",-2.28266775427822,0.558463529264163
"scapulothoracic","internal-external rotation 90 degree-abducted",2,12,"full","ns6",-4.23774556139022,0.375891050977867
"scapulothoracic","internal-external rotation 90 degree-abducted",2,12,"full","ns7",-6.20520702585996,0.530313695308882
"scapulothoracic","internal-external rotation 90 degree-abducted",2,12,"full","ns8",-9.31885451615306,0.906021710074716
"scapulothoracic","internal-external rotation 90 degree-abducted",2,12,"full","ns9",-11.6758662620952,1.05989056510089
"scapulothoracic","internal-external rotation 90 degree-abducted",2,12,"full","ns10",-14.1357229795618,1.52208722660805
"scapulothoracic","internal-external rotation 90 degree-abducted",2,12,"full","ns11",-16.2480296729111,1.20326563189961
"scapulothoracic","internal-external rotation 90 degree-abducted",2,12,"full","ns12",-17.23748044441,2.35516207950653
"scapulothoracic","internal-external rotation 90 degree-abducted",2,12,"full","varcov 1",59.1698073573295,1.11662423329113
"scapulothoracic","internal-external rotation 90 degree-abducted",2,12,"full","varcov 2",2.36664001885522,0.293194315005973
"scapulothoracic","internal-external rotation 90 degree-abducted",2,12,"full","varcov 3",8.48086107119332,0.536482661838337
"scapulothoracic","internal-external rotation 90 degree-abducted",2,12,"full","varcov 4",3.44593986612288,0.308083669133268
"scapulothoracic","internal-external rotation 90 degree-abducted",2,12,"full","varcov 5",3.11038911257171,0.286007039699137
"scapulothoracic","internal-external rotation 90 degree-abducted",2,12,"full","varcov 6",6.05828394160607,0.385595664321237
"scapulothoracic","internal-external rotation 90 degree-abducted",2,12,"full","varcov 7",1.74437894339824,0.229983490880113
"scapulothoracic","internal-external rotation 90 degree-abducted",2,12,"full","varcov 8",4.72887420413275,0.361581423953853
"scapulothoracic","internal-external rotation 90 degree-abducted",2,12,"full","varcov 9",15.9331878546801,0.789320944249797
"scapulothoracic","internal-external rotation 90 degree-abducted",2,12,"full","varcov 10",22.8928444924426,0.77888769081901
"scapulothoracic","internal-external rotation 90 degree-abducted",2,12,"full","varcov 11",41.5021940792863,1.22461400142613
"scapulothoracic","internal-external rotation 90 degree-abducted",2,12,"full","varcov 12",7.07975512464578,0.820990428368212
"scapulothoracic","internal-external rotation 90 degree-abducted",2,12,"full","varcov 13",90.0765591403811,2.86118072763224
"scapulothoracic","internal-external rotation 90 degree-abducted",2,12,"full","stderr",-0.143916738620215,0.00240374921151212
"glenohumeral","internal-external rotation 90 degree-abducted",2,12,"full","intercept",-56.9268595445364,1.97747037273348
"glenohumeral","internal-external rotation 90 degree-abducted",2,12,"full","ns1",0.353296720525804,0.723483452307783
"glenohumeral","internal-external rotation 90 degree-abducted",2,12,"full","ns2",0.257762472587356,0.886668945025897
"glenohumeral","internal-external rotation 90 degree-abducted",2,12,"full","ns3",0.470086395568848,0.761541241220984
"glenohumeral","internal-external rotation 90 degree-abducted",2,12,"full","ns4",0.934487544791271,0.677949501554993
"glenohumeral","internal-external rotation 90 degree-abducted",2,12,"full","ns5",0.906424386627873,0.667953054199528
"glenohumeral","internal-external rotation 90 degree-abducted",2,12,"full","ns6",0.695383770043628,0.70705767964575
"glenohumeral","internal-external rotation 90 degree-abducted",2,12,"full","ns7",0.467436611797455,0.639362343609439
"glenohumeral","internal-external rotation 90 degree-abducted",2,12,"full","ns8",1.84622202812438,0.648238769026076
"glenohumeral","internal-external rotation 90 degree-abducted",2,12,"full","ns9",2.86081595614703,0.767259604536594
"glenohumeral","internal-external rotation 90 degree-abducted",2,12,"full","ns10",8.28352138387107,2.07486913498228
"glenohumeral","internal-external rotation 90 degree-abducted",2,12,"full","ns11",12.1609637452766,2.90942506483551
"glenohumeral","internal-external rotation 90 degree-abducted",2,12,"full","ns12",16.3948465681684,3.84799914011438
"glenohumeral","internal-external rotation 90 degree-abducted",2,12,"full","varcov 1",82.4268742119106,1.37717077202569
"glenohumeral","internal-external rotation 90 degree-abducted",2,12,"full","varcov 2",6.35225198697724,0.50031261725629
"glenohumeral","internal-external rotation 90 degree-abducted",2,12,"full","varcov 3",12.7229785536755,0.658008764875715
"glenohumeral","internal-external rotation 90 degree-abducted",2,12,"full","varcov 4",9.07964616270038,0.508245106337902
"glenohumeral","internal-external rotation 90 degree-abducted",2,12,"full","varcov 5",6.45981798117255,0.421298492763629
"glenohumeral","internal-external rotation 90 degree-abducted",2,12,"full","varcov 6",6.16389396288928,0.397876092907927
"glenohumeral","internal-external rotation 90 degree-abducted",2,12,"full","varcov 7",7.35947372689318,0.435632206475793
"glenohumeral","internal-external rotation 90 degree-abducted",2,12,"full","varcov 8",4.77131954275777,0.406887234497871
"glenohumeral","internal-external rotation 90 degree-abducted",2,12,"full","varcov 9",5.0672038066369,0.402210231711032
"glenohumeral","internal-external rotation 90 degree-abducted",2,12,"full","varcov 10",8.19133706742469,0.535168662456343
"glenohumeral","internal-external rotation 90 degree-abducted",2,12,"full","varcov 11",65.6838081848331,1.97301926998891
"glenohumeral","internal-external rotation 90 degree-abducted",2,12,"full","varcov 12",77.0001379393086,2.30841526420655
"glenohumeral","internal-external rotation 90 degree-abducted",2,12,"full","varcov 13",198.983242197618,3.04399359160875
"glenohumeral","internal-external rotation 90 degree-abducted",2,12,"full","stderr",0.222374524068816,0.00365332050054994
"sternoclavicular","frontal plane elevation",3,11,"full","intercept",-1.59251001427649,5.60362382751423
"sternoclavicular","frontal plane elevation",3,11,"full","ns1",6.57684499385752,0.645553510447679
"sternoclavicular","frontal plane elevation",3,11,"full","ns2",9.2249717213847,0.732722669791817
"sternoclavicular","frontal plane elevation",3,11,"full","ns3",12.7407133182119,0.505874794953182
"sternoclavicular","frontal plane elevation",3,11,"full","ns4",15.3879307051879,0.684605737705066
"sternoclavicular","frontal plane elevation",3,11,"full","ns5",18.6377710084157,1.27937542393537
"sternoclavicular","frontal plane elevation",3,11,"full","ns6",21.6446394732446,1.49749888010327
"sternoclavicular","frontal plane elevation",3,11,"full","ns7",25.8555491408609,1.81378913427015
"sternoclavicular","frontal plane elevation",3,11,"full","ns8",25.9970975254197,2.41821622291503
"sternoclavicular","frontal plane elevation",3,11,"full","ns9",34.6263886477594,6.60087887463343
"sternoclavicular","frontal plane elevation",3,11,"full","ns10",39.5036288336574,4.99514021979881
"sternoclavicular","frontal plane elevation",3,11,"full","ns11",32.0740252263205,10.1844699050089
"sternoclavicular","frontal plane elevation",3,11,"full","condex vivo",-3.43289881284194,6.38508893491352
"sternoclavicular","frontal plane elevation",3,11,"full","ns1:condex vivo",-4.53429116173497,0.742959623010003
"sternoclavicular","frontal plane elevation",3,11,"full","ns2:condex vivo",-6.31415996289098,0.841901791632416
"sternoclavicular","frontal plane elevation",3,11,"full","ns3:condex vivo",-9.12651624248019,0.600920513017733
"sternoclavicular","frontal plane elevation",3,11,"full","ns4:condex vivo",-10.4751200488747,0.787133973232468
"sternoclavicular","frontal plane elevation",3,11,"full","ns5:condex vivo",-11.9158886872201,1.46105274288149
"sternoclavicular","frontal plane elevation",3,11,"full","ns6:condex vivo",-12.7685697175106,1.67384573651182
"sternoclavicular","frontal plane elevation",3,11,"full","ns7:condex vivo",-13.853297544437,2.02149965090647
"sternoclavicular","frontal plane elevation",3,11,"full","ns8:condex vivo",-11.2546919584033,2.69486656793769
"sternoclavicular","frontal plane elevation",3,11,"full","ns9:condex vivo",-11.7186308837971,7.21645811712421
"sternoclavicular","frontal plane elevation",3,11,"full","ns10:condex vivo",-17.3995926085501,5.59848758888393
"sternoclavicular","frontal plane elevation",3,11,"full","ns11:condex vivo",-13.9466622886201,11.0694777450236
"sternoclavicular","frontal plane elevation",3,11,"full","varcov 1",122.907442004164,1.9050127092624
"sternoclavicular","frontal plane elevation",3,11,"full","varcov 2",1.03628027134283,0.212196394907519
"sternoclavicular","frontal plane elevation",3,11,"full","varcov 3",1.21248239396606,0.248163068642177
"sternoclavicular","frontal plane elevation",3,11,"full","varcov 4",0.514338001162595,0.179539714070691
"sternoclavicular","frontal plane elevation",3,11,"full","varcov 5",1.08458804996745,0.220978930045182
"sternoclavicular","frontal plane elevation",3,11,"full","varcov 6",5.55862645707341,0.453843543562608
"sternoclavicular","frontal plane elevation",3,11,"full","varcov 7",6.36694562554391,0.472904288121284
"sternoclavicular","frontal plane elevation",3,11,"full","varcov 8",9.48710178956212,0.5642076952145
"sternoclavicular","frontal plane elevation",3,11,"full","varcov 9",17.440222781134,0.764065589448367
"sternoclavicular","frontal plane elevation",3,11,"full","varcov 10",99.8031994396259,1.91277031914702
"sternoclavicular","frontal plane elevation",3,11,"full","varcov 11",32.840376786982,1.33127329647894
"sternoclavicular","frontal plane elevation",3,11,"full","varcov 12",86.5492466263703,2.06472801657073
"sternoclavicular","frontal plane elevation",3,11,"full","stderr",-0.274148954095846,0.00552071839062088
"sternoclavicular","frontal plane elevation",3,11,"reduced","intercept",-4.24086328969866,2.90985598307009
"sternoclavicular","frontal plane elevation",3,11,"reduced","ns1",3.31442554038539,0.508782771540047
"sternoclavicular","frontal plane elevation",3,11,"reduced","ns2",4.4361599543702,0.579365860165361
"sternoclavicular","frontal plane elevation",3,11,"reduced","ns3",5.71224919630139,0.790008270393668
"sternoclavicular","frontal plane elevation",3,11,"reduced","ns4",7.30527254478865,0.921334717533223
"sternoclavicular","frontal plane elevation",3,11,"reduced","ns5",9.607889766214,1.2150033066757
"sternoclavicular","frontal plane elevation",3,11,"reduced","ns6",11.7212214797681,1.27422459924761
"sternoclavicular","frontal plane elevation",3,11,"reduced","ns7",15.0400151727401,1.42752415836526
"sternoclavicular","frontal plane elevation",3,11,"reduced","ns8",17.1537854923071,1.3830700917
"sternoclavicular","frontal plane elevation",3,11,"reduced","ns9",25.3404052598208,2.86951635637468
"sternoclavicular","frontal plane elevation",3,11,"reduced","ns10",24.986188219336,2.17427606077502
"sternoclavicular","frontal plane elevation",3,11,"reduced","ns11",19.9137277816997,3.86585247763831
"sternoclavicular","frontal plane elevation",3,11,"reduced","varcov 1",142.422760388499,2.06210977797703
"sternoclavicular","frontal plane elevation",3,11,"reduced","varcov 2",2.86596021573456,0.350973422593755
"sternoclavicular","frontal plane elevation",3,11,"reduced","varcov 3",3.87839872462819,0.387753368742306
"sternoclavicular","frontal plane elevation",3,11,"reduced","varcov 4",8.66213390232157,0.535924202147097
"sternoclavicular","frontal plane elevation",3,11,"reduced","varcov 5",12.1348436054728,0.630812820941845
"sternoclavicular","frontal plane elevation",3,11,"reduced","varcov 6",23.2902279442558,0.839404859145362
"sternoclavicular","frontal plane elevation",3,11,"reduced","varcov 7",24.5405601370592,0.88864240940491
"sternoclavicular","frontal plane elevation",3,11,"reduced","varcov 8",31.1541175212095,1.00239112896744
"sternoclavicular","frontal plane elevation",3,11,"reduced","varcov 9",29.966414081929,0.961241698336385
"sternoclavicular","frontal plane elevation",3,11,"reduced","varcov 10",124.704423237592,2.05877763770328
"sternoclavicular","frontal plane elevation",3,11,"reduced","varcov 11",25.7218360147376,1.39791693122983
"sternoclavicular","frontal plane elevation",3,11,"reduced","varcov 12",85.6920851146192,2.0911534726183
"sternoclavicular","frontal plane elevation",3,11,"reduced","stderr",-0.274643271115286,0.00555946325702313
"acromioclavicular","frontal plane elevation",3,9,"full","intercept",-0.846152730285346,3.24683583645178
"acromioclavicular","frontal plane elevation",3,9,"full","ns1",2.27870331045535,0.652197571630912
"acromioclavicular","frontal plane elevation",3,9,"full","ns2",4.66827799375081,0.74554071407802
"acromioclavicular","frontal plane elevation",3,9,"full","ns3",5.51229429013047,1.2783752603381
"acromioclavicular","frontal plane elevation",3,9,"full","ns4",6.21506099691307,1.59215780502148
"acromioclavicular","frontal plane elevation",3,9,"full","ns5",9.62404370663165,1.85232605393672
"acromioclavicular","frontal plane elevation",3,9,"full","ns6",12.0468499379036,2.24199154316527
"acromioclavicular","frontal plane elevation",3,9,"full","ns7",11.2276294100288,2.96593384205243
"acromioclavicular","frontal plane elevation",3,9,"full","ns8",6.0138049498286,5.56398889925836
"acromioclavicular","frontal plane elevation",3,9,"full","ns9",0.37208725865898,9.53453534870311
"acromioclavicular","frontal plane elevation",3,9,"full","condex vivo",7.0644326403801,3.84469554096145
"acromioclavicular","frontal plane elevation",3,9,"full","ns1:condex vivo",0.194068468576335,0.75394203935288
"acromioclavicular","frontal plane elevation",3,9,"full","ns2:condex vivo",-1.31384007617972,0.862813254568581
"acromioclavicular","frontal plane elevation",3,9,"full","ns3:condex vivo",-0.472055112776672,1.46474363076968
"acromioclavicular","frontal plane elevation",3,9,"full","ns4:condex vivo",1.29365346309143,1.87079581430079
"acromioclavicular","frontal plane elevation",3,9,"full","ns5:condex vivo",0.257399538065575,2.13325727206625
"acromioclavicular","frontal plane elevation",3,9,"full","ns6:condex vivo",1.02206681126188,2.56735102790474
"acromioclavicular","frontal plane elevation",3,9,"full","ns7:condex vivo",5.96742662863828,3.37985337313314
"acromioclavicular","frontal plane elevation",3,9,"full","ns8:condex vivo",22.422862852147,6.30325677877467
"acromioclavicular","frontal plane elevation",3,9,"full","ns9:condex vivo",33.274232644142,10.8472745707391
"acromioclavicular","frontal plane elevation",3,9,"full","varcov 1",42.0943082519176,1.23510919434519
"acromioclavicular","frontal plane elevation",3,9,"full","varcov 2",1.2626625337606,0.259072686376103
"acromioclavicular","frontal plane elevation",3,9,"full","varcov 3",1.64250942158139,0.26483420402334
"acromioclavicular","frontal plane elevation",3,9,"full","varcov 4",4.8596344532129,0.441972036572412
"acromioclavicular","frontal plane elevation",3,9,"full","varcov 5",9.42357309252377,0.6062070663529
"acromioclavicular","frontal plane elevation",3,9,"full","varcov 6",9.72047479625654,0.633160933079884
"acromioclavicular","frontal plane elevation",3,9,"full","varcov 7",15.3593879104693,0.78191302975521
"acromioclavicular","frontal plane elevation",3,9,"full","varcov 8",26.0799068637856,1.00175219861956
"acromioclavicular","frontal plane elevation",3,9,"full","varcov 9",77.3149212742344,2.09430759254264
"acromioclavicular","frontal plane elevation",3,9,"full","varcov 10",234.042877793164,3.75680260569335
"acromioclavicular","frontal plane elevation",3,9,"full","stderr",0.160624065550193,0.00349110337980344
"acromioclavicular","frontal plane elevation",3,9,"reduced","intercept",4.22089549576902,1.92750457237393
"acromioclavicular","frontal plane elevation",3,9,"reduced","ns1",2.43500216956303,0.331881660432074
"acromioclavicular","frontal plane elevation",3,9,"reduced","ns2",3.68088528363317,0.403912106080208
"acromioclavicular","frontal plane elevation",3,9,"reduced","ns3",5.13646419847055,0.630039234339289
"acromioclavicular","frontal plane elevation",3,9,"reduced","ns4",7.12277192631223,0.860124159293942
"acromioclavicular","frontal plane elevation",3,9,"reduced","ns5",9.80130496408938,0.878603288617469
"acromioclavicular","frontal plane elevation",3,9,"reduced","ns6",12.7089923069073,1.11400368900239
"acromioclavicular","frontal plane elevation",3,9,"reduced","ns7",15.3857568312596,1.6441369829056
"acromioclavicular","frontal plane elevation",3,9,"reduced","ns8",24.3583800818991,3.59128016065526
"acromioclavicular","frontal plane elevation",3,9,"reduced","ns9",28.5164189164759,6.14048573194341
"acromioclavicular","frontal plane elevation",3,9,"reduced","varcov 1",51.7541317267631,1.37062208084115
"acromioclavicular","frontal plane elevation",3,9,"reduced","varcov 2",1.25660076835233,0.259327624268897
"acromioclavicular","frontal plane elevation",3,9,"reduced","varcov 3",1.91893367604699,0.289345376377325
"acromioclavicular","frontal plane elevation",3,9,"reduced","varcov 4",4.97924869132122,0.448460443696391
"acromioclavicular","frontal plane elevation",3,9,"reduced","varcov 5",9.97338731848666,0.629808738704882
"acromioclavicular","frontal plane elevation",3,9,"reduced","varcov 6",9.84294609849344,0.638568741700047
"acromioclavicular","frontal plane elevation",3,9,"reduced","varcov 7",15.9449332879499,0.813208032952091
"acromioclavicular","frontal plane elevation",3,9,"reduced","varcov 8",35.0609014274183,1.21550379395154
"acromioclavicular","frontal plane elevation",3,9,"reduced","varcov 9",156.011330930879,2.72523105883469
"acromioclavicular","frontal plane elevation",3,9,"reduced","varcov 10",445.018822496694,4.68045740701953
"acromioclavicular","frontal plane elevation",3,9,"reduced","stderr",-0.160376515045186,0.00347022977648522
"scapulothoracic","frontal plane elevation",3,10,"full","intercept",-7.13992820938234,1.77651812380186
"scapulothoracic","frontal plane elevation",3,10,"full","ns1",5.57501055120859,0.73344477058499
"scapulothoracic","frontal plane elevation",3,10,"full","ns2",7.5522484629383,0.829813068852332
"scapulothoracic","frontal plane elevation",3,10,"full","ns3",9.41780330485094,0.882196375997204
"scapulothoracic","frontal plane elevation",3,10,"full","ns4",10.8664795418161,0.967531348660826
"scapulothoracic","frontal plane elevation",3,10,"full","ns5",12.6543376463786,1.05141946013464
"scapulothoracic","frontal plane elevation",3,10,"full","ns6",14.1523558897881,1.18848310235037
"scapulothoracic","frontal plane elevation",3,10,"full","ns7",16.8011698097709,1.23377211543915
"scapulothoracic","frontal plane elevation",3,10,"full","ns8",17.9885731372285,1.74366024485452
"scapulothoracic","frontal plane elevation",3,10,"full","ns9",25.6731057742094,1.84036618049764
"scapulothoracic","frontal plane elevation",3,10,"full","ns10",22.3384030120806,1.39495752626367
"scapulothoracic","frontal plane elevation",3,10,"full","condex vivo",-0.0402771049067486,2.6074342160814
"scapulothoracic","frontal plane elevation",3,10,"full","ns1:condex vivo",-3.44491536182975,1.49191876058369
"scapulothoracic","frontal plane elevation",3,10,"full","ns2:condex vivo",-4.7149725243478,1.66237730082591
"scapulothoracic","frontal plane elevation",3,10,"full","ns3:condex vivo",-5.95314858510217,1.7462576022533
"scapulothoracic","frontal plane elevation",3,10,"full","ns4:condex vivo",-6.27890782523917,1.89511276889225
"scapulothoracic","frontal plane elevation",3,10,"full","ns5:condex vivo",-7.76090649301599,2.03998497490726
"scapulothoracic","frontal plane elevation",3,10,"full","ns6:condex vivo",-8.41228543705044,2.28147353142648
"scapulothoracic","frontal plane elevation",3,10,"full","ns7:condex vivo",-9.66121167687152,2.35653683337742
"scapulothoracic","frontal plane elevation",3,10,"full","ns8:condex vivo",-10.4865828756614,3.41401109761146
"scapulothoracic","frontal plane elevation",3,10,"full","ns9:condex vivo",-17.7536082617888,4.61433362624721
"scapulothoracic","frontal plane elevation",3,10,"full","ns10:condex vivo",-16.4547163458662,5.14414045336073
"scapulothoracic","frontal plane elevation",3,10,"full","varcov 1",112.470646947362,1.13512420669564
"scapulothoracic","frontal plane elevation",3,10,"full","varcov 2",16.4026564009353,0.440628498658867
"scapulothoracic","frontal plane elevation",3,10,"full","varcov 3",21.008603592037,0.495978419786053
"scapulothoracic","frontal plane elevation",3,10,"full","varcov 4",23.8210211030789,0.524739386581716
"scapulothoracic","frontal plane elevation",3,10,"full","varcov 5",28.6961611778657,0.576048851853998
"scapulothoracic","frontal plane elevation",3,10,"full","varcov 6",33.9545715006178,0.625516614144677
"scapulothoracic","frontal plane elevation",3,10,"full","varcov 7",43.4691654865029,0.708080880778274
"scapulothoracic","frontal plane elevation",3,10,"full","varcov 8",46.5650203793271,0.747454697518117
"scapulothoracic","frontal plane elevation",3,10,"full","varcov 9",90.2808100586892,1.21854304320836
"scapulothoracic","frontal plane elevation",3,10,"full","varcov 10",101.534626316389,1.12859170962769
"scapulothoracic","frontal plane elevation",3,10,"full","varcov 11",55.0827446763489,0.92853770185725
"scapulothoracic","frontal plane elevation",3,10,"full","stderr",0.175219888297114,0.0023082266725966
"scapulothoracic","frontal plane elevation",3,10,"reduced","intercept",-8.03162558359585,1.62782686465226
"scapulothoracic","frontal plane elevation",3,10,"reduced","ns1",5.4213418923538,0.657753396947187
"scapulothoracic","frontal plane elevation",3,10,"reduced","ns2",7.04822847807985,0.744582539970755
"scapulothoracic","frontal plane elevation",3,10,"reduced","ns3",8.53370634335907,0.805279327646703
"scapulothoracic","frontal plane elevation",3,10,"reduced","ns4",9.8945347966149,0.869803787585512
"scapulothoracic","frontal plane elevation",3,10,"reduced","ns5",11.2386476054798,0.968194765925813
"scapulothoracic","frontal plane elevation",3,10,"reduced","ns6",12.550278236548,1.0871446171717
"scapulothoracic","frontal plane elevation",3,10,"reduced","ns7",14.8068191855268,1.15557415732466
"scapulothoracic","frontal plane elevation",3,10,"reduced","ns8",15.6194706494917,1.61045430311288
"scapulothoracic","frontal plane elevation",3,10,"reduced","ns9",24.330940276721,1.72394322050996
"scapulothoracic","frontal plane elevation",3,10,"reduced","ns10",21.4492902562871,1.42446203075714
"scapulothoracic","frontal plane elevation",3,10,"reduced","varcov 1",115.354143667009,1.14976028985322
"scapulothoracic","frontal plane elevation",3,10,"reduced","varcov 2",17.836966704282,0.461311996898019
"scapulothoracic","frontal plane elevation",3,10,"reduced","varcov 3",23.0813910070418,0.520110116780265
"scapulothoracic","frontal plane elevation",3,10,"reduced","varcov 4",27.2846911420646,0.562114198430647
"scapulothoracic","frontal plane elevation",3,10,"reduced","varcov 5",32.0070408484319,0.609137239041428
"scapulothoracic","frontal plane elevation",3,10,"reduced","varcov 6",39.9806835871654,0.680501685485468
"scapulothoracic","frontal plane elevation",3,10,"reduced","varcov 7",50.7321540288026,0.766005997880821
"scapulothoracic","frontal plane elevation",3,10,"reduced","varcov 8",57.225606226655,0.823819141594137
"scapulothoracic","frontal plane elevation",3,10,"reduced","varcov 9",104.459172750399,1.30446369571385
"scapulothoracic","frontal plane elevation",3,10,"reduced","varcov 10",113.788270882669,1.21229900017667
"scapulothoracic","frontal plane elevation",3,10,"reduced","varcov 11",63.7765006797209,1.02994813322739
"scapulothoracic","frontal plane elevation",3,10,"reduced","stderr",-0.175410607995914,0.00231086827584465
"glenohumeral","frontal plane elevation",3,9,"full","intercept",-47.3057545907959,7.81414783785365
"glenohumeral","frontal plane elevation",3,9,"full","ns1",0.615988115795647,4.04266104470331
"glenohumeral","frontal plane elevation",3,9,"full","ns2",0.71026384717202,4.78124712785968
"glenohumeral","frontal plane elevation",3,9,"full","ns3",0.542510663910733,5.3986167389666
"glenohumeral","frontal plane elevation",3,9,"full","ns4",2.21251801120919,5.75217379072131
"glenohumeral","frontal plane elevation",3,9,"full","ns5",3.18860009463302,5.92314655428141
"glenohumeral","frontal plane elevation",3,9,"full","ns6",3.01562506492104,6.27721716985394
"glenohumeral","frontal plane elevation",3,9,"full","ns7",2.62172241669514,6.21338927545025
"glenohumeral","frontal plane elevation",3,9,"full","ns8",6.16419846054915,8.04459384673925
"glenohumeral","frontal plane elevation",3,9,"full","ns9",7.94022613255917,5.62666782551556
"glenohumeral","frontal plane elevation",3,9,"full","condex vivo",74.4129083225451,14.2661775877144
"glenohumeral","frontal plane elevation",3,9,"full","ns1:condex vivo",-10.8679717028453,7.27340821741364
"glenohumeral","frontal plane elevation",3,9,"full","ns2:condex vivo",-14.0658055741881,8.93390117528195
"glenohumeral","frontal plane elevation",3,9,"full","ns3:condex vivo",-14.285256383358,9.48941796979106
"glenohumeral","frontal plane elevation",3,9,"full","ns4:condex vivo",-17.5722677745836,10.5278356232931
"glenohumeral","frontal plane elevation",3,9,"full","ns5:condex vivo",-20.8525240691008,10.86519494683
"glenohumeral","frontal plane elevation",3,9,"full","ns6:condex vivo",-21.620696103848,11.4898778617197
"glenohumeral","frontal plane elevation",3,9,"full","ns7:condex vivo",-16.6047434750112,11.1895712914046
"glenohumeral","frontal plane elevation",3,9,"full","ns8:condex vivo",-43.1904941056779,15.9479084286936
"glenohumeral","frontal plane elevation",3,9,"full","ns9:condex vivo",-45.0290393813034,13.7837384827853
"glenohumeral","frontal plane elevation",3,9,"full","varcov 1",1404.20981186119,4.61566903587889
"glenohumeral","frontal plane elevation",3,9,"full","varcov 2",346.267553999579,2.30310003450815
"glenohumeral","frontal plane elevation",3,9,"full","varcov 3",547.823597218479,2.88985587824911
"glenohumeral","frontal plane elevation",3,9,"full","varcov 4",590.543842064568,2.9992936156907
"glenohumeral","frontal plane elevation",3,9,"full","varcov 5",757.217493994891,3.39406030376272
"glenohumeral","frontal plane elevation",3,9,"full","varcov 6",809.150346663963,3.50864464562552
"glenohumeral","frontal plane elevation",3,9,"full","varcov 7",905.525331774889,3.71169392313086
"glenohumeral","frontal plane elevation",3,9,"full","varcov 8",853.894825983961,3.65927024713265
"glenohumeral","frontal plane elevation",3,9,"full","varcov 9",1448.05144168744,4.8695900021846
"glenohumeral","frontal plane elevation",3,9,"full","varcov 10",643.045619167851,3.67609185638486
"glenohumeral","frontal plane elevation",3,9,"full","stderr",0.515173706179915,0.00787888627546513
"glenohumeral","frontal plane elevation",3,9,"reduced","intercept",-25.6790362338464,8.68420368418306
"glenohumeral","frontal plane elevation",3,9,"reduced","ns1",-1.76156401828311,3.36073288688443
"glenohumeral","frontal plane elevation",3,9,"reduced","ns2",-2.62476538388554,4.22901842754601
"glenohumeral","frontal plane elevation",3,9,"reduced","ns3",-2.86862202605923,4.37656655067928
"glenohumeral","frontal plane elevation",3,9,"reduced","ns4",-2.18324762323087,5.02061948021566
"glenohumeral","frontal plane elevation",3,9,"reduced","ns5",-2.21954699370935,5.23678815804327
"glenohumeral","frontal plane elevation",3,9,"reduced","ns6",-2.58777155311075,5.50970963730005
"glenohumeral","frontal plane elevation",3,9,"reduced","ns7",-2.04321642756194,5.27009628804302
"glenohumeral","frontal plane elevation",3,9,"reduced","ns8",-0.954599123832037,6.5449682126833
"glenohumeral","frontal plane elevation",3,9,"reduced","ns9",1.58680678475185,5.94150920481076
"glenohumeral","frontal plane elevation",3,9,"reduced","varcov 1",2482.82576117814,6.14726586263926
"glenohumeral","frontal plane elevation",3,9,"reduced","varcov 2",372.827038510247,2.39004561255307
"glenohumeral","frontal plane elevation",3,9,"reduced","varcov 3",584.779961005129,2.98362224472192
"glenohumeral","frontal plane elevation",3,9,"reduced","varcov 4",626.192932544495,3.08718037973832
"glenohumeral","frontal plane elevation",3,9,"reduced","varcov 5",810.047219622469,3.50822743285158
"glenohumeral","frontal plane elevation",3,9,"reduced","varcov 6",885.387037289307,3.66817658562719
"glenohumeral","frontal plane elevation",3,9,"reduced","varcov 7",993.49067973921,3.88502700036714
"glenohumeral","frontal plane elevation",3,9,"reduced","varcov 8",901.394959275255,3.75819605782677
"glenohumeral","frontal plane elevation",3,9,"reduced","varcov 9",1747.30099961121,5.31268411038659
"glenohumeral","frontal plane elevation",3,9,"reduced","varcov 10",886.514169838789,4.21916666589893
"glenohumeral","frontal plane elevation",3,9,"reduced","stderr",-0.514847762299525,0.00786491337983161
"sternoclavicular","scapular plane elevation",3,3,"full","intercept",2.09503280861176,2.30206163323636
"sternoclavicular","scapular plane elevation",3,3,"full","ns1",12.9940136862706,1.05401220586334
"sternoclavicular","scapular plane elevation",3,3,"full","ns2",29.8644704538917,1.71541343493515
"sternoclavicular","scapular plane elevation",3,3,"full","ns3",21.9818512809481,0.86207149803345
"sternoclavicular","scapular plane elevation",3,3,"full","varcov 1",137.556566770569,1.62884027110335
"sternoclavicular","scapular plane elevation",3,3,"full","varcov 2",28.7658746000508,0.746657613398899
"sternoclavicular","scapular plane elevation",3,3,"full","varcov 3",75.4761011208954,1.22102060073961
"sternoclavicular","scapular plane elevation",3,3,"full","varcov 4",19.1633596710978,0.614188237916919
"sternoclavicular","scapular plane elevation",3,3,"full","stderr",0.221521742759695,0.0118342209253335
"scapulothoracic","scapular plane elevation",3,11,"full","intercept",-5.2965204339215,1.16187649577298
"scapulothoracic","scapular plane elevation",3,11,"full","ns1",3.89224928276204,0.470191651812338
"scapulothoracic","scapular plane elevation",3,11,"full","ns2",6.35540587039088,0.443367381201065
"scapulothoracic","scapular plane elevation",3,11,"full","ns3",8.04101117979067,0.428757510551581
"scapulothoracic","scapular plane elevation",3,11,"full","ns4",10.1621353700735,0.50619494608024
"scapulothoracic","scapular plane elevation",3,11,"full","ns5",11.777361874521,0.619072807462311
"scapulothoracic","scapular plane elevation",3,11,"full","ns6",13.8262227026656,0.773068926711862
"scapulothoracic","scapular plane elevation",3,11,"full","ns7",15.2708298386204,0.934360364714545
"scapulothoracic","scapular plane elevation",3,11,"full","ns8",17.288948497201,1.20861923182739
"scapulothoracic","scapular plane elevation",3,11,"full","ns9",18.0994299995381,2.42315833973138
"scapulothoracic","scapular plane elevation",3,11,"full","ns10",26.6243377282534,1.40264025963671
"scapulothoracic","scapular plane elevation",3,11,"full","ns11",25.7269043579867,1.78564728888921
"scapulothoracic","scapular plane elevation",3,11,"full","varcov 1",66.3061486326802,0.818285281852867
"scapulothoracic","scapular plane elevation",3,11,"full","varcov 2",6.41183632131738,0.357744273335608
"scapulothoracic","scapular plane elevation",3,11,"full","varcov 3",6.21150421555056,0.303254090501181
"scapulothoracic","scapular plane elevation",3,11,"full","varcov 4",6.69157636596427,0.273792032223816
"scapulothoracic","scapular plane elevation",3,11,"full","varcov 5",9.91889290260952,0.32749864244546
"scapulothoracic","scapular plane elevation",3,11,"full","varcov 6",16.626120675612,0.422894325964711
"scapulothoracic","scapular plane elevation",3,11,"full","varcov 7",26.5706407491337,0.537115604213108
"scapulothoracic","scapular plane elevation",3,11,"full","varcov 8",40.9152181261896,0.662740201025441
"scapulothoracic","scapular plane elevation",3,11,"full","varcov 9",67.3096199397842,0.85942370918963
"scapulothoracic","scapular plane elevation",3,11,"full","varcov 10",156.042563772354,1.65682736185222
"scapulothoracic","scapular plane elevation",3,11,"full","varcov 11",46.5983788069692,0.878022056169703
"scapulothoracic","scapular plane elevation",3,11,"full","varcov 12",57.5428938134882,1.13825613624649
"scapulothoracic","scapular plane elevation",3,11,"full","stderr",0.202926712108703,0.00338338283336723
"glenohumeral","scapular plane elevation",3,14,"full","intercept",-91.8821164166968,7.34623529719931
"glenohumeral","scapular plane elevation",3,14,"full","ns1",23.4413735148951,6.07269638952574
"glenohumeral","scapular plane elevation",3,14,"full","ns2",33.3089030401646,6.47865841590151
"glenohumeral","scapular plane elevation",3,14,"full","ns3",37.6351074676934,6.87519957245637
"glenohumeral","scapular plane elevation",3,14,"full","ns4",39.765360551825,7.15584762888409
"glenohumeral","scapular plane elevation",3,14,"full","ns5",42.631111845891,7.24424385215651
"glenohumeral","scapular plane elevation",3,14,"full","ns6",43.5586688697674,7.10108841928602
"glenohumeral","scapular plane elevation",3,14,"full","ns7",45.2814329619876,7.21376155032191
"glenohumeral","scapular plane elevation",3,14,"full","ns8",44.8308998640189,7.12811400694401
"glenohumeral","scapular plane elevation",3,14,"full","ns9",44.7723553467801,7.16615097502729
"glenohumeral","scapular plane elevation",3,14,"full","ns10",42.6325456980671,7.43229911919425
"glenohumeral","scapular plane elevation",3,14,"full","ns11",43.614360596332,7.55346461593667
"glenohumeral","scapular plane elevation",3,14,"full","ns12",34.6074402228294,7.69659583366453
"glenohumeral","scapular plane elevation",3,14,"full","ns13",53.101751877434,11.5720204951932
"glenohumeral","scapular plane elevation",3,14,"full","ns14",40.5897224217095,9.67576275755167
"glenohumeral","scapular plane elevation",3,14,"full","varcov 1",1096.7804776079,5.27468842547024
"glenohumeral","scapular plane elevation",3,14,"full","varcov 2",738.421814651431,4.34395016525193
"glenohumeral","scapular plane elevation",3,14,"full","varcov 3",843.058395268875,4.60845065011285
"glenohumeral","scapular plane elevation",3,14,"full","varcov 4",956.089987799337,4.89020156821869
"glenohumeral","scapular plane elevation",3,14,"full","varcov 5",1037.89961652619,5.08952642328694
"glenohumeral","scapular plane elevation",3,14,"full","varcov 6",1065.13143248786,5.14865204479207
"glenohumeral","scapular plane elevation",3,14,"full","varcov 7",1021.72451464036,5.06813256778785
"glenohumeral","scapular plane elevation",3,14,"full","varcov 8",1055.76430670637,5.13784658387613
"glenohumeral","scapular plane elevation",3,14,"full","varcov 9",1029.59921467435,5.08530169317461
"glenohumeral","scapular plane elevation",3,14,"full","varcov 10",1039.6349934016,5.11782428947578
"glenohumeral","scapular plane elevation",3,14,"full","varcov 11",1074.02498232759,5.3251383804326
"glenohumeral","scapular plane elevation",3,14,"full","varcov 12",1108.10091208874,5.42699497322909
"glenohumeral","scapular plane elevation",3,14,"full","varcov 13",1087.77605227263,5.50452135797656
"glenohumeral","scapular plane elevation",3,14,"full","varcov 14",2270.94470381915,8.28267735754257
"glenohumeral","scapular plane elevation",3,14,"full","varcov 15",1075.52455425893,6.72925165875097
"glenohumeral","scapular plane elevation",3,14,"full","stderr",0.82517818543427,0.0148941289519066
"sternoclavicular","sagittal plane elevation",3,8,"full","intercept",1.51338910177343,6.18016762154149
"sternoclavicular","sagittal plane elevation",3,8,"full","ns1",3.53094992808407,0.766855462843152
"sternoclavicular","sagittal plane elevation",3,8,"full","ns2",7.50841796213969,0.951862195767787
"sternoclavicular","sagittal plane elevation",3,8,"full","ns3",10.0272722411645,1.15470233787674
"sternoclavicular","sagittal plane elevation",3,8,"full","ns4",14.9066538763014,1.40862440245921
"sternoclavicular","sagittal plane elevation",3,8,"full","ns5",17.1200256808253,2.27082957575336
"sternoclavicular","sagittal plane elevation",3,8,"full","ns6",20.8346425450045,2.84146903102007
"sternoclavicular","sagittal plane elevation",3,8,"full","ns7",26.1752511950813,2.96913885154732
"sternoclavicular","sagittal plane elevation",3,8,"full","ns8",26.0656699003978,3.37944019050722
"sternoclavicular","sagittal plane elevation",3,8,"full","condex vivo",-4.92115958839091,6.91916093775421
"sternoclavicular","sagittal plane elevation",3,8,"full","ns1:condex vivo",-2.4609225745811,0.862488449213552
"sternoclavicular","sagittal plane elevation",3,8,"full","ns2:condex vivo",-6.07804962679414,1.06581317917197
"sternoclavicular","sagittal plane elevation",3,8,"full","ns3:condex vivo",-7.7869707015268,1.28893157034883
"sternoclavicular","sagittal plane elevation",3,8,"full","ns4:condex vivo",-11.3817429957537,1.56934826854855
"sternoclavicular","sagittal plane elevation",3,8,"full","ns5:condex vivo",-9.89983270855012,2.52328179453121
"sternoclavicular","sagittal plane elevation",3,8,"full","ns6:condex vivo",-9.95533464295462,3.15376256479197
"sternoclavicular","sagittal plane elevation",3,8,"full","ns7:condex vivo",-12.1230165824107,3.29311285320589
"sternoclavicular","sagittal plane elevation",3,8,"full","ns8:condex vivo",-12.0973151155733,3.72697367589082
"sternoclavicular","sagittal plane elevation",3,8,"full","varcov 1",120.798008546468,1.95111952542551
"sternoclavicular","sagittal plane elevation",3,8,"full","varcov 2",1.62255237174924,0.251623289330427
"sternoclavicular","sagittal plane elevation",3,8,"full","varcov 3",2.51062678772598,0.292955488283038
"sternoclavicular","sagittal plane elevation",3,8,"full","varcov 4",3.82704099435365,0.352311538524584
"sternoclavicular","sagittal plane elevation",3,8,"full","varcov 5",5.76130262112726,0.431629905926801
"sternoclavicular","sagittal plane elevation",3,8,"full","varcov 6",15.2875357489428,0.700751848146526
"sternoclavicular","sagittal plane elevation",3,8,"full","varcov 7",24.1181367927703,0.875828515474693
"sternoclavicular","sagittal plane elevation",3,8,"full","varcov 8",24.651193822452,0.923563568464329
"sternoclavicular","sagittal plane elevation",3,8,"full","varcov 9",32.0531954684009,1.00715391012495
"sternoclavicular","sagittal plane elevation",3,8,"full","stderr",0.136841129934685,0.00303983457572387
"sternoclavicular","sagittal plane elevation",3,8,"reduced","intercept",-2.63521071145813,2.83726577120854
"sternoclavicular","sagittal plane elevation",3,8,"reduced","ns1",1.68463679236449,0.407915841412235
"sternoclavicular","sagittal plane elevation",3,8,"reduced","ns2",2.71889415877663,0.690257923574699
"sternoclavicular","sagittal plane elevation",3,8,"reduced","ns3",3.85043975445108,0.86138206910461
"sternoclavicular","sagittal plane elevation",3,8,"reduced","ns4",5.80988770296219,1.21419861170035
"sternoclavicular","sagittal plane elevation",3,8,"reduced","ns5",9.2237636376437,1.34184248708077
"sternoclavicular","sagittal plane elevation",3,8,"reduced","ns6",12.8676451046797,1.55007322002091
"sternoclavicular","sagittal plane elevation",3,8,"reduced","ns7",16.5156304400977,1.63859914342177
"sternoclavicular","sagittal plane elevation",3,8,"reduced","ns8",16.1737162084111,1.79287166936558
"sternoclavicular","sagittal plane elevation",3,8,"reduced","varcov 1",128.675252668069,2.01549940305568
"sternoclavicular","sagittal plane elevation",3,8,"reduced","varcov 2",2.16295060527383,0.289568505954798
"sternoclavicular","sagittal plane elevation",3,8,"reduced","varcov 3",7.0322809491595,0.479336474696539
"sternoclavicular","sagittal plane elevation",3,8,"reduced","varcov 4",11.3286484325164,0.605690255636494
"sternoclavicular","sagittal plane elevation",3,8,"reduced","varcov 5",23.0172676219728,0.856330233834934
"sternoclavicular","sagittal plane elevation",3,8,"reduced","varcov 6",28.2598048496335,0.949320953515771
"sternoclavicular","sagittal plane elevation",3,8,"reduced","varcov 7",38.1586764799802,1.10058749809458
"sternoclavicular","sagittal plane elevation",3,8,"reduced","varcov 8",40.5900347956142,1.1795783765994
"sternoclavicular","sagittal plane elevation",3,8,"reduced","varcov 9",50.9089999803973,1.28731687783406
"sternoclavicular","sagittal plane elevation",3,8,"reduced","stderr",-0.137243974613853,0.00305970614543607
"acromioclavicular","sagittal plane elevation",3,8,"full","intercept",1.6053144705038,3.82670673228092
"acromioclavicular","sagittal plane elevation",3,8,"full","ns1",3.63801110806564,1.4483401009659
"acromioclavicular","sagittal plane elevation",3,8,"full","ns2",4.89519108526392,1.34030375456559
"acromioclavicular","sagittal plane elevation",3,8,"full","ns3",6.46549421445101,1.09887742660429
"acromioclavicular","sagittal plane elevation",3,8,"full","ns4",9.42277967866299,1.95258167023923
"acromioclavicular","sagittal plane elevation",3,8,"full","ns5",11.0865755022,1.88815199033793
"acromioclavicular","sagittal plane elevation",3,8,"full","ns6",12.2116425789702,2.17895103411817
"acromioclavicular","sagittal plane elevation",3,8,"full","ns7",17.4660734166286,3.15509081202048
"acromioclavicular","sagittal plane elevation",3,8,"full","ns8",14.2145040860785,2.49099484852965
"acromioclavicular","sagittal plane elevation",3,8,"full","condex vivo",2.76378066201283,4.36973045651432
"acromioclavicular","sagittal plane elevation",3,8,"full","ns1:condex vivo",0.632927090805515,1.6670826484432
"acromioclavicular","sagittal plane elevation",3,8,"full","ns2:condex vivo",-0.0127021981692243,1.39226149060586
"acromioclavicular","sagittal plane elevation",3,8,"full","ns3:condex vivo",-0.845592650317821,1.27562131702233
"acromioclavicular","sagittal plane elevation",3,8,"full","ns4:condex vivo",-1.02064768615363,2.23806003154586
"acromioclavicular","sagittal plane elevation",3,8,"full","ns5:condex vivo",0.45044573527893,2.17309952319246
"acromioclavicular","sagittal plane elevation",3,8,"full","ns6:condex vivo",1.27807159913267,2.48981933707067
"acromioclavicular","sagittal plane elevation",3,8,"full","ns7:condex vivo",2.38932315272085,3.61657960336951
"acromioclavicular","sagittal plane elevation",3,8,"full","ns8:condex vivo",-0.274169101872404,2.79382691355722
"acromioclavicular","sagittal plane elevation",3,8,"full","varcov 1",43.7272967417356,1.31017048973961
"acromioclavicular","sagittal plane elevation",3,8,"full","varcov 2",6.08069264678393,0.517931831952566
"acromioclavicular","sagittal plane elevation",3,8,"full","varcov 3",8.2539781483974,0.598298781981558
"acromioclavicular","sagittal plane elevation",3,8,"full","varcov 4",3.36623442376046,0.401344386003691
"acromioclavicular","sagittal plane elevation",3,8,"full","varcov 5",11.1650735990299,0.694100806068662
"acromioclavicular","sagittal plane elevation",3,8,"full","varcov 6",10.2803522754518,0.667850612767605
"acromioclavicular","sagittal plane elevation",3,8,"full","varcov 7",14.1062949221297,0.755583760865012
"acromioclavicular","sagittal plane elevation",3,8,"full","varcov 8",27.0228491586584,1.12080636828101
"acromioclavicular","sagittal plane elevation",3,8,"full","varcov 9",15.4572315914949,0.833733010539989
"acromioclavicular","sagittal plane elevation",3,8,"full","stderr",0.151855113343642,0.00368956828905703
"acromioclavicular","sagittal plane elevation",3,8,"reduced","intercept",3.70951027744096,1.88601814285722
"acromioclavicular","sagittal plane elevation",3,8,"reduced","ns1",4.13366339070503,0.726001461873983
"acromioclavicular","sagittal plane elevation",3,8,"reduced","ns2",4.90276984250757,0.837653125106197
"acromioclavicular","sagittal plane elevation",3,8,"reduced","ns3",5.8241021775894,0.57016748772455
"acromioclavicular","sagittal plane elevation",3,8,"reduced","ns4",8.64706963425921,0.969548730754605
"acromioclavicular","sagittal plane elevation",3,8,"reduced","ns5",11.4425109565782,0.926105607743632
"acromioclavicular","sagittal plane elevation",3,8,"reduced","ns6",13.200326011676,1.06944784872683
"acromioclavicular","sagittal plane elevation",3,8,"reduced","ns7",19.3354016009373,1.5593523220207
"acromioclavicular","sagittal plane elevation",3,8,"reduced","ns8",14.0232823625482,1.12186657168514
"acromioclavicular","sagittal plane elevation",3,8,"reduced","varcov 1",45.5838969683384,1.33894623174953
"acromioclavicular","sagittal plane elevation",3,8,"reduced","varcov 2",6.24834511850031,0.523803785460751
"acromioclavicular","sagittal plane elevation",3,8,"reduced","varcov 3",8.39008722684565,0.600733286160534
"acromioclavicular","sagittal plane elevation",3,8,"reduced","varcov 4",3.56705207158605,0.406282369178397
"acromioclavicular","sagittal plane elevation",3,8,"reduced","varcov 5",11.520976228534,0.702487985852622
"acromioclavicular","sagittal plane elevation",3,8,"reduced","varcov 6",10.4725050427017,0.673508877266921
"acromioclavicular","sagittal plane elevation",3,8,"reduced","varcov 7",14.5242285024529,0.766016950494738
"acromioclavicular","sagittal plane elevation",3,8,"reduced","varcov 8",28.6286980299611,1.14905234427429
"acromioclavicular","sagittal plane elevation",3,8,"reduced","varcov 9",15.6818060832336,0.838213936180608
"acromioclavicular","sagittal plane elevation",3,8,"reduced","stderr",0.151726602797857,0.0036757615247351
"scapulothoracic","sagittal plane elevation",3,11,"full","intercept",-12.1033474303035,1.26525204729139
"scapulothoracic","sagittal plane elevation",3,11,"full","ns1",4.71686422459284,0.45411265263395
"scapulothoracic","sagittal plane elevation",3,11,"full","ns2",6.57892193396799,0.55898020635332
"scapulothoracic","sagittal plane elevation",3,11,"full","ns3",8.48917796498002,0.652849662631899
"scapulothoracic","sagittal plane elevation",3,11,"full","ns4",10.6809997423639,0.785987581187381
"scapulothoracic","sagittal plane elevation",3,11,"full","ns5",12.7336709450433,0.832059707537697
"scapulothoracic","sagittal plane elevation",3,11,"full","ns6",14.7240613252656,1.01355337597564
"scapulothoracic","sagittal plane elevation",3,11,"full","ns7",16.9333139331005,1.17449787607546
"scapulothoracic","sagittal plane elevation",3,11,"full","ns8",19.3505980644502,1.41875341500383
"scapulothoracic","sagittal plane elevation",3,11,"full","ns9",21.9321849778978,1.77579654859499
"scapulothoracic","sagittal plane elevation",3,11,"full","ns10",27.0364399224791,1.87437782676758
"scapulothoracic","sagittal plane elevation",3,11,"full","ns11",23.5827633393269,1.91585877595124
"scapulothoracic","sagittal plane elevation",3,11,"full","condex vivo",5.24100083697754,2.20242670417115
"scapulothoracic","sagittal plane elevation",3,11,"full","ns1:condex vivo",-2.17088002420792,0.877934108325093
"scapulothoracic","sagittal plane elevation",3,11,"full","ns2:condex vivo",-3.66358839873809,1.0422680999328
"scapulothoracic","sagittal plane elevation",3,11,"full","ns3:condex vivo",-5.00297299279347,1.18998508789547
"scapulothoracic","sagittal plane elevation",3,11,"full","ns4:condex vivo",-5.75702698672661,1.40631624622985
"scapulothoracic","sagittal plane elevation",3,11,"full","ns5:condex vivo",-6.07265664730166,1.48141612613374
"scapulothoracic","sagittal plane elevation",3,11,"full","ns6:condex vivo",-6.71508942564471,1.78189029344586
"scapulothoracic","sagittal plane elevation",3,11,"full","ns7:condex vivo",-7.89694897159961,2.04980787878981
"scapulothoracic","sagittal plane elevation",3,11,"full","ns8:condex vivo",-9.87844872077657,2.43675116816301
"scapulothoracic","sagittal plane elevation",3,11,"full","ns9:condex vivo",-11.0870937981284,3.23750286034529
"scapulothoracic","sagittal plane elevation",3,11,"full","ns10:condex vivo",-15.1498551779524,4.13642077778318
"scapulothoracic","sagittal plane elevation",3,11,"full","ns11:condex vivo",-13.7737226097196,4.93092988174092
"scapulothoracic","sagittal plane elevation",3,11,"full","varcov 1",39.7527845974903,0.730511271538748
"scapulothoracic","sagittal plane elevation",3,11,"full","varcov 2",4.88501158872882,0.271575743131855
"scapulothoracic","sagittal plane elevation",3,11,"full","varcov 3",7.49769965519822,0.323488126123107
"scapulothoracic","sagittal plane elevation",3,11,"full","varcov 4",10.3669139824446,0.374364910131071
"scapulothoracic","sagittal plane elevation",3,11,"full","varcov 5",15.1421234677492,0.450899249573789
"scapulothoracic","sagittal plane elevation",3,11,"full","varcov 6",17.013818335488,0.478002914822838
"scapulothoracic","sagittal plane elevation",3,11,"full","varcov 7",25.3818245727826,0.584019802617476
"scapulothoracic","sagittal plane elevation",3,11,"full","varcov 8",34.1292508500677,0.678057776135859
"scapulothoracic","sagittal plane elevation",3,11,"full","varcov 9",47.9092781004805,0.815497714726641
"scapulothoracic","sagittal plane elevation",3,11,"full","varcov 10",69.4097552179713,1.08832589515789
"scapulothoracic","sagittal plane elevation",3,11,"full","varcov 11",81.3622250890948,1.09918036517998
"scapulothoracic","sagittal plane elevation",3,11,"full","varcov 12",80.8180485201356,1.23139367092983
"scapulothoracic","sagittal plane elevation",3,11,"full","stderr",-0.162705052359314,0.00227160069932259
"scapulothoracic","sagittal plane elevation",3,11,"reduced","intercept",-11.0912667691477,1.11438743791727
"scapulothoracic","sagittal plane elevation",3,11,"reduced","ns1",4.74804393299081,0.467272007913065
"scapulothoracic","sagittal plane elevation",3,11,"reduced","ns2",6.10980545287101,0.54169061037219
"scapulothoracic","sagittal plane elevation",3,11,"reduced","ns3",7.55676841963631,0.622912228818629
"scapulothoracic","sagittal plane elevation",3,11,"reduced","ns4",9.49267397246512,0.732924581541683
"scapulothoracic","sagittal plane elevation",3,11,"reduced","ns5",11.4380472153732,0.765890564749871
"scapulothoracic","sagittal plane elevation",3,11,"reduced","ns6",13.2049730506783,0.906450175778449
"scapulothoracic","sagittal plane elevation",3,11,"reduced","ns7",15.0169558264806,1.06714745437277
"scapulothoracic","sagittal plane elevation",3,11,"reduced","ns8",16.6654063471265,1.29734611013019
"scapulothoracic","sagittal plane elevation",3,11,"reduced","ns9",19.01056072859,1.68966043935617
"scapulothoracic","sagittal plane elevation",3,11,"reduced","ns10",25.3682060634019,1.74405844870749
"scapulothoracic","sagittal plane elevation",3,11,"reduced","ns11",22.0651259053615,1.93890847984896
"scapulothoracic","sagittal plane elevation",3,11,"reduced","varcov 1",46.2419288077014,0.787289401799462
"scapulothoracic","sagittal plane elevation",3,11,"reduced","varcov 2",7.35732866818422,0.343852005278757
"scapulothoracic","sagittal plane elevation",3,11,"reduced","varcov 3",10.1511675268831,0.378163341389164
"scapulothoracic","sagittal plane elevation",3,11,"reduced","varcov 4",13.7808600944378,0.430680409042605
"scapulothoracic","sagittal plane elevation",3,11,"reduced","varcov 5",19.4285526389997,0.510106332490529
"scapulothoracic","sagittal plane elevation",3,11,"reduced","varcov 6",21.3183381846372,0.534500738105511
"scapulothoracic","sagittal plane elevation",3,11,"reduced","varcov 7",30.2372371869944,0.637506402364629
"scapulothoracic","sagittal plane elevation",3,11,"reduced","varcov 8",42.245271376568,0.753205695252105
"scapulothoracic","sagittal plane elevation",3,11,"reduced","varcov 9",61.0011104051722,0.917718085566903
"scapulothoracic","sagittal plane elevation",3,11,"reduced","varcov 10",90.9583933501946,1.21397229272572
"scapulothoracic","sagittal plane elevation",3,11,"reduced","varcov 11",94.220682237525,1.17667050312981
"scapulothoracic","sagittal plane elevation",3,11,"reduced","varcov 12",102.925813938727,1.35085763267149
"scapulothoracic","sagittal plane elevation",3,11,"reduced","stderr",0.162026858509253,0.00226016385708043
"glenohumeral","sagittal plane elevation",3,9,"full","intercept",-67.3158327449703,7.93569079765538
"glenohumeral","sagittal plane elevation",3,9,"full","ns1",5.3496374135327,5.7905570594712
"glenohumeral","sagittal plane elevation",3,9,"full","ns2",7.44357797971945,5.87175334806321
"glenohumeral","sagittal plane elevation",3,9,"full","ns3",10.1468323379649,5.89031504070662
"glenohumeral","sagittal plane elevation",3,9,"full","ns4",11.4633397799995,6.17592933145094
"glenohumeral","sagittal plane elevation",3,9,"full","ns5",12.8335864967298,6.53704806689679
"glenohumeral","sagittal plane elevation",3,9,"full","ns6",15.81184415526,6.55934075274159
"glenohumeral","sagittal plane elevation",3,9,"full","ns7",15.2108924836907,6.20398357048661
"glenohumeral","sagittal plane elevation",3,9,"full","ns8",18.9882008628351,11.6109333297457
"glenohumeral","sagittal plane elevation",3,9,"full","ns9",11.7368080778238,5.54648259602413
"glenohumeral","sagittal plane elevation",3,9,"full","condex vivo",164.243988308862,14.776314184601
"glenohumeral","sagittal plane elevation",3,9,"full","ns1:condex vivo",-101.753807695715,10.8530099954673
"glenohumeral","sagittal plane elevation",3,9,"full","ns2:condex vivo",-111.645019797092,11.0295294392572
"glenohumeral","sagittal plane elevation",3,9,"full","ns3:condex vivo",-114.885670054288,11.0460962826921
"glenohumeral","sagittal plane elevation",3,9,"full","ns4:condex vivo",-121.565540845514,11.5735373828507
"glenohumeral","sagittal plane elevation",3,9,"full","ns5:condex vivo",-126.222790746979,12.2238508337356
"glenohumeral","sagittal plane elevation",3,9,"full","ns6:condex vivo",-133.75575518623,12.2463187686572
"glenohumeral","sagittal plane elevation",3,9,"full","ns7:condex vivo",-115.771780620827,11.4990991275162
"glenohumeral","sagittal plane elevation",3,9,"full","ns8:condex vivo",-198.5453097277,22.3634004286763
"glenohumeral","sagittal plane elevation",3,9,"full","ns9:condex vivo",-79.7303107940764,13.0837059120049
"glenohumeral","sagittal plane elevation",3,9,"full","varcov 1",1501.27219961957,4.7445880563297
"glenohumeral","sagittal plane elevation",3,9,"full","varcov 2",794.847360126132,3.48737281837467
"glenohumeral","sagittal plane elevation",3,9,"full","varcov 3",815.615965961325,3.53923699575803
"glenohumeral","sagittal plane elevation",3,9,"full","varcov 4",821.840040082128,3.54206224616382
"glenohumeral","sagittal plane elevation",3,9,"full","varcov 5",904.036168769753,3.70821424634921
"glenohumeral","sagittal plane elevation",3,9,"full","varcov 6",1014.56857424952,3.9171489523292
"glenohumeral","sagittal plane elevation",3,9,"full","varcov 7",1015.06693403464,3.91941219794148
"glenohumeral","sagittal plane elevation",3,9,"full","varcov 8",864.070337473573,3.82223322106303
"glenohumeral","sagittal plane elevation",3,9,"full","varcov 9",3152.43740949734,7.3647181408867
"glenohumeral","sagittal plane elevation",3,9,"full","varcov 10",649.986516659799,3.91575126361175
"glenohumeral","sagittal plane elevation",3,9,"full","stderr",1.07401370044043,0.0160353472045514
"glenohumeral","sagittal plane elevation",3,9,"reduced","intercept",-21.8663002902355,13.8675783291927
"glenohumeral","sagittal plane elevation",3,9,"reduced","ns1",-21.8098456921707,8.88292924208488
"glenohumeral","sagittal plane elevation",3,9,"reduced","ns2",-22.490268125937,9.63052913602084
"glenohumeral","sagittal plane elevation",3,9,"reduced","ns3",-20.814911678387,9.72546767183623
"glenohumeral","sagittal plane elevation",3,9,"reduced","ns4",-21.4079558047769,10.3051099334191
"glenohumeral","sagittal plane elevation",3,9,"reduced","ns5",-21.4672146636623,10.7380082192371
"glenohumeral","sagittal plane elevation",3,9,"reduced","ns6",-20.6159272005438,11.2416590580751
"glenohumeral","sagittal plane elevation",3,9,"reduced","ns7",-18.3277801008192,10.1326337753178
"glenohumeral","sagittal plane elevation",3,9,"reduced","ns8",-29.4146728871661,17.5823764770196
"glenohumeral","sagittal plane elevation",3,9,"reduced","ns9",-3.18722861589085,7.8865073969822
"glenohumeral","sagittal plane elevation",3,9,"reduced","varcov 1",6492.53167538428,9.83366554800693
"glenohumeral","sagittal plane elevation",3,9,"reduced","varcov 2",2638.09138110723,6.29534201422112
"glenohumeral","sagittal plane elevation",3,9,"reduced","varcov 3",3104.0222186694,6.83516068425566
"glenohumeral","sagittal plane elevation",3,9,"reduced","varcov 4",3169.25360517847,6.90195273997387
"glenohumeral","sagittal plane elevation",3,9,"reduced","varcov 5",3562.33424637498,7.31276014702927
"glenohumeral","sagittal plane elevation",3,9,"reduced","varcov 6",3873.24436443598,7.62000161441827
"glenohumeral","sagittal plane elevation",3,9,"reduced","varcov 7",4244.14531110917,7.97680952070641
"glenohumeral","sagittal plane elevation",3,9,"reduced","varcov 8",3333.18165629019,7.27562768487001
"glenohumeral","sagittal plane elevation",3,9,"reduced","varcov 9",10133.8188230276,12.8092434053322
"glenohumeral","sagittal plane elevation",3,9,"reduced","varcov 10",1624.42592969776,6.1095514954702
"glenohumeral","sagittal plane elevation",3,9,"reduced","stderr",-1.072360405379,0.0159471075389251
"sternoclavicular","horizontal flexion",3,18,"full","intercept",6.44536100175971,3.25425986858167
"sternoclavicular","horizontal flexion",3,18,"full","ns1",-1.51278075125777,1.57653408675211
"sternoclavicular","horizontal flexion",3,18,"full","ns2",-1.1633542329931,0.86139009500287
"sternoclavicular","horizontal flexion",3,18,"full","ns3",-2.35761255783456,0.569597741644522
"sternoclavicular","horizontal flexion",3,18,"full","ns4",-3.17558141787617,0.47044907898264
"sternoclavicular","horizontal flexion",3,18,"full","ns5",-3.73920340252694,0.358342485389192
"sternoclavicular","horizontal flexion",3,18,"full","ns6",-4.1554909789133,0.263807757348682
"sternoclavicular","horizontal flexion",3,18,"full","ns7",-4.18236213340274,0.195411280299364
"sternoclavicular","horizontal flexion",3,18,"full","ns8",-4.2492902711506,0.177069730278183
"sternoclavicular","horizontal flexion",3,18,"full","ns9",-4.14496939123158,0.126087689342734
"sternoclavicular","horizontal flexion",3,18,"full","ns10",-4.1313430936287,0.117936722799145
"sternoclavicular","horizontal flexion",3,18,"full","ns11",-4.04253083476965,0.149339839763773
"sternoclavicular","horizontal flexion",3,18,"full","ns12",-3.97156142382368,0.171107202604419
"sternoclavicular","horizontal flexion",3,18,"full","ns13",-3.91696702411512,0.255040554409936
"sternoclavicular","horizontal flexion",3,18,"full","ns14",-3.93696959709219,0.335066967493571
"sternoclavicular","horizontal flexion",3,18,"full","ns15",-3.96259867489121,0.510273409584755
"sternoclavicular","horizontal flexion",3,18,"full","ns16",-3.72279902288982,2.81404963058879
"sternoclavicular","horizontal flexion",3,18,"full","ns17",9.13662410049156,18.1974270721168
"sternoclavicular","horizontal flexion",3,18,"full","ns18",37.8689853326454,36.1337266071472
"sternoclavicular","horizontal flexion",3,18,"full","varcov 1",104.989534202757,2.36080566815731
"sternoclavicular","horizontal flexion",3,18,"full","varcov 2",18.5432253124205,1.19143783202057
"sternoclavicular","horizontal flexion",3,18,"full","varcov 3",6.38265309942324,0.60340937347385
"sternoclavicular","horizontal flexion",3,18,"full","varcov 4",2.80151020655727,0.395928368255078
"sternoclavicular","horizontal flexion",3,18,"full","varcov 5",1.87660965873875,0.3247461358739
"sternoclavicular","horizontal flexion",3,18,"full","varcov 6",1.042275126188,0.245494053560571
"sternoclavicular","horizontal flexion",3,18,"full","varcov 7",0.511845654037954,0.174337702159286
"sternoclavicular","horizontal flexion",3,18,"full","varcov 8",0.229769024758244,0.122849174967746
"sternoclavicular","horizontal flexion",3,18,"full","varcov 9",0.168691665417723,0.105626117191835
"sternoclavicular","horizontal flexion",3,18,"full","varcov 10",0.0290549776078068,0.0637490355011434
"sternoclavicular","horizontal flexion",3,18,"full","varcov 11",0.011650892266828,0.0632519945926484
"sternoclavicular","horizontal flexion",3,18,"full","varcov 12",0.0868084960136096,0.0860641708092983
"sternoclavicular","horizontal flexion",3,18,"full","varcov 13",0.149564294663297,0.102380438906544
"sternoclavicular","horizontal flexion",3,18,"full","varcov 14",0.471001712036123,0.170054728264036
"sternoclavicular","horizontal flexion",3,18,"full","varcov 15",0.892781040741466,0.227610926556827
"sternoclavicular","horizontal flexion",3,18,"full","varcov 16",1.97394886422044,0.399626503174149
"sternoclavicular","horizontal flexion",3,18,"full","varcov 17",35.7765457977989,3.03227031232451
"sternoclavicular","horizontal flexion",3,18,"full","varcov 18",1784.450934952,12.7881273109733
"sternoclavicular","horizontal flexion",3,18,"full","varcov 19",7682.38033457473,22.0001291860635
"sternoclavicular","horizontal flexion",3,18,"full","stderr",0.0544603853265688,0.0014270284360406
"acromioclavicular","horizontal flexion",3,14,"full","intercept",21.7495461938603,1.63615482805464
"acromioclavicular","horizontal flexion",3,14,"full","ns1",-7.98973341874719,0.379479651688887
"acromioclavicular","horizontal flexion",3,14,"full","ns2",-9.24728887131767,0.395059849702581
"acromioclavicular","horizontal flexion",3,14,"full","ns3",-10.1350843500179,0.596889113194962
"acromioclavicular","horizontal flexion",3,14,"full","ns4",-10.9361727401654,0.618639098283369
"acromioclavicular","horizontal flexion",3,14,"full","ns5",-11.307089303844,0.712949147574248
"acromioclavicular","horizontal flexion",3,14,"full","ns6",-11.6793389805448,0.775007300835071
"acromioclavicular","horizontal flexion",3,14,"full","ns7",-11.8152511498865,0.793625432328048
"acromioclavicular","horizontal flexion",3,14,"full","ns8",-11.8380635438248,0.796073665251704
"acromioclavicular","horizontal flexion",3,14,"full","ns9",-11.81684472734,0.800012279321571
"acromioclavicular","horizontal flexion",3,14,"full","ns10",-12.0378883289162,0.751153958942824
"acromioclavicular","horizontal flexion",3,14,"full","ns11",-11.5507037891345,0.763593323108739
"acromioclavicular","horizontal flexion",3,14,"full","ns12",-8.42029805014442,1.17290240311723
"acromioclavicular","horizontal flexion",3,14,"full","ns13",-14.6324906643025,0.794746454106972
"acromioclavicular","horizontal flexion",3,14,"full","ns14",-7.45460733558838,1.05943186078521
"acromioclavicular","horizontal flexion",3,14,"full","varcov 1",23.567756510339,1.15774632989605
"acromioclavicular","horizontal flexion",3,14,"full","varcov 2",0.74445421964738,0.292722464682739
"acromioclavicular","horizontal flexion",3,14,"full","varcov 3",0.854747613793102,0.299715986252452
"acromioclavicular","horizontal flexion",3,14,"full","varcov 4",2.68617068288518,0.416334481037059
"acromioclavicular","horizontal flexion",3,14,"full","varcov 5",2.90994673299149,0.418501532725181
"acromioclavicular","horizontal flexion",3,14,"full","varcov 6",4.04766901622843,0.485848365918786
"acromioclavicular","horizontal flexion",3,14,"full","varcov 7",4.87539275570777,0.532523072048341
"acromioclavicular","horizontal flexion",3,14,"full","varcov 8",5.14085005748794,0.548832342569396
"acromioclavicular","horizontal flexion",3,14,"full","varcov 9",5.17355953272396,0.552987366761953
"acromioclavicular","horizontal flexion",3,14,"full","varcov 10",5.23141195149629,0.553294891748369
"acromioclavicular","horizontal flexion",3,14,"full","varcov 11",4.54651915982252,0.514803103038132
"acromioclavicular","horizontal flexion",3,14,"full","varcov 12",4.71566618440708,0.524809273422119
"acromioclavicular","horizontal flexion",3,14,"full","varcov 13",11.0479069601876,0.818648046139047
"acromioclavicular","horizontal flexion",3,14,"full","varcov 14",1.45524400480016,0.771723266737832
"acromioclavicular","horizontal flexion",3,14,"full","varcov 15",5.49262493636945,0.87979121200931
"acromioclavicular","horizontal flexion",3,14,"full","stderr",-0.0723430857242415,0.0018852873676426
"scapulothoracic","horizontal flexion",3,8,"full","intercept",-9.40411462088131,1.98698198942429
"scapulothoracic","horizontal flexion",3,8,"full","ns1",-3.65976367392679,0.596166798461227
"scapulothoracic","horizontal flexion",3,8,"full","ns2",-4.91456207714365,0.661795343295904
"scapulothoracic","horizontal flexion",3,8,"full","ns3",-5.76214833261416,0.703859017793701
"scapulothoracic","horizontal flexion",3,8,"full","ns4",-6.94213360133096,0.763361674608298
"scapulothoracic","horizontal flexion",3,8,"full","ns5",-7.69465986745572,0.761534104894409
"scapulothoracic","horizontal flexion",3,8,"full","ns6",-8.14054828015411,0.973763299916048
"scapulothoracic","horizontal flexion",3,8,"full","ns7",-12.2643382016157,1.4748230060476
"scapulothoracic","horizontal flexion",3,8,"full","ns8",-7.73526580649605,1.50373048728315
"scapulothoracic","horizontal flexion",3,8,"full","condex vivo",13.0535237506639,2.60132145262381
"scapulothoracic","horizontal flexion",3,8,"full","ns1:condex vivo",-2.10082634954499,0.803418284067291
"scapulothoracic","horizontal flexion",3,8,"full","ns2:condex vivo",-1.80759764623775,0.88985312014845
"scapulothoracic","horizontal flexion",3,8,"full","ns3:condex vivo",-1.34963496227059,0.945615474044702
"scapulothoracic","horizontal flexion",3,8,"full","ns4:condex vivo",-0.439618866887058,1.02574223330925
"scapulothoracic","horizontal flexion",3,8,"full","ns5:condex vivo",-0.194365044752554,1.01376537420603
"scapulothoracic","horizontal flexion",3,8,"full","ns6:condex vivo",0.734115853922114,1.29108464362598
"scapulothoracic","horizontal flexion",3,8,"full","ns7:condex vivo",-0.460398641324375,2.02637595081288
"scapulothoracic","horizontal flexion",3,8,"full","ns8:condex vivo",0.592518154659687,2.11288435873639
"scapulothoracic","horizontal flexion",3,8,"full","varcov 1",27.4388153167158,0.905502730047898
"scapulothoracic","horizontal flexion",3,8,"full","varcov 2",2.3122629858883,0.291529603526986
"scapulothoracic","horizontal flexion",3,8,"full","varcov 3",2.84735969781582,0.32045420467279
"scapulothoracic","horizontal flexion",3,8,"full","varcov 4",3.27267956861795,0.33725898877394
"scapulothoracic","horizontal flexion",3,8,"full","varcov 5",3.85963260579255,0.365439654879709
"scapulothoracic","horizontal flexion",3,8,"full","varcov 6",3.93463262499367,0.367557461783088
"scapulothoracic","horizontal flexion",3,8,"full","varcov 7",6.54931207895764,0.452441088714157
"scapulothoracic","horizontal flexion",3,8,"full","varcov 8",14.2494258560857,0.745764574862825
"scapulothoracic","horizontal flexion",3,8,"full","varcov 9",15.2045904640668,0.806267527473181
"scapulothoracic","horizontal flexion",3,8,"full","stderr",-0.106374129606768,0.00224823335285279
"scapulothoracic","horizontal flexion",3,8,"reduced","intercept",-1.78372884218234,1.99256048393592
"scapulothoracic","horizontal flexion",3,8,"reduced","ns1",-4.78452728571195,0.486604876410618
"scapulothoracic","horizontal flexion",3,8,"reduced","ns2",-5.87528918118093,0.502774453528894
"scapulothoracic","horizontal flexion",3,8,"reduced","ns3",-6.46487072325536,0.505859445269969
"scapulothoracic","horizontal flexion",3,8,"reduced","ns4",-7.13294842559238,0.528565091771495
"scapulothoracic","horizontal flexion",3,8,"reduced","ns5",-7.74791559977446,0.533652822534904
"scapulothoracic","horizontal flexion",3,8,"reduced","ns6",-7.68124523927846,0.653401898781497
"scapulothoracic","horizontal flexion",3,8,"reduced","ns7",-12.4424624195094,1.0775760584881
"scapulothoracic","horizontal flexion",3,8,"reduced","ns8",-7.43809558997798,1.06561594890339
"scapulothoracic","horizontal flexion",3,8,"reduced","varcov 1",67.0414568839283,1.41361774967505
"scapulothoracic","horizontal flexion",3,8,"reduced","varcov 2",3.51678775276648,0.346009205725925
"scapulothoracic","horizontal flexion",3,8,"reduced","varcov 3",3.73114827626405,0.361245490741537
"scapulothoracic","horizontal flexion",3,8,"reduced","varcov 4",3.80355415906533,0.363316837504685
"scapulothoracic","horizontal flexion",3,8,"reduced","varcov 5",4.16815677231738,0.381717094056723
"scapulothoracic","horizontal flexion",3,8,"reduced","varcov 6",4.25954847621651,0.385098183213289
"scapulothoracic","horizontal flexion",3,8,"reduced","varcov 7",6.8321337989441,0.46236297377995
"scapulothoracic","horizontal flexion",3,8,"reduced","varcov 8",16.5421866435671,0.797427253134525
"scapulothoracic","horizontal flexion",3,8,"reduced","varcov 9",15.7527647739685,0.824519376766869
"scapulothoracic","horizontal flexion",3,8,"reduced","stderr",0.106000427950295,0.00223303753794965
"glenohumeral","horizontal flexion",3,11,"full","intercept",-17.2538445832114,3.38412699349292
"glenohumeral","horizontal flexion",3,11,"full","ns1",6.80114761812341,0.907245560388277
"glenohumeral","horizontal flexion",3,11,"full","ns2",9.45038439109926,0.841323786238358
"glenohumeral","horizontal flexion",3,11,"full","ns3",11.4661046933882,0.78790006807728
"glenohumeral","horizontal flexion",3,11,"full","ns4",13.8130868032236,1.09626098959838
"glenohumeral","horizontal flexion",3,11,"full","ns5",15.8915859850556,1.40169828999897
"glenohumeral","horizontal flexion",3,11,"full","ns6",18.7306011776084,1.73504568799793
"glenohumeral","horizontal flexion",3,11,"full","ns7",21.9598679995193,2.24057789967647
"glenohumeral","horizontal flexion",3,11,"full","ns8",25.5206042850947,2.46836964534347
"glenohumeral","horizontal flexion",3,11,"full","ns9",31.5291611132393,3.89012051786382
"glenohumeral","horizontal flexion",3,11,"full","ns10",39.5218901501404,2.79650427199112
"glenohumeral","horizontal flexion",3,11,"full","ns11",36.9314525016614,3.96737294142211
"glenohumeral","horizontal flexion",3,11,"full","varcov 1",100.980056006288,2.38885096717767
"glenohumeral","horizontal flexion",3,11,"full","varcov 2",5.41125884017461,0.658325859365806
"glenohumeral","horizontal flexion",3,11,"full","varcov 3",4.16669224908747,0.633651060376076
"glenohumeral","horizontal flexion",3,11,"full","varcov 4",3.50479270789084,0.55393682952572
"glenohumeral","horizontal flexion",3,11,"full","varcov 5",8.66671961838446,0.784204636120077
"glenohumeral","horizontal flexion",3,11,"full","varcov 6",15.5710826381621,1.0006490948829
"glenohumeral","horizontal flexion",3,11,"full","varcov 7",24.9603746090823,1.23293068077525
"glenohumeral","horizontal flexion",3,11,"full","varcov 8",43.0579363133621,1.5870705706469
"glenohumeral","horizontal flexion",3,11,"full","varcov 9",52.6926524162445,1.74101728717844
"glenohumeral","horizontal flexion",3,11,"full","varcov 10",133.695306566197,2.74194286086653
"glenohumeral","horizontal flexion",3,11,"full","varcov 11",47.1240035158986,2.21655929153363
"glenohumeral","horizontal flexion",3,11,"full","varcov 12",116.325932680103,2.79521810380086
"glenohumeral","horizontal flexion",3,11,"full","stderr",-0.157117616101042,0.00408708795215265
"sternoclavicular","internal-external rotation 0 degree-abducted",3,17,"full","intercept",1.19284208186117,1.85680512448499
"sternoclavicular","internal-external rotation 0 degree-abducted",3,17,"full","ns1",-3.1144509068199,0.869924524211532
"sternoclavicular","internal-external rotation 0 degree-abducted",3,17,"full","ns2",-2.67225041618606,0.671717441053629
"sternoclavicular","internal-external rotation 0 degree-abducted",3,17,"full","ns3",-3.96808952247229,0.460820590214728
"sternoclavicular","internal-external rotation 0 degree-abducted",3,17,"full","ns4",-4.15310305895762,0.475149757079029
"sternoclavicular","internal-external rotation 0 degree-abducted",3,17,"full","ns5",-4.38703520768951,0.461180665795645
"sternoclavicular","internal-external rotation 0 degree-abducted",3,17,"full","ns6",-4.30210829174177,0.431808386370805
"sternoclavicular","internal-external rotation 0 degree-abducted",3,17,"full","ns7",-4.39768146326674,0.423314983686114
"sternoclavicular","internal-external rotation 0 degree-abducted",3,17,"full","ns8",-4.49164468889473,0.428777040771747
"sternoclavicular","internal-external rotation 0 degree-abducted",3,17,"full","ns9",-4.52676942726139,0.434727994500777
"sternoclavicular","internal-external rotation 0 degree-abducted",3,17,"full","ns10",-4.69691797818643,0.493073704718919
"sternoclavicular","internal-external rotation 0 degree-abducted",3,17,"full","ns11",-4.79657198725805,0.440732858161201
"sternoclavicular","internal-external rotation 0 degree-abducted",3,17,"full","ns12",-4.84766491187443,0.451599149269435
"sternoclavicular","internal-external rotation 0 degree-abducted",3,17,"full","ns13",-4.99237067740551,0.564097206348076
"sternoclavicular","internal-external rotation 0 degree-abducted",3,17,"full","ns14",-4.8640096332902,0.797858197595079
"sternoclavicular","internal-external rotation 0 degree-abducted",3,17,"full","ns15",-5.71753749145891,2.75150732519181
"sternoclavicular","internal-external rotation 0 degree-abducted",3,17,"full","ns16",-8.32129427906198,1.31234013168512
"sternoclavicular","internal-external rotation 0 degree-abducted",3,17,"full","ns17",-3.91794314240596,0.87873043458963
"sternoclavicular","internal-external rotation 0 degree-abducted",3,17,"full","varcov 1",39.9857781668988,1.29194324396657
"sternoclavicular","internal-external rotation 0 degree-abducted",3,17,"full","varcov 2",4.35825250248862,0.570787883929198
"sternoclavicular","internal-external rotation 0 degree-abducted",3,17,"full","varcov 3",2.22636594950883,0.418693618475671
"sternoclavicular","internal-external rotation 0 degree-abducted",3,17,"full","varcov 4",0.420861713551724,0.204452512539008
"sternoclavicular","internal-external rotation 0 degree-abducted",3,17,"full","varcov 5",0.342422611630795,0.157766291093249
"sternoclavicular","internal-external rotation 0 degree-abducted",3,17,"full","varcov 6",0.271946656170763,0.131382735718912
"sternoclavicular","internal-external rotation 0 degree-abducted",3,17,"full","varcov 7",0.063804611734558,0.0637994281761798
"sternoclavicular","internal-external rotation 0 degree-abducted",3,17,"full","varcov 8",1.27423333632148e-08,0.00466132429387717
"sternoclavicular","internal-external rotation 0 degree-abducted",3,17,"full","varcov 9",0.0443328221962337,0.0560837849612823
"sternoclavicular","internal-external rotation 0 degree-abducted",3,17,"full","varcov 10",0.0904760873965022,0.0704014574602049
"sternoclavicular","internal-external rotation 0 degree-abducted",3,17,"full","varcov 11",0.63315765014243,0.183322954296864
"sternoclavicular","internal-external rotation 0 degree-abducted",3,17,"full","varcov 12",0.123377634968801,0.0922753590959094
"sternoclavicular","internal-external rotation 0 degree-abducted",3,17,"full","varcov 13",0.178513301982456,0.11222258470877
"sternoclavicular","internal-external rotation 0 degree-abducted",3,17,"full","varcov 14",0.844422612850871,0.269297855196715
"sternoclavicular","internal-external rotation 0 degree-abducted",3,17,"full","varcov 15",2.72907687984748,0.4820087957215
"sternoclavicular","internal-external rotation 0 degree-abducted",3,17,"full","varcov 16",44.8806052698161,1.6921100198158
"sternoclavicular","internal-external rotation 0 degree-abducted",3,17,"full","varcov 17",0.00027820059356889,0.0616986695810294
"sternoclavicular","internal-external rotation 0 degree-abducted",3,17,"full","varcov 18",1.57206279743552,0.536233433161596
"sternoclavicular","internal-external rotation 0 degree-abducted",3,17,"full","stderr",0.0554311699378143,0.00119834897348164
"acromioclavicular","internal-external rotation 0 degree-abducted",3,17,"full","intercept",1.29452017483629,1.70631995968793
"acromioclavicular","internal-external rotation 0 degree-abducted",3,17,"full","ns1",4.27948709287045,1.19646032192322
"acromioclavicular","internal-external rotation 0 degree-abducted",3,17,"full","ns2",3.92413697711105,1.20517456716816
"acromioclavicular","internal-external rotation 0 degree-abducted",3,17,"full","ns3",5.38005052886265,0.613740117272969
"acromioclavicular","internal-external rotation 0 degree-abducted",3,17,"full","ns4",6.10206971404854,0.447071842642994
"acromioclavicular","internal-external rotation 0 degree-abducted",3,17,"full","ns5",6.34203063844902,0.403966879068161
"acromioclavicular","internal-external rotation 0 degree-abducted",3,17,"full","ns6",6.14527238768783,0.396290484681066
"acromioclavicular","internal-external rotation 0 degree-abducted",3,17,"full","ns7",6.31324220011794,0.387252587649243
"acromioclavicular","internal-external rotation 0 degree-abducted",3,17,"full","ns8",6.34552533723145,0.382972957514195
"acromioclavicular","internal-external rotation 0 degree-abducted",3,17,"full","ns9",6.36696065105517,0.384530564271686
"acromioclavicular","internal-external rotation 0 degree-abducted",3,17,"full","ns10",6.26172468424897,0.529555861762083
"acromioclavicular","internal-external rotation 0 degree-abducted",3,17,"full","ns11",6.47411917556668,0.390961642301166
"acromioclavicular","internal-external rotation 0 degree-abducted",3,17,"full","ns12",6.30472589242895,0.422006281056598
"acromioclavicular","internal-external rotation 0 degree-abducted",3,17,"full","ns13",5.98321895726278,0.473266000052058
"acromioclavicular","internal-external rotation 0 degree-abducted",3,17,"full","ns14",4.80826583718071,0.854715292422782
"acromioclavicular","internal-external rotation 0 degree-abducted",3,17,"full","ns15",6.12209398915071,4.44289561496475
"acromioclavicular","internal-external rotation 0 degree-abducted",3,17,"full","ns16",10.5056825514597,1.90781075575086
"acromioclavicular","internal-external rotation 0 degree-abducted",3,17,"full","ns17",5.46305772178471,1.46762204748979
"acromioclavicular","internal-external rotation 0 degree-abducted",3,17,"full","varcov 1",33.2687423365694,1.1785552230497
"acromioclavicular","internal-external rotation 0 degree-abducted",3,17,"full","varcov 2",9.26195536945126,0.822586809470773
"acromioclavicular","internal-external rotation 0 degree-abducted",3,17,"full","varcov 3",9.40131268140694,0.825578820502983
"acromioclavicular","internal-external rotation 0 degree-abducted",3,17,"full","varcov 4",2.05042739882541,0.415510592047171
"acromioclavicular","internal-external rotation 0 degree-abducted",3,17,"full","varcov 5",0.407897067221153,0.162908354115674
"acromioclavicular","internal-external rotation 0 degree-abducted",3,17,"full","varcov 6",0.135536135142331,0.0945171371466343
"acromioclavicular","internal-external rotation 0 degree-abducted",3,17,"full","varcov 7",0.100694529787366,0.0733615145999423
"acromioclavicular","internal-external rotation 0 degree-abducted",3,17,"full","varcov 8",0.0351645060760418,0.047982744163489
"acromioclavicular","internal-external rotation 0 degree-abducted",3,17,"full","varcov 9",1.25931877265816e-09,0.00257983214056869
"acromioclavicular","internal-external rotation 0 degree-abducted",3,17,"full","varcov 10",0.0137661374889425,0.0392476666935873
"acromioclavicular","internal-external rotation 0 degree-abducted",3,17,"full","varcov 11",1.33085918818208,0.261541070936131
"acromioclavicular","internal-external rotation 0 degree-abducted",3,17,"full","varcov 12",0.0509216803124781,0.059320471398825
"acromioclavicular","internal-external rotation 0 degree-abducted",3,17,"full","varcov 13",0.241564330625561,0.130418898376302
"acromioclavicular","internal-external rotation 0 degree-abducted",3,17,"full","varcov 14",0.467950319732169,0.202661648084678
"acromioclavicular","internal-external rotation 0 degree-abducted",3,17,"full","varcov 15",3.49294859001013,0.54223768001749
"acromioclavicular","internal-external rotation 0 degree-abducted",3,17,"full","varcov 16",129.4302425574,2.73136144502608
"acromioclavicular","internal-external rotation 0 degree-abducted",3,17,"full","varcov 17",0.0428698164040564,0.50470131654704
"acromioclavicular","internal-external rotation 0 degree-abducted",3,17,"full","varcov 18",5.32172153784831,0.948249140686047
"acromioclavicular","internal-external rotation 0 degree-abducted",3,17,"full","stderr",-0.0464464804721283,0.00100392929001403
"scapulothoracic","internal-external rotation 0 degree-abducted",3,17,"full","intercept",-11.174516555725,1.41060902959703
"scapulothoracic","internal-external rotation 0 degree-abducted",3,17,"full","ns1",-0.00115633681052737,0.0623889640281826
"scapulothoracic","internal-external rotation 0 degree-abducted",3,17,"full","ns2",0.113656469355993,0.152332815512225
"scapulothoracic","internal-external rotation 0 degree-abducted",3,17,"full","ns3",0.172927133709122,0.184451357413773
"scapulothoracic","internal-external rotation 0 degree-abducted",3,17,"full","ns4",0.31794372728222,0.173942914715528
"scapulothoracic","internal-external rotation 0 degree-abducted",3,17,"full","ns5",0.289853869718156,0.178767304792031
"scapulothoracic","internal-external rotation 0 degree-abducted",3,17,"full","ns6",0.429790471866206,0.194774569672252
"scapulothoracic","internal-external rotation 0 degree-abducted",3,17,"full","ns7",-0.114099834229257,0.245651807015323
"scapulothoracic","internal-external rotation 0 degree-abducted",3,17,"full","ns8",-0.378706094330709,0.311114793925233
"scapulothoracic","internal-external rotation 0 degree-abducted",3,17,"full","ns9",-0.0594109271754128,0.217548501141028
"scapulothoracic","internal-external rotation 0 degree-abducted",3,17,"full","ns10",0.170768696378594,0.236434316739909
"scapulothoracic","internal-external rotation 0 degree-abducted",3,17,"full","ns11",-0.175635061036134,0.311078434366283
"scapulothoracic","internal-external rotation 0 degree-abducted",3,17,"full","ns12",-0.336077189059627,0.477589408441099
"scapulothoracic","internal-external rotation 0 degree-abducted",3,17,"full","ns13",0.21152641663846,0.463493360042074
"scapulothoracic","internal-external rotation 0 degree-abducted",3,17,"full","ns14",-0.638765548621726,0.300569878616672
"scapulothoracic","internal-external rotation 0 degree-abducted",3,17,"full","ns15",3.89993710492054,1.95070714297002
"scapulothoracic","internal-external rotation 0 degree-abducted",3,17,"full","ns16",-0.636062381019739,0.952962010104165
"scapulothoracic","internal-external rotation 0 degree-abducted",3,17,"full","ns17",-3.9633882108291,1.40590316425958
"scapulothoracic","internal-external rotation 0 degree-abducted",3,17,"full","condex vivo",5.48652868952971,2.49103090817326
"scapulothoracic","internal-external rotation 0 degree-abducted",3,17,"full","ns1:condex vivo",0.245095289478708,0.302899047978885
"scapulothoracic","internal-external rotation 0 degree-abducted",3,17,"full","ns2:condex vivo",0.156228824005361,0.358184923010927
"scapulothoracic","internal-external rotation 0 degree-abducted",3,17,"full","ns3:condex vivo",-0.0258241022194958,0.439978092840611
"scapulothoracic","internal-external rotation 0 degree-abducted",3,17,"full","ns4:condex vivo",0.154912919179006,0.378965150491847
"scapulothoracic","internal-external rotation 0 degree-abducted",3,17,"full","ns5:condex vivo",0.278185597560128,0.382179237800336
"scapulothoracic","internal-external rotation 0 degree-abducted",3,17,"full","ns6:condex vivo",0.271363508515472,0.400248857303537
"scapulothoracic","internal-external rotation 0 degree-abducted",3,17,"full","ns7:condex vivo",0.748851874370192,0.479228864442141
"scapulothoracic","internal-external rotation 0 degree-abducted",3,17,"full","ns8:condex vivo",0.970609198387492,0.551981795576484
"scapulothoracic","internal-external rotation 0 degree-abducted",3,17,"full","ns9:condex vivo",0.733268651044626,0.398530897969386
"scapulothoracic","internal-external rotation 0 degree-abducted",3,17,"full","ns10:condex vivo",0.28972412962737,0.427573960211646
"scapulothoracic","internal-external rotation 0 degree-abducted",3,17,"full","ns11:condex vivo",0.679599054956669,0.534336032996628
"scapulothoracic","internal-external rotation 0 degree-abducted",3,17,"full","ns12:condex vivo",0.986150910449335,0.807568390329737
"scapulothoracic","internal-external rotation 0 degree-abducted",3,17,"full","ns13:condex vivo",0.400384175167858,0.739258807667981
"scapulothoracic","internal-external rotation 0 degree-abducted",3,17,"full","ns14:condex vivo",0.838366847429052,0.488144883820899
"scapulothoracic","internal-external rotation 0 degree-abducted",3,17,"full","ns15:condex vivo",-4.54491607158393,2.78123133068898
"scapulothoracic","internal-external rotation 0 degree-abducted",3,17,"full","ns16:condex vivo",1.07948113934351,1.9855216712064
"scapulothoracic","internal-external rotation 0 degree-abducted",3,17,"full","ns17:condex vivo",4.84653996175812,2.23380171407274
"scapulothoracic","internal-external rotation 0 degree-abducted",3,17,"full","varcov 1",41.6916912974275,0.820013082416494
"scapulothoracic","internal-external rotation 0 degree-abducted",3,17,"full","varcov 2",0.176863148166999,0.0928822498378325
"scapulothoracic","internal-external rotation 0 degree-abducted",3,17,"full","varcov 3",0.282343276583835,0.103928082669074
"scapulothoracic","internal-external rotation 0 degree-abducted",3,17,"full","varcov 4",0.544968697375355,0.125372015657389
"scapulothoracic","internal-external rotation 0 degree-abducted",3,17,"full","varcov 5",0.381655723543805,0.112630381486138
"scapulothoracic","internal-external rotation 0 degree-abducted",3,17,"full","varcov 6",0.443430825220527,0.112461107460939
"scapulothoracic","internal-external rotation 0 degree-abducted",3,17,"full","varcov 7",0.565763989914289,0.121242572962356
"scapulothoracic","internal-external rotation 0 degree-abducted",3,17,"full","varcov 8",0.924893493396311,0.146339115709784
"scapulothoracic","internal-external rotation 0 degree-abducted",3,17,"full","varcov 9",1.44076901921077,0.220652402909315
"scapulothoracic","internal-external rotation 0 degree-abducted",3,17,"full","varcov 10",0.595028744487748,0.124392342456192
"scapulothoracic","internal-external rotation 0 degree-abducted",3,17,"full","varcov 11",0.678147707542126,0.142039957479342
"scapulothoracic","internal-external rotation 0 degree-abducted",3,17,"full","varcov 12",1.19699399172218,0.174643949950964
"scapulothoracic","internal-external rotation 0 degree-abducted",3,17,"full","varcov 13",2.84660196409151,0.279909729727893
"scapulothoracic","internal-external rotation 0 degree-abducted",3,17,"full","varcov 14",2.0467860480662,0.250288115811286
"scapulothoracic","internal-external rotation 0 degree-abducted",3,17,"full","varcov 15",0.403945422206656,0.186174807601899
"scapulothoracic","internal-external rotation 0 degree-abducted",3,17,"full","varcov 16",25.5231590222178,0.865309553675009
"scapulothoracic","internal-external rotation 0 degree-abducted",3,17,"full","varcov 17",3.61378258216456,0.481976115234663
"scapulothoracic","internal-external rotation 0 degree-abducted",3,17,"full","varcov 18",10.1949272900272,0.683993738946141
"scapulothoracic","internal-external rotation 0 degree-abducted",3,17,"full","stderr",0.19731419696132,0.00303763426177744
"scapulothoracic","internal-external rotation 0 degree-abducted",3,17,"reduced","intercept",-9.32993639113074,1.26062485500594
"scapulothoracic","internal-external rotation 0 degree-abducted",3,17,"reduced","ns1",0.0487171070507988,0.114157778507335
"scapulothoracic","internal-external rotation 0 degree-abducted",3,17,"reduced","ns2",0.145641396803854,0.138269346070436
"scapulothoracic","internal-external rotation 0 degree-abducted",3,17,"reduced","ns3",0.16541186194672,0.172326493718776
"scapulothoracic","internal-external rotation 0 degree-abducted",3,17,"reduced","ns4",0.350299860526986,0.156520523865332
"scapulothoracic","internal-external rotation 0 degree-abducted",3,17,"reduced","ns5",0.342255068403881,0.159478434326413
"scapulothoracic","internal-external rotation 0 degree-abducted",3,17,"reduced","ns6",0.469140584562683,0.16956532091595
"scapulothoracic","internal-external rotation 0 degree-abducted",3,17,"reduced","ns7",0.0639845281871979,0.217674035147237
"scapulothoracic","internal-external rotation 0 degree-abducted",3,17,"reduced","ns8",-0.124845124350977,0.264550556724595
"scapulothoracic","internal-external rotation 0 degree-abducted",3,17,"reduced","ns9",0.129448421282545,0.185399098799418
"scapulothoracic","internal-external rotation 0 degree-abducted",3,17,"reduced","ns10",0.187968611359465,0.196795028411252
"scapulothoracic","internal-external rotation 0 degree-abducted",3,17,"reduced","ns11",-0.0090205122430232,0.231147895709331
"scapulothoracic","internal-external rotation 0 degree-abducted",3,17,"reduced","ns12",-0.0673768257612228,0.393123840591493
"scapulothoracic","internal-external rotation 0 degree-abducted",3,17,"reduced","ns13",0.240933766013719,0.353857552413184
"scapulothoracic","internal-external rotation 0 degree-abducted",3,17,"reduced","ns14",-0.383138033167719,0.238841915461187
"scapulothoracic","internal-external rotation 0 degree-abducted",3,17,"reduced","ns15",1.3578209563148,1.46232346699736
"scapulothoracic","internal-external rotation 0 degree-abducted",3,17,"reduced","ns16",-0.24900605433148,0.827470684708601
"scapulothoracic","internal-external rotation 0 degree-abducted",3,17,"reduced","ns17",-1.95577279070907,1.10702466191161
"scapulothoracic","internal-external rotation 0 degree-abducted",3,17,"reduced","varcov 1",49.0810613399801,0.890848873183059
"scapulothoracic","internal-external rotation 0 degree-abducted",3,17,"reduced","varcov 2",0.172761396081622,0.0930687611561262
"scapulothoracic","internal-external rotation 0 degree-abducted",3,17,"reduced","varcov 3",0.282457259154154,0.104547624108513
"scapulothoracic","internal-external rotation 0 degree-abducted",3,17,"reduced","varcov 4",0.586625635276328,0.129701439151578
"scapulothoracic","internal-external rotation 0 degree-abducted",3,17,"reduced","varcov 5",0.388396454498816,0.113805466885999
"scapulothoracic","internal-external rotation 0 degree-abducted",3,17,"reduced","varcov 6",0.443302774055943,0.112377911178385
"scapulothoracic","internal-external rotation 0 degree-abducted",3,17,"reduced","varcov 7",0.557183876117353,0.120574773688859
"scapulothoracic","internal-external rotation 0 degree-abducted",3,17,"reduced","varcov 8",0.994767722619521,0.150742093361236
"scapulothoracic","internal-external rotation 0 degree-abducted",3,17,"reduced","varcov 9",1.56270634024278,0.231299682389242
"scapulothoracic","internal-external rotation 0 degree-abducted",3,17,"reduced","varcov 10",0.641326122592027,0.12851898004636
"scapulothoracic","internal-external rotation 0 degree-abducted",3,17,"reduced","varcov 11",0.697470172478699,0.145598680042136
"scapulothoracic","internal-external rotation 0 degree-abducted",3,17,"reduced","varcov 12",1.19128008348719,0.174230327385839
"scapulothoracic","internal-external rotation 0 degree-abducted",3,17,"reduced","varcov 13",2.96003306858113,0.283080596006869
"scapulothoracic","internal-external rotation 0 degree-abducted",3,17,"reduced","varcov 14",2.02410922155035,0.249115052495426
"scapulothoracic","internal-external rotation 0 degree-abducted",3,17,"reduced","varcov 15",0.432008220669583,0.191298780155703
"scapulothoracic","internal-external rotation 0 degree-abducted",3,17,"reduced","varcov 16",28.5488076620217,0.916500388340103
"scapulothoracic","internal-external rotation 0 degree-abducted",3,17,"reduced","varcov 17",4.00774436255398,0.508418044897303
"scapulothoracic","internal-external rotation 0 degree-abducted",3,17,"reduced","varcov 18",11.5282523230959,0.720595968629163
"scapulothoracic","internal-external rotation 0 degree-abducted",3,17,"reduced","stderr",0.197423930720847,0.00304108874961742
"glenohumeral","internal-external rotation 0 degree-abducted",3,17,"full","intercept",16.4995835175,9.38225946134019
"glenohumeral","internal-external rotation 0 degree-abducted",3,17,"full","ns1",15.8358559617692,2.07326231778428
"glenohumeral","internal-external rotation 0 degree-abducted",3,17,"full","ns2",22.0052315677659,2.89444071459729
"glenohumeral","internal-external rotation 0 degree-abducted",3,17,"full","ns3",27.8840719065134,2.75171120152542
"glenohumeral","internal-external rotation 0 degree-abducted",3,17,"full","ns4",38.4012497958768,4.27946866139675
"glenohumeral","internal-external rotation 0 degree-abducted",3,17,"full","ns5",51.4996045382328,3.72560329162377
"glenohumeral","internal-external rotation 0 degree-abducted",3,17,"full","ns6",59.4835789517801,4.85840072669321
"glenohumeral","internal-external rotation 0 degree-abducted",3,17,"full","ns7",71.126130537691,5.46893003758677
"glenohumeral","internal-external rotation 0 degree-abducted",3,17,"full","ns8",81.1049807565663,8.53861174420187
"glenohumeral","internal-external rotation 0 degree-abducted",3,17,"full","ns9",76.5946423656525,5.80432856026084
"glenohumeral","internal-external rotation 0 degree-abducted",3,17,"full","ns10",87.6250754955221,2.67669242732348
"glenohumeral","internal-external rotation 0 degree-abducted",3,17,"full","ns11",93.3651504932299,2.37612225715176
"glenohumeral","internal-external rotation 0 degree-abducted",3,17,"full","ns12",99.5556002670162,2.93366514101159
"glenohumeral","internal-external rotation 0 degree-abducted",3,17,"full","ns13",106.321429052618,3.45525073930418
"glenohumeral","internal-external rotation 0 degree-abducted",3,17,"full","ns14",121.955011215995,11.9584431593426
"glenohumeral","internal-external rotation 0 degree-abducted",3,17,"full","ns15",58.4240777722135,27.6992974222695
"glenohumeral","internal-external rotation 0 degree-abducted",3,17,"full","ns16",120.419060274091,11.316257268786
"glenohumeral","internal-external rotation 0 degree-abducted",3,17,"full","ns17",153.314490087813,10.5200755359431
"glenohumeral","internal-external rotation 0 degree-abducted",3,17,"full","condex vivo",-73.0738713506968,16.7486564255931
"glenohumeral","internal-external rotation 0 degree-abducted",3,17,"full","ns1:condex vivo",0.674504738433514,5.44853085979065
"glenohumeral","internal-external rotation 0 degree-abducted",3,17,"full","ns2:condex vivo",0.056439884013415,7.43597637588521
"glenohumeral","internal-external rotation 0 degree-abducted",3,17,"full","ns3:condex vivo",-0.813884069964012,6.30471093005754
"glenohumeral","internal-external rotation 0 degree-abducted",3,17,"full","ns4:condex vivo",1.19280785549909,9.38030684243498
"glenohumeral","internal-external rotation 0 degree-abducted",3,17,"full","ns5:condex vivo",-4.04117672006575,7.88547722710379
"glenohumeral","internal-external rotation 0 degree-abducted",3,17,"full","ns6:condex vivo",-3.8338817308303,9.63341005802607
"glenohumeral","internal-external rotation 0 degree-abducted",3,17,"full","ns7:condex vivo",-9.05014187872453,10.2495325442316
"glenohumeral","internal-external rotation 0 degree-abducted",3,17,"full","ns8:condex vivo",-12.3453722167066,14.6803394427655
"glenohumeral","internal-external rotation 0 degree-abducted",3,17,"full","ns9:condex vivo",-0.225900730905275,8.63171387557587
"glenohumeral","internal-external rotation 0 degree-abducted",3,17,"full","ns10:condex vivo",-4.24922367947185,5.15197879708698
"glenohumeral","internal-external rotation 0 degree-abducted",3,17,"full","ns11:condex vivo",-3.69928962228263,4.74543354481664
"glenohumeral","internal-external rotation 0 degree-abducted",3,17,"full","ns12:condex vivo",0.44235093806576,5.68725057308694
"glenohumeral","internal-external rotation 0 degree-abducted",3,17,"full","ns13:condex vivo",2.45731759307937,6.30409395049009
"glenohumeral","internal-external rotation 0 degree-abducted",3,17,"full","ns14:condex vivo",-2.60113507647654,17.6550061707493
"glenohumeral","internal-external rotation 0 degree-abducted",3,17,"full","ns15:condex vivo",70.6101961086569,40.5935752569645
"glenohumeral","internal-external rotation 0 degree-abducted",3,17,"full","ns16:condex vivo",37.0066865599383,23.148436620079
"glenohumeral","internal-external rotation 0 degree-abducted",3,17,"full","ns17:condex vivo",-0.836117020320781,19.8109342388596
"glenohumeral","internal-external rotation 0 degree-abducted",3,17,"full","varcov 1",1827.54219008594,5.45064620905127
"glenohumeral","internal-external rotation 0 degree-abducted",3,17,"full","varcov 2",63.604903688255,1.41527232935506
"glenohumeral","internal-external rotation 0 degree-abducted",3,17,"full","varcov 3",125.999001438618,1.87815137947954
"glenohumeral","internal-external rotation 0 degree-abducted",3,17,"full","varcov 4",128.023141762921,1.75999098570483
"glenohumeral","internal-external rotation 0 degree-abducted",3,17,"full","varcov 5",306.356518286335,2.91774072080031
"glenohumeral","internal-external rotation 0 degree-abducted",3,17,"full","varcov 6",233.913392516857,2.31436153831861
"glenohumeral","internal-external rotation 0 degree-abducted",3,17,"full","varcov 7",420.332261616995,2.92822042561351
"glenohumeral","internal-external rotation 0 degree-abducted",3,17,"full","varcov 8",510.537958419949,3.25063262883637
"glenohumeral","internal-external rotation 0 degree-abducted",3,17,"full","varcov 9",1183.29863869283,8.11828120484431
"glenohumeral","internal-external rotation 0 degree-abducted",3,17,"full","varcov 10",567.717561259501,3.44739782772451
"glenohumeral","internal-external rotation 0 degree-abducted",3,17,"full","varcov 11",74.9249229724533,1.54447943695404
"glenohumeral","internal-external rotation 0 degree-abducted",3,17,"full","varcov 12",46.9738002885526,1.43600296770861
"glenohumeral","internal-external rotation 0 degree-abducted",3,17,"full","varcov 13",78.5023491542191,1.70055419539329
"glenohumeral","internal-external rotation 0 degree-abducted",3,17,"full","varcov 14",91.0037539843966,1.83947451527868
"glenohumeral","internal-external rotation 0 degree-abducted",3,17,"full","varcov 15",975.73223320457,6.68472522458936
"glenohumeral","internal-external rotation 0 degree-abducted",3,17,"full","varcov 16",5916.66562707444,12.0889692478175
"glenohumeral","internal-external rotation 0 degree-abducted",3,17,"full","varcov 17",771.557673251127,5.65584918540372
"glenohumeral","internal-external rotation 0 degree-abducted",3,17,"full","varcov 18",358.374276023532,5.99772286025106
"glenohumeral","internal-external rotation 0 degree-abducted",3,17,"full","stderr",1.86424681711996,0.0291338692796747
"glenohumeral","internal-external rotation 0 degree-abducted",3,17,"reduced","intercept",-7.35258562862111,9.94118819535005
"glenohumeral","internal-external rotation 0 degree-abducted",3,17,"reduced","ns1",15.9629430511357,1.92166344037105
"glenohumeral","internal-external rotation 0 degree-abducted",3,17,"reduced","ns2",22.1106152351159,2.53122812359998
"glenohumeral","internal-external rotation 0 degree-abducted",3,17,"reduced","ns3",27.8639180076935,2.47807409738958
"glenohumeral","internal-external rotation 0 degree-abducted",3,17,"reduced","ns4",38.8150358838188,3.79047217198815
"glenohumeral","internal-external rotation 0 degree-abducted",3,17,"reduced","ns5",50.7113288506933,3.26847873293968
"glenohumeral","internal-external rotation 0 degree-abducted",3,17,"reduced","ns6",58.6795077598046,4.1881238941956
"glenohumeral","internal-external rotation 0 degree-abducted",3,17,"reduced","ns7",68.6483653918898,4.66803672029778
"glenohumeral","internal-external rotation 0 degree-abducted",3,17,"reduced","ns8",77.2442522242849,6.99223348257999
"glenohumeral","internal-external rotation 0 degree-abducted",3,17,"reduced","ns9",76.8219834007041,4.91565459784628
"glenohumeral","internal-external rotation 0 degree-abducted",3,17,"reduced","ns10",86.3141422727907,2.28726021918992
"glenohumeral","internal-external rotation 0 degree-abducted",3,17,"reduced","ns11",92.2967140252339,2.0715086889281
"glenohumeral","internal-external rotation 0 degree-abducted",3,17,"reduced","ns12",100.115602159182,2.48433492186298
"glenohumeral","internal-external rotation 0 degree-abducted",3,17,"reduced","ns13",107.962122000176,2.80155091766145
"glenohumeral","internal-external rotation 0 degree-abducted",3,17,"reduced","ns14",120.914557961628,8.85958159724697
"glenohumeral","internal-external rotation 0 degree-abducted",3,17,"reduced","ns15",93.1738537095004,21.8228826999691
"glenohumeral","internal-external rotation 0 degree-abducted",3,17,"reduced","ns16",134.156822113531,9.87892619011489
"glenohumeral","internal-external rotation 0 degree-abducted",3,17,"reduced","ns17",156.635047600702,8.94039283226078
"glenohumeral","internal-external rotation 0 degree-abducted",3,17,"reduced","varcov 1",3026.81667526974,7.01419237727802
"glenohumeral","internal-external rotation 0 degree-abducted",3,17,"reduced","varcov 2",63.082183015187,1.40116952595957
"glenohumeral","internal-external rotation 0 degree-abducted",3,17,"reduced","varcov 3",124.732933428395,1.85413676575867
"glenohumeral","internal-external rotation 0 degree-abducted",3,17,"reduced","varcov 4",126.534712743827,1.73810894997609
"glenohumeral","internal-external rotation 0 degree-abducted",3,17,"reduced","varcov 5",304.891283571872,2.91101756642013
"glenohumeral","internal-external rotation 0 degree-abducted",3,17,"reduced","varcov 6",233.291672749584,2.30706576427767
"glenohumeral","internal-external rotation 0 degree-abducted",3,17,"reduced","varcov 7",421.055559492671,2.93123032656877
"glenohumeral","internal-external rotation 0 degree-abducted",3,17,"reduced","varcov 8",523.114623731553,3.29321808988952
"glenohumeral","internal-external rotation 0 degree-abducted",3,17,"reduced","varcov 9",1212.71401519722,8.26815514628814
"glenohumeral","internal-external rotation 0 degree-abducted",3,17,"reduced","varcov 10",565.284059236344,3.4408362489388
"glenohumeral","internal-external rotation 0 degree-abducted",3,17,"reduced","varcov 11",79.2919611629894,1.58377942225653
"glenohumeral","internal-external rotation 0 degree-abducted",3,17,"reduced","varcov 12",50.8222868454602,1.39740121114967
"glenohumeral","internal-external rotation 0 degree-abducted",3,17,"reduced","varcov 13",78.7870100240317,1.69581649192286
"glenohumeral","internal-external rotation 0 degree-abducted",3,17,"reduced","varcov 14",94.2345931301345,1.88336166467294
"glenohumeral","internal-external rotation 0 degree-abducted",3,17,"reduced","varcov 15",999.44313763985,6.70678941570542
"glenohumeral","internal-external rotation 0 degree-abducted",3,17,"reduced","varcov 16",6770.67877467817,12.9563831818944
"glenohumeral","internal-external rotation 0 degree-abducted",3,17,"reduced","varcov 17",883.87937241623,6.33163163791837
"glenohumeral","internal-external rotation 0 degree-abducted",3,17,"reduced","varcov 18",429.60217470459,6.62114096622622
"glenohumeral","internal-external rotation 0 degree-abducted",3,17,"reduced","stderr",1.86424616220602,0.0291444774156512
"scapulothoracic","internal-external rotation 90 degree-abducted",3,18,"full","intercept",-5.89231183489087,1.39092437132419
"scapulothoracic","internal-external rotation 90 degree-abducted",3,18,"full","ns1",1.24946902457678,0.192084146809564
"scapulothoracic","internal-external rotation 90 degree-abducted",3,18,"full","ns2",1.35428770723781,0.277689746392585
"scapulothoracic","internal-external rotation 90 degree-abducted",3,18,"full","ns3",1.83313403492389,0.147386608452138
"scapulothoracic","internal-external rotation 90 degree-abducted",3,18,"full","ns4",2.12151176592109,0.125136847345632
"scapulothoracic","internal-external rotation 90 degree-abducted",3,18,"full","ns5",2.13890055781812,0.149670195953156
"scapulothoracic","internal-external rotation 90 degree-abducted",3,18,"full","ns6",2.29059567648501,0.166740069990215
"scapulothoracic","internal-external rotation 90 degree-abducted",3,18,"full","ns7",2.92377062931364,0.21587858933218
"scapulothoracic","internal-external rotation 90 degree-abducted",3,18,"full","ns8",3.32388002568076,0.301612294105569
"scapulothoracic","internal-external rotation 90 degree-abducted",3,18,"full","ns9",4.12288076726925,0.228255332776217
"scapulothoracic","internal-external rotation 90 degree-abducted",3,18,"full","ns10",5.22454544978051,0.329973336237819
"scapulothoracic","internal-external rotation 90 degree-abducted",3,18,"full","ns11",6.0945208208284,0.511964998015583
"scapulothoracic","internal-external rotation 90 degree-abducted",3,18,"full","ns12",7.77388084409038,0.550069942784421
"scapulothoracic","internal-external rotation 90 degree-abducted",3,18,"full","ns13",9.36799472093605,0.736201391826776
"scapulothoracic","internal-external rotation 90 degree-abducted",3,18,"full","ns14",10.6239743541145,0.806831071282826
"scapulothoracic","internal-external rotation 90 degree-abducted",3,18,"full","ns15",10.9673533092618,0.988685013328745
"scapulothoracic","internal-external rotation 90 degree-abducted",3,18,"full","ns16",15.0729956952088,1.27154537775676
"scapulothoracic","internal-external rotation 90 degree-abducted",3,18,"full","ns17",21.4847125105147,1.63643743448307
"scapulothoracic","internal-external rotation 90 degree-abducted",3,18,"full","ns18",23.6273942659143,2.33860888992599
"scapulothoracic","internal-external rotation 90 degree-abducted",3,18,"full","varcov 1",46.1021233369405,0.981547982485175
"scapulothoracic","internal-external rotation 90 degree-abducted",3,18,"full","varcov 2",0.337276534576237,0.141390179224731
"scapulothoracic","internal-external rotation 90 degree-abducted",3,18,"full","varcov 3",1.04167862836367,0.198078157029291
"scapulothoracic","internal-external rotation 90 degree-abducted",3,18,"full","varcov 4",0.129396466019398,0.123174331466087
"scapulothoracic","internal-external rotation 90 degree-abducted",3,18,"full","varcov 5",0.00797981636146288,0.307080361501075
"scapulothoracic","internal-external rotation 90 degree-abducted",3,18,"full","varcov 6",0.142188397186534,0.115085447142172
"scapulothoracic","internal-external rotation 90 degree-abducted",3,18,"full","varcov 7",0.269419691342535,0.209645377658857
"scapulothoracic","internal-external rotation 90 degree-abducted",3,18,"full","varcov 8",0.715117793290742,0.19085586647352
"scapulothoracic","internal-external rotation 90 degree-abducted",3,18,"full","varcov 9",1.81178617628509,0.228060181428975
"scapulothoracic","internal-external rotation 90 degree-abducted",3,18,"full","varcov 10",0.84804745397929,0.157889296553737
"scapulothoracic","internal-external rotation 90 degree-abducted",3,18,"full","varcov 11",2.09802510538372,0.23576972658707
"scapulothoracic","internal-external rotation 90 degree-abducted",3,18,"full","varcov 12",5.42425619813384,0.36531729572623
"scapulothoracic","internal-external rotation 90 degree-abducted",3,18,"full","varcov 13",6.0310922947258,0.390792885870727
"scapulothoracic","internal-external rotation 90 degree-abducted",3,18,"full","varcov 14",11.0490787414447,0.520060934605886
"scapulothoracic","internal-external rotation 90 degree-abducted",3,18,"full","varcov 15",12.803226353477,0.581767890902848
"scapulothoracic","internal-external rotation 90 degree-abducted",3,18,"full","varcov 16",16.9389746701203,0.734640952603429
"scapulothoracic","internal-external rotation 90 degree-abducted",3,18,"full","varcov 17",24.7290576537766,0.920092209569717
"scapulothoracic","internal-external rotation 90 degree-abducted",3,18,"full","varcov 18",1.30559771472292,2.32993125294897
"scapulothoracic","internal-external rotation 90 degree-abducted",3,18,"full","varcov 19",38.145191692796,1.68744217892361
"scapulothoracic","internal-external rotation 90 degree-abducted",3,18,"full","stderr",0.176552535255586,0.00293403484943174
"glenohumeral","internal-external rotation 90 degree-abducted",3,17,"full","intercept",-55.4246116109839,1.87268013794439
"glenohumeral","internal-external rotation 90 degree-abducted",3,17,"full","ns1",31.1451163033711,0.583684471914916
"glenohumeral","internal-external rotation 90 degree-abducted",3,17,"full","ns2",38.5892499497867,0.451602518245597
"glenohumeral","internal-external rotation 90 degree-abducted",3,17,"full","ns3",46.1044348492412,0.356063560475404
"glenohumeral","internal-external rotation 90 degree-abducted",3,17,"full","ns4",52.7677954061167,0.327276067322781
"glenohumeral","internal-external rotation 90 degree-abducted",3,17,"full","ns5",59.9491856183749,0.335657088175813
"glenohumeral","internal-external rotation 90 degree-abducted",3,17,"full","ns6",66.6524711799519,0.301171228608109
"glenohumeral","internal-external rotation 90 degree-abducted",3,17,"full","ns7",74.735749737717,0.380017775110182
"glenohumeral","internal-external rotation 90 degree-abducted",3,17,"full","ns8",83.8026185324965,0.503936731985785
"glenohumeral","internal-external rotation 90 degree-abducted",3,17,"full","ns9",92.4509734791874,0.713605689349725
"glenohumeral","internal-external rotation 90 degree-abducted",3,17,"full","ns10",100.246693232231,0.956648015043317
"glenohumeral","internal-external rotation 90 degree-abducted",3,17,"full","ns11",106.739283314939,1.1624080438718
"glenohumeral","internal-external rotation 90 degree-abducted",3,17,"full","ns12",110.832231633257,1.43908361411883
"glenohumeral","internal-external rotation 90 degree-abducted",3,17,"full","ns13",114.568828796217,1.82239961892409
"glenohumeral","internal-external rotation 90 degree-abducted",3,17,"full","ns14",120.299653112246,1.46710356192276
"glenohumeral","internal-external rotation 90 degree-abducted",3,17,"full","ns15",118.432819591025,3.08775684807558
"glenohumeral","internal-external rotation 90 degree-abducted",3,17,"full","ns16",134.676788815556,3.40174275949363
"glenohumeral","internal-external rotation 90 degree-abducted",3,17,"full","ns17",111.324060673005,3.76123336077645
"glenohumeral","internal-external rotation 90 degree-abducted",3,17,"full","varcov 1",75.6141774416342,1.31363001053722
"glenohumeral","internal-external rotation 90 degree-abducted",3,17,"full","varcov 2",3.71093364014114,0.406685702674776
"glenohumeral","internal-external rotation 90 degree-abducted",3,17,"full","varcov 3",1.93445031320226,0.34634730878747
"glenohumeral","internal-external rotation 90 degree-abducted",3,17,"full","varcov 4",1.04437110586345,0.218044885790214
"glenohumeral","internal-external rotation 90 degree-abducted",3,17,"full","varcov 5",0.673706560558271,0.177417988382995
"glenohumeral","internal-external rotation 90 degree-abducted",3,17,"full","varcov 6",0.860200895206636,0.189554907508723
"glenohumeral","internal-external rotation 90 degree-abducted",3,17,"full","varcov 7",0.364564201195041,0.151062823963126
"glenohumeral","internal-external rotation 90 degree-abducted",3,17,"full","varcov 8",1.54910110298521,0.230432112142059
"glenohumeral","internal-external rotation 90 degree-abducted",3,17,"full","varcov 9",3.96227987724406,0.328843283864075
"glenohumeral","internal-external rotation 90 degree-abducted",3,17,"full","varcov 10",9.56173728384633,0.484886802336556
"glenohumeral","internal-external rotation 90 degree-abducted",3,17,"full","varcov 11",17.6619165815088,0.661803127090169
"glenohumeral","internal-external rotation 90 degree-abducted",3,17,"full","varcov 12",26.8164507485507,0.809701371711032
"glenohumeral","internal-external rotation 90 degree-abducted",3,17,"full","varcov 13",41.9224902068244,1.00715935232772
"glenohumeral","internal-external rotation 90 degree-abducted",3,17,"full","varcov 14",65.3914496822021,1.30018341161921
"glenohumeral","internal-external rotation 90 degree-abducted",3,17,"full","varcov 15",35.6923477941791,1.09424374317037
"glenohumeral","internal-external rotation 90 degree-abducted",3,17,"full","varcov 16",145.098079721878,2.30611617149955
"glenohumeral","internal-external rotation 90 degree-abducted",3,17,"full","varcov 17",66.9729344768419,4.01994515764919
"glenohumeral","internal-external rotation 90 degree-abducted",3,17,"full","varcov 18",68.2328258161981,4.2173519375818
"glenohumeral","internal-external rotation 90 degree-abducted",3,17,"full","stderr",-0.280737486258843,0.00467544487864801
