"joint","motion","dof","K","shoulder","condition","n","rmse","max_abs","r2_marg","r2_ss","ratio_to_median","robust_z","flagged"
"sternoclavicular","frontal plane elevation",1,8,"Begon et al._2.0","in vivo",100,0.354767997573496,2.15321711795381,0.960649862508711,0.995982203012065,1.89904440749143,1.255972447748,FALSE
"sternoclavicular","frontal plane elevation",1,8,"Begon et al._1.0","in vivo",100,0.195695491984628,0.731859170247233,0.95342228736967,0.99936192000297,1.04754214632255,0.0930090712051916,FALSE
"sternoclavicular","frontal plane elevation",1,8,"Ludewig et al._","in vivo",19,0.177932419162675,0.337116221921548,0.518356144018995,0.997701870711108,0.952457853677453,-0.0930090712051916,FALSE
"sternoclavicular","frontal plane elevation",1,8,"Sahara et al._","in vivo",5,0.0524470722475123,0.106193736773783,0.970755326793175,0.999968505116951,0.28074493731725,-2.4810830195029,FALSE
"acromioclavicular","frontal plane elevation",1,8,"Begon et al._1.0","in vivo",94,0.232997288342683,0.695410268939327,-20.6847562177461,0.983782271629564,1.5095587163588,1.01770129872519,FALSE
"acromioclavicular","frontal plane elevation",1,8,"Begon et al._2.0","in vivo",93,0.175378052537684,0.689437647924223,-8.05148770022348,0.951561320447839,1.13625128322059,0.331280220228003,FALSE
"acromioclavicular","frontal plane elevation",1,8,"Ludewig et al._","in vivo",19,0.133317840928051,0.398723375273761,-168.68027728975,0.957734319894758,0.863748716779409,-0.331280220228003,FALSE
"acromioclavicular","frontal plane elevation",1,8,"Sahara et al._","in vivo",4,0.0143816673296345,0.0203062204697346,-0.0718903606923338,0.999975222295426,0.093176926768745,-5.71178744035251,FALSE
"scapulothoracic","frontal plane elevation",1,11,"Henninger et al._20.0","in vivo",95,0.264793544291385,1.00980158915462,0.652714679716392,0.991490364439967,1.67810330106316,1.1507730014491,FALSE
"scapulothoracic","frontal plane elevation",1,11,"Henninger et al._1.0","in vivo",73,0.238765073683184,0.652231451926475,-0.405646937425252,0.999253965649196,1.51315040326448,0.92075734521103,FALSE
"scapulothoracic","frontal plane elevation",1,11,"Henninger et al._10.0","in vivo",94,0.237116563574067,0.967706312375888,-1.23355654589317,0.997228391496678,1.50270313098166,0.905355740961267,FALSE
"scapulothoracic","frontal plane elevation",1,11,"Henninger et al._18.0","in vivo",100,0.233515882814601,0.679200988727008,-8.14687658056475,0.991752389449601,1.47988416730675,0.871339777070047,FALSE
"scapulothoracic","frontal plane elevation",1,11,"Begon et al._2.0","in vivo",100,0.225652621929354,1.36514084891584,-119.512801680245,0.973428478265726,1.4300515171794,0.795194212949571,FALSE
"scapulothoracic","frontal plane elevation",1,11,"Henninger et al._9.0","in vivo",100,0.217418060584115,0.861103418708584,-8.69626355930604,0.981713677426225,1.37786578654449,0.712554457983653,FALSE
"scapulothoracic","frontal plane elevation",1,11,"Henninger et al._17.0","in vivo",93,0.213726991062508,0.866519310143882,-6.08607973300307,0.99483234934092,1.35447399289168,0.674490759476595,FALSE
"scapulothoracic","frontal plane elevation",1,11,"Henninger et al._3.0","in vivo",78,0.201682933888662,0.589421697321686,-10.6238476755859,0.997915314214612,1.27814595341582,0.545550295275824,FALSE
"scapulothoracic","frontal plane elevation",1,11,"Henninger et al._2.0","in vivo",83,0.194544087687244,0.509005001984008,-3.3035296862146,0.978772912784061,1.23290421080295,0.46543738842077,FALSE
"scapulothoracic","frontal plane elevation",1,11,"Henninger et al._15.0","in vivo",93,0.193587652765235,0.590602955379683,-10.1654646892825,0.995428508967359,1.22684289762339,0.454481472281228,FALSE
"scapulothoracic","frontal plane elevation",1,11,"Henninger et al._14.0","in vivo",100,0.189709704643799,0.625757870703417,-1.91045129788418,0.994266210354782,1.2022667790426,0.409498044745324,FALSE
"scapulothoracic","frontal plane elevation",1,11,"Henninger et al._8.0","in vivo",81,0.180868327769887,0.603265643112898,-13.280225457855,0.988912316120912,1.14623541408708,0.303403217342055,FALSE
"scapulothoracic","frontal plane elevation",1,11,"Henninger et al._13.0","in vivo",85,0.165857092017198,0.553025353982612,-41.5870033676285,0.940183095544386,1.05110316931489,0.110795410815228,FALSE
"scapulothoracic","frontal plane elevation",1,11,"Henninger et al._11.0","in vivo",99,0.161735511554589,0.429325938589571,-458.926810894291,0.946990717020805,1.02498305449709,0.0548551912343057,FALSE
"scapulothoracic","frontal plane elevation",1,11,"Bourne et al._6.0","in vivo",50,0.160659119419473,0.875539213796012,-17.6231012772574,0.998010591991236,1.01816152416103,0.0400110224450243,FALSE
"scapulothoracic","frontal plane elevation",1,11,"Henninger et al._6.0","in vivo",66,0.157793351651013,0.615221298947269,-29.1100785951905,0.998683081118176,1,0,FALSE
"scapulothoracic","frontal plane elevation",1,11,"Henninger et al._7.0","in vivo",92,0.151195656929414,0.525909043573987,-0.857261310305505,0.998308432870502,0.958187752192558,-0.0949482044990108,FALSE
"scapulothoracic","frontal plane elevation",1,11,"Henninger et al._16.0","in vivo",78,0.145390426315603,0.495994431758088,-52.4399638275708,0.985777954884335,0.921397668497203,-0.181983565499906,FALSE
"scapulothoracic","frontal plane elevation",1,11,"Henninger et al._4.0","in vivo",54,0.143902053087552,0.370989714787697,-1.34391056311248,0.996431436524165,0.911965248103836,-0.204857985600866,FALSE
"scapulothoracic","frontal plane elevation",1,11,"Henninger et al._5.0","in vivo",92,0.141166766343122,0.407114737844996,-5.03645801958444,0.992145220302401,0.894630634726212,-0.247519672826438,FALSE
"scapulothoracic","frontal plane elevation",1,11,"Henninger et al._19.0","in vivo",73,0.125219948143961,0.456306211135871,-153.261402302057,0.976691834640781,0.793569227307536,-0.513992314552101,FALSE
"scapulothoracic","frontal plane elevation",1,11,"Begon et al._1.0","in vivo",100,0.118565978334491,0.486452395816059,-60.7764203110505,0.987819628150335,0.751400341610846,-0.635373571968322,FALSE
"scapulothoracic","frontal plane elevation",1,11,"Bourne et al._5.0","in vivo",51,0.083620452973083,0.495373079136716,-16.3259435983746,0.999757964332006,0.529936477666207,-1.41160766468781,FALSE
"scapulothoracic","frontal plane elevation",1,11,"Bourne et al._4.0","in vivo",54,0.0778196746068872,0.263266653033885,-0.525744226938478,0.999915781030908,0.493174609656551,-1.57142847984578,FALSE
"scapulothoracic","frontal plane elevation",1,11,"Ludewig et al._","in vivo",19,0.0626785051735928,0.159942628948443,-178.865107582586,0.999198710505771,0.397218922836604,-2.05243402207088,FALSE
"scapulothoracic","frontal plane elevation",1,11,"Bourne et al._3.0","in vivo",55,0.0603799525859393,0.222266041772766,-0.37135916507842,0.999906821810323,0.382652069647902,-2.13548888114295,FALSE
"scapulothoracic","frontal plane elevation",1,11,"Henninger et al._12.0","in vivo",64,0.0597444715966997,0.23577638464608,-8.4789350799528,0.998984545424934,0.378624770762426,-2.15900939743145,FALSE
"scapulothoracic","frontal plane elevation",1,11,"Bourne et al._7.0","in vivo",49,0.0511969258212172,0.178105138181333,-0.0774092213661388,0.999696300753711,0.324455531779615,-2.50223597060105,FALSE
"scapulothoracic","frontal plane elevation",1,11,"Bourne et al._2.0","in vivo",48,0.0341482267979037,0.103417386527392,-19.2311424292646,0.999954917012787,0.216411061940229,-3.4024860190625,FALSE
"scapulothoracic","frontal plane elevation",1,11,"Chu et al._","in vivo",12,0.0317362284451137,0.067766454771931,-1.26931162961116,0.999813232326334,0.201125257262447,-3.56532551050207,FALSE
"scapulothoracic","frontal plane elevation",1,11,"Bourne et al._1.0","in vivo",46,0.0314593304578938,0.0881483899960198,-15.6751005159106,0.999736560549069,0.199370443233068,-3.58480634577593,FALSE
"glenohumeral","frontal plane elevation",1,9,"Begon et al._2.0","in vivo",93,0.617717491074867,4.82693686398121,-58.4257813027181,0.922245436104672,1.80380857662599,2.40721661033081,FALSE
"glenohumeral","frontal plane elevation",1,9,"Henninger et al._5.0","in vivo",67,0.553669594821409,2.04757593105095,-0.393711650631106,0.985055098442519,1.61678109845662,1.96052856465798,FALSE
"glenohumeral","frontal plane elevation",1,9,"Henninger et al._15.0","in vivo",61,0.475141347793804,1.29302304149003,-0.0523997796656113,0.998723968102833,1.38746927299849,1.33635922612726,FALSE
"glenohumeral","frontal plane elevation",1,9,"Henninger et al._6.0","in vivo",53,0.467710458601854,1.47264435260917,-1.11584903469284,0.99833897333252,1.36577019235068,1.27203524940516,FALSE
"glenohumeral","frontal plane elevation",1,9,"Henninger et al._14.0","in vivo",78,0.44085718961471,1.29603625134713,-0.684415918719395,0.997322378790251,1.28735545161674,1.03074879346366,FALSE
"glenohumeral","frontal plane elevation",1,9,"Henninger et al._2.0","in vivo",53,0.431937437617039,1.12311581601797,-6.05674261901116,0.987088258772557,1.26130871441527,0.947337975158753,FALSE
"glenohumeral","frontal plane elevation",1,9,"Henninger et al._10.0","in vivo",69,0.426200042909593,1.26631052632354,-1.21041971019279,0.997308089205632,1.24455483917245,0.892770874996758,FALSE
"glenohumeral","frontal plane elevation",1,9,"Henninger et al._3.0","in vivo",54,0.404001342602809,0.912423896128104,-3.77815654814549,0.997504676535129,1.17973199283592,0.674490759476595,FALSE
"glenohumeral","frontal plane elevation",1,9,"Henninger et al._18.0","in vivo",86,0.398215234343564,0.995051432234134,-0.918233390743702,0.999431486499555,1.16283586822539,0.615624153010351,FALSE
"glenohumeral","frontal plane elevation",1,9,"Henninger et al._12.0","in vivo",51,0.370081432200702,1.27325492205698,-0.687493719555429,0.997958360313935,1.08068181830511,0.316631680063432,FALSE
"glenohumeral","frontal plane elevation",1,9,"Henninger et al._20.0","in vivo",72,0.347763381319505,0.955282040661537,-34.2709047697476,0.984609366643177,1.01551045408968,0.06280794396911,FALSE
"glenohumeral","frontal plane elevation",1,9,"Henninger et al._4.0","in vivo",42,0.342451798422149,1.06126593619987,-6.05688411128003,0.998176186024471,1,0,FALSE
"glenohumeral","frontal plane elevation",1,9,"Henninger et al._9.0","in vivo",71,0.336864709498361,1.24208198182269,-1.34392050104973,0.996668099066103,0.983685035530458,-0.0671258431760631,FALSE
"glenohumeral","frontal plane elevation",1,9,"Henninger et al._8.0","in vivo",64,0.335304409913771,0.746814997721842,0.662434008039322,0.994468748220808,0.979128775082186,-0.0860709370954181,FALSE
"glenohumeral","frontal plane elevation",1,9,"Henninger et al._16.0","in vivo",59,0.332871885635634,1.27587217129542,-3.58144655155742,0.99711379107392,0.972025514742059,-0.115783121638463,FALSE
"glenohumeral","frontal plane elevation",1,9,"Henninger et al._7.0","in vivo",80,0.328028223318523,0.873605189631288,0.280552097741558,0.999102441934774,0.957881444424929,-0.175598431454729,FALSE
"glenohumeral","frontal plane elevation",1,9,"Henninger et al._13.0","in vivo",55,0.326760953534834,1.08896491510009,-0.724519011020142,0.99911831939372,0.954180865863136,-0.191393978664288,FALSE
"glenohumeral","frontal plane elevation",1,9,"Henninger et al._17.0","in vivo",67,0.309226877176102,0.79821731896201,-0.613379936602293,0.999273158395197,0.902979276502178,-0.416460399844895,FALSE
"glenohumeral","frontal plane elevation",1,9,"Henninger et al._1.0","in vivo",52,0.294995284436874,0.61746927799177,-8.84489111494369,0.99859640455092,0.861421332275281,-0.608726949921254,FALSE
"glenohumeral","frontal plane elevation",1,9,"Begon et al._1.0","in vivo",94,0.284402714539068,0.82897165430159,-20.1256388119766,0.997398806528362,0.83048976775551,-0.757951158990503,FALSE
"glenohumeral","frontal plane elevation",1,9,"Henninger et al._11.0","in vivo",85,0.280208395183435,0.705871297872087,-1.46792740380286,0.999660278258396,0.818241856151723,-0.818581025261801,FALSE
"glenohumeral","frontal plane elevation",1,9,"Henninger et al._19.0","in vivo",38,0.253734772717953,0.596207333692715,-0.262854515361412,0.996733468895575,0.740935728435473,-1.22356807864708,FALSE
"glenohumeral","frontal plane elevation",1,9,"Ludewig et al._","in vivo",19,0.166202783163345,0.425746031050295,-4.36567498209861,0.999945185431048,0.485331903436122,-2.95004175536644,FALSE
"sternoclavicular","scapular plane elevation",1,9,"Ludewig et al._","in vivo",19,0.0969796660165177,0.216724618628092,-171.624521459351,0.999057709044543,16.8037586923971,3.11420095645947,TRUE
"sternoclavicular","scapular plane elevation",1,9,"Fung et al._","ex vivo",69,0.067848447960484,0.279005584704976,-20.9154390430574,0.99991961082483,11.7561649159263,2.71999357959807,FALSE
"sternoclavicular","scapular plane elevation",1,9,"Matsuki et al._3.0","in vivo",8,0.0137343136605738,0.0283494993834452,0.468706276380674,0.999994866265174,2.3797575516363,0.957241886761456,FALSE
"sternoclavicular","scapular plane elevation",1,9,"Matsuki et al._11.0","in vivo",8,0.0134517133583966,0.02854688757097,-36.924593124871,0.999962947796427,2.33079112930015,0.934298599520539,FALSE
"sternoclavicular","scapular plane elevation",1,9,"Matsuki et al._23.0","in vivo",8,0.0133537179986119,0.0236488569555258,-5.44503148495578,0.999959425447791,2.3138113803854,0.926230007299445,FALSE
"sternoclavicular","scapular plane elevation",1,9,"Matsuki et al._8.0","in vivo",8,0.011182145770913,0.0225310322677981,0.120802558174246,0.999993959049504,1.93754100128193,0.7303798587825,FALSE
"sternoclavicular","scapular plane elevation",1,9,"Matsuki et al._15.0","in vivo",8,0.0104210885887488,0.020791919208623,-2.24114575744021,0.99999400991715,1.80567190165,0.652595658129175,FALSE
"sternoclavicular","scapular plane elevation",1,9,"Matsuki et al._10.0","in vivo",8,0.0103042596741361,0.01747430146402,0.634914352776922,0.999994402225488,1.78542884483115,0.640154344849516,FALSE
"sternoclavicular","scapular plane elevation",1,9,"Matsuki et al._22.0","in vivo",8,0.0100696948223836,0.0194966718349132,0.265131602127391,0.999991574798816,1.74478557054006,0.614743452598548,FALSE
"sternoclavicular","scapular plane elevation",1,9,"Matsuki et al._5.0","in vivo",8,0.00810419768629087,0.0170310349698504,-3.38315951455563,0.99999585617651,1.40422201797148,0.375114417085277,FALSE
"sternoclavicular","scapular plane elevation",1,9,"Matsuki et al._20.0","in vivo",8,0.00734132248381339,0.0168731512499445,-0.156640962439052,0.999996340017231,1.27203790823592,0.266016211149055,FALSE
"sternoclavicular","scapular plane elevation",1,9,"Matsuki et al._21.0","in vivo",8,0.00639671923010123,0.0147335027423381,-197.187937794994,0.999061810737012,1.10836560673791,0.114023228587316,FALSE
"sternoclavicular","scapular plane elevation",1,9,"Matsuki et al._6.0","in vivo",8,0.00594240432603242,0.0109571198782987,-3.03669426703821,0.999996989681075,1.0296460325023,0.032724798885542,FALSE
"sternoclavicular","scapular plane elevation",1,9,"Matsuki et al._18.0","in vivo",8,0.00560021156030455,0.0114890296109635,-3.68550425069883,0.999996143956522,0.970353967497704,-0.032724798885542,FALSE
"sternoclavicular","scapular plane elevation",1,9,"Matsuki et al._12.0","in vivo",8,0.00506251145549577,0.00943390910230413,0.582302750579125,0.999997882853726,0.877186160459221,-0.144116710156098,FALSE
"sternoclavicular","scapular plane elevation",1,9,"Matsuki et al._9.0","in vivo",8,0.00489624705960435,0.00977499065638909,0.62475975206054,0.99998602621283,0.848377370921621,-0.18096756219893,FALSE
"sternoclavicular","scapular plane elevation",1,9,"Matsuki et al._17.0","in vivo",8,0.00377292664481443,0.00917713073309123,-5.33984016193768,0.999995171142413,0.653738577453739,-0.468566676573582,FALSE
"sternoclavicular","scapular plane elevation",1,9,"Matsuki et al._16.0","in vivo",8,0.00370231186008207,0.00828933823717648,-323.843850978694,0.999983654604219,0.641503086742149,-0.489416223671495,FALSE
"sternoclavicular","scapular plane elevation",1,9,"Matsuki et al._19.0","in vivo",8,0.0035774661045946,0.00743211063425164,-15.5228378150552,0.999990325280828,0.619870944302886,-0.527270186537156,FALSE
"sternoclavicular","scapular plane elevation",1,9,"Matsuki et al._24.0","in vivo",8,0.00306916233257339,0.00544580005013273,-6.16001167147058,0.99999897470089,0.531796667721807,-0.696385860824016,FALSE
"sternoclavicular","scapular plane elevation",1,9,"Matsuki et al._2.0","in vivo",8,0.00284579870563944,0.00604362300335737,-0.869592115700308,0.999992708780953,0.493094240276681,-0.779769385447996,FALSE
"sternoclavicular","scapular plane elevation",1,9,"Matsuki et al._4.0","in vivo",8,0.00227472016101326,0.00562976342029131,-36.3939866522321,0.999998895475668,0.394142919319676,-1.02694488133009,FALSE
"sternoclavicular","scapular plane elevation",1,9,"Matsuki et al._1.0","in vivo",8,0.00223181845745967,0.00473836535480388,-0.162018365367863,0.999999165432632,0.386709300463074,-1.04795641153345,FALSE
"sternoclavicular","scapular plane elevation",1,9,"Matsuki et al._7.0","in vivo",8,0.00147644999361662,0.00292257016006303,-0.0433772771567547,0.999999445005047,0.255825890449026,-1.50390762040466,FALSE
"sternoclavicular","scapular plane elevation",1,9,"Matsuki et al._14.0","in vivo",8,0.00124385254876181,0.00223166785485773,-28.8436701785399,0.999999162604145,0.215523510616716,-1.69308211996238,FALSE
"sternoclavicular","scapular plane elevation",1,9,"Matsuki et al._13.0","in vivo",8,0.000795022806107546,0.00163252092518817,-24.387911024532,0.999999821871361,0.137754355500752,-2.18701871064617,FALSE
"scapulothoracic","scapular plane elevation",1,11,"Henninger et al._19.0","in vivo",100,0.357121059096115,1.14126198351921,-233.01271102381,0.939131899958858,8.7799650637452,0.791129375969132,FALSE
"scapulothoracic","scapular plane elevation",1,11,"Henninger et al._3.0","in vivo",100,0.325180981987732,1.13087769815802,0.412955267306937,0.990530195053116,7.99470540458448,0.757010080092993,FALSE
"scapulothoracic","scapular plane elevation",1,11,"Henninger et al._18.0","in vivo",100,0.32496097720771,1.69488662485177,-62.4803510619551,0.982102722838819,7.98929649846357,0.756763619680581,FALSE
"scapulothoracic","scapular plane elevation",1,11,"Henninger et al._6.0","in vivo",78,0.295097927349271,0.878188359270854,-2.58823756694915,0.997514545158025,7.25510139073846,0.721659299258104,FALSE
"scapulothoracic","scapular plane elevation",1,11,"Henninger et al._10.0","in vivo",100,0.259246822412354,0.86951124311722,-4.54049379311912,0.998579724253116,6.37368753729759,0.674490759476595,FALSE
"scapulothoracic","scapular plane elevation",1,11,"Henninger et al._15.0","in vivo",100,0.220874031406601,0.854682936065064,-80.2196063952808,0.984024903068448,5.43027701627808,0.616156547145907,FALSE
"scapulothoracic","scapular plane elevation",1,11,"Henninger et al._11.0","in vivo",100,0.218751958621486,0.798638406437988,-62.9659477435543,0.992833136390899,5.37810500221877,0.612640914225438,FALSE
"scapulothoracic","scapular plane elevation",1,11,"Henninger et al._9.0","in vivo",100,0.190519642019738,0.553954166222802,-21.1338994527521,0.995048604822719,4.68400212836604,0.562320011160545,FALSE
"scapulothoracic","scapular plane elevation",1,11,"Henninger et al._7.0","in vivo",100,0.173309914128292,0.505602969061925,-3.67570649540095,0.997544954570221,4.26089403716053,0.527843486770748,FALSE
"scapulothoracic","scapular plane elevation",1,11,"Henninger et al._14.0","in vivo",100,0.171047128827256,0.488026422048858,-29.5089227709939,0.993297712324879,4.20526254922718,0.523057584090579,FALSE
"scapulothoracic","scapular plane elevation",1,11,"Henninger et al._1.0","in vivo",100,0.166549350763427,0.755524773956676,-1.13718450277457,0.999559828834488,4.09468286410624,0.513353623060271,FALSE
"scapulothoracic","scapular plane elevation",1,11,"Henninger et al._20.0","in vivo",100,0.16435390572665,0.629169220913013,-7.28636878897675,0.997878493984962,4.04070696369012,0.508521353713383,FALSE
"scapulothoracic","scapular plane elevation",1,11,"Henninger et al._17.0","in vivo",100,0.151433750350349,0.482838620768641,-0.578555874338436,0.998850875566438,3.72305974033902,0.478706112556064,FALSE
"scapulothoracic","scapular plane elevation",1,11,"Kim et al._","in vivo",13,0.146863168783719,0.31356965540285,-0.607629220341596,0.999869902723901,3.61069015178107,0.467545708477905,FALSE
"scapulothoracic","scapular plane elevation",1,11,"Henninger et al._13.0","in vivo",100,0.144688560679102,0.444774416248507,-72.9005496020308,0.990562642385898,3.55722653573389,0.462113246850421,FALSE
"scapulothoracic","scapular plane elevation",1,11,"Henninger et al._8.0","in vivo",100,0.140922666549677,0.334201338624361,-59.0926873135669,0.996262231817563,3.46464051189705,0.45250948826908,FALSE
"scapulothoracic","scapular plane elevation",1,11,"Henninger et al._2.0","in vivo",100,0.139830738788496,0.38301696512762,-19.0570295700717,0.998105618920203,3.4377950281287,0.44967682926036,FALSE
"scapulothoracic","scapular plane elevation",1,11,"Henninger et al._12.0","in vivo",100,0.130893450625733,0.395730800708819,-71.7959227195458,0.994525836327105,3.21806819927045,0.425624354076837,FALSE
"scapulothoracic","scapular plane elevation",1,11,"Henninger et al._4.0","in vivo",100,0.129930621892837,0.427834468986145,-9.95435405962324,0.997741021080676,3.19439666710545,0.422935751712244,FALSE
"scapulothoracic","scapular plane elevation",1,11,"Henninger et al._16.0","in vivo",100,0.129502265757279,0.463564227076557,-40.2455551514796,0.997109976887944,3.18386535899788,0.421733200473372,FALSE
"scapulothoracic","scapular plane elevation",1,11,"Henninger et al._5.0","in vivo",100,0.126148818706389,0.363161606577094,-3.20453560991191,0.998774925747337,3.10141951269452,0.41217905262046,FALSE
"scapulothoracic","scapular plane elevation",1,11,"Fung et al._","ex vivo",69,0.0817697872853299,0.276735767308697,-16.0212003947069,0.999653967362132,2.0103431521294,0.254295489217434,FALSE
"scapulothoracic","scapular plane elevation",1,11,"Karduna et al._","in vivo",25,0.0594772344245989,0.196224029824059,-269.35662535239,0.999286044124719,1.46227176201226,0.138377923216161,FALSE
"scapulothoracic","scapular plane elevation",1,11,"Kijima et al._","in vivo",8,0.0533236890124415,0.0915923141404962,0.118282317706226,0.999985286794148,1.3109843697939,0.0986068456979237,FALSE
"scapulothoracic","scapular plane elevation",1,11,"Ludewig et al._","in vivo",19,0.0433469621787211,0.121743275853696,-607.279203487413,0.999365134875411,1.06570252258976,0.023173093422976,FALSE
"scapulothoracic","scapular plane elevation",1,11,"Chu et al._","in vivo",12,0.0406745421540186,0.0974345120731197,-44.8687378809672,0.999799412553001,1,0,FALSE
"scapulothoracic","scapular plane elevation",1,11,"Matsuki et al._13.0","in vivo",8,0.00967971615827842,0.0147411157100912,-1.50301399821616,0.999997661092543,0.237979720131209,-0.522778305360886,FALSE
"scapulothoracic","scapular plane elevation",1,11,"Matsuki et al._17.0","in vivo",8,0.00810422326321831,0.0149730326142148,-1.33538084887969,0.999998028261584,0.19924559279686,-0.587470480836023,FALSE
"scapulothoracic","scapular plane elevation",1,11,"Matsumura et al._","ex vivo",11,0.00726161314991272,0.0125202728319351,-89.8165389391112,0.999978323655871,0.178529683810965,-0.627449264691643,FALSE
"scapulothoracic","scapular plane elevation",1,11,"Matsuki et al._3.0","in vivo",8,0.00725251372618521,0.0130523054153255,-4.98463459557393,0.999997183941251,0.17830597081395,-0.627905875580466,FALSE
"scapulothoracic","scapular plane elevation",1,11,"Matsuki et al._5.0","in vivo",8,0.00530609835660303,0.0101245492295003,-6.18946873485227,0.999998314302004,0.130452565059268,-0.741702982212509,FALSE
"scapulothoracic","scapular plane elevation",1,11,"Matsuki et al._19.0","in vivo",8,0.00439070243427001,0.00841590708393847,-17.6614297370736,0.999997739348971,0.107947187644894,-0.810663234946609,FALSE
"scapulothoracic","scapular plane elevation",1,11,"Matsuki et al._14.0","in vivo",8,0.00398228587845398,0.00766378620773978,-13.9767105990389,0.999998461187034,0.097906102135695,-0.846217432283646,FALSE
"scapulothoracic","scapular plane elevation",1,11,"Matsuki et al._21.0","in vivo",8,0.00314018949181134,0.00404463413807532,-763.441526071312,0.999973623876562,0.0772028233267056,-0.932732159948475,FALSE
"scapulothoracic","scapular plane elevation",1,11,"Matsuki et al._15.0","in vivo",8,0.00313110042554448,0.00517543007181054,-25.7581282870835,0.999998613065886,0.0769793649720315,-0.933787727250295,FALSE
"scapulothoracic","scapular plane elevation",1,11,"Matsuki et al._20.0","in vivo",8,0.0028412143940707,0.00438967852572913,-410.539411854871,0.999987715015389,0.0698524001404153,-0.969167027514947,FALSE
"scapulothoracic","scapular plane elevation",1,11,"Matsuki et al._23.0","in vivo",8,0.00281649032861914,0.00518645168335574,-28.9735610173171,0.999998713286971,0.0692445490339926,-0.972349800070629,FALSE
"scapulothoracic","scapular plane elevation",1,11,"Matsuki et al._12.0","in vivo",8,0.00254540482487393,0.00488065693691331,-73.329566190584,0.999997353381394,0.0625798027482515,-1.00920354725466,FALSE
"scapulothoracic","scapular plane elevation",1,11,"Matsuki et al._1.0","in vivo",8,0.00238988351475723,0.00395652586702355,-36.411305272862,0.99999880808491,0.0587562487048453,-1.03216209554881,FALSE
"scapulothoracic","scapular plane elevation",1,11,"Matsuki et al._11.0","in vivo",8,0.00237709925142695,0.00414263775277313,-38.4353402835881,0.999998859810052,0.0584419424421743,-1.03411533910465,FALSE
"scapulothoracic","scapular plane elevation",1,11,"Matsuki et al._2.0","in vivo",8,0.00236119128643673,0.00399632433520969,-49.262479499088,0.999997874314431,0.0580508387161636,-1.03656055834601,FALSE
"scapulothoracic","scapular plane elevation",1,11,"Matsuki et al._10.0","in vivo",8,0.00215243584269594,0.00359874192465792,-534.249182847064,0.999990515574871,0.0529185020582532,-1.07026951514195,FALSE
"scapulothoracic","scapular plane elevation",1,11,"Matsuki et al._4.0","in vivo",8,0.00210952379357928,0.00362987115104385,-42.858051170477,0.99999895969547,0.0518634920484497,-1.07760295661955,FALSE
"scapulothoracic","scapular plane elevation",1,11,"Matsuki et al._18.0","in vivo",8,0.00206590536496866,0.00278837706646806,-7566.23806881122,0.999874470859508,0.0507911154143023,-1.08521161224245,FALSE
"scapulothoracic","scapular plane elevation",1,11,"Matsuki et al._22.0","in vivo",8,0.00148630459890173,0.00222485624785042,-144.022814658805,0.999998788489479,0.0365413971538677,-1.20512091166097,FALSE
"scapulothoracic","scapular plane elevation",1,11,"Matsuki et al._16.0","in vivo",8,0.00141947869896772,0.00272220704980386,-267.813052824394,0.999997487055064,0.0348984554907272,-1.22187348037205,FALSE
"scapulothoracic","scapular plane elevation",1,11,"Matsuki et al._6.0","in vivo",8,0.00128895964277887,0.00199092813212287,-901.289732358277,0.99999400908093,0.0316895919294699,-1.25699835026613,FALSE
"scapulothoracic","scapular plane elevation",1,11,"Matsuki et al._7.0","in vivo",8,0.00120212781011443,0.00210473054176519,-126.349851520735,0.999999212612717,0.029554796353022,-1.28239574737792,FALSE
"scapulothoracic","scapular plane elevation",1,11,"Matsuki et al._24.0","in vivo",8,0.00109852714599952,0.00154850329954326,-273.080951470549,0.999998865811879,0.0270077323019355,-1.31521495514301,FALSE
"scapulothoracic","scapular plane elevation",1,11,"Matsuki et al._8.0","in vivo",8,0.00108807770845327,0.00186174054836385,-592.642523201606,0.999996845713455,0.0267508286714857,-1.31869551531244,FALSE
"scapulothoracic","scapular plane elevation",1,11,"Matsuki et al._9.0","in vivo",8,0.000928733429480345,0.00147606111978726,-435.317431678279,0.999998431867901,0.0228332853990979,-1.37635896127582,FALSE
"glenohumeral","scapular plane elevation",1,18,"Henninger et al._19.0","in vivo",100,1.37148529339321,6.14274201983788,-2.88040755347955,0.987596435377613,4.08342499607355,4.16227613172583,TRUE
"glenohumeral","scapular plane elevation",1,18,"Henninger et al._5.0","in vivo",100,0.700308980933239,4.12622874502959,-3.39448307903433,0.995794566514651,2.08508192650208,2.17385453635263,FALSE
"glenohumeral","scapular plane elevation",1,18,"Henninger et al._3.0","in vivo",100,0.665378858935064,2.64772118101554,0.710769731364759,0.998417721796317,1.98108188073392,2.0224879901896,FALSE
"glenohumeral","scapular plane elevation",1,18,"Henninger et al._10.0","in vivo",100,0.622115098024299,2.61909941815587,0.636782456695001,0.999513333043827,1.85226947306305,1.82359058078289,FALSE
"glenohumeral","scapular plane elevation",1,18,"Henninger et al._4.0","in vivo",100,0.608629635661255,3.10175001944464,0.737386232096211,0.999283957195582,1.81211820468115,1.75875674021266,FALSE
"glenohumeral","scapular plane elevation",1,18,"Henninger et al._7.0","in vivo",100,0.605594899195513,2.04041550381611,0.831527736598054,0.999332418231388,1.80308265847413,1.74396874178381,FALSE
"glenohumeral","scapular plane elevation",1,18,"Henninger et al._16.0","in vivo",100,0.513056491133622,1.66890649924501,0.94424933024134,0.999260670132102,1.52756118522386,1.25339153796144,FALSE
"glenohumeral","scapular plane elevation",1,18,"Henninger et al._14.0","in vivo",100,0.415353526399509,1.76972234597647,0.597640762120421,0.99941519398748,1.23666289392779,0.628412537917674,FALSE
"glenohumeral","scapular plane elevation",1,18,"Henninger et al._15.0","in vivo",100,0.342660984145226,1.12410106250866,0.741934419846254,0.99982681569941,1.02022999049149,0.0592510285574621,FALSE
"glenohumeral","scapular plane elevation",1,18,"Henninger et al._18.0","in vivo",100,0.33662629962048,1.21314930155543,0.694923042951632,0.999796999059805,1.00226247618385,0.00668574341023134,FALSE
"glenohumeral","scapular plane elevation",1,18,"Henninger et al._17.0","in vivo",100,0.3358664098672,1.41177277685846,-1.85728344694853,0.999296310117085,1,0,FALSE
"glenohumeral","scapular plane elevation",1,18,"Henninger et al._1.0","in vivo",100,0.33202858519041,1.13160183800851,-3.63490262561947,0.997092964870365,0.988573359633351,-0.033999163672273,FALSE
"glenohumeral","scapular plane elevation",1,18,"Henninger et al._8.0","in vivo",100,0.327446335248569,0.924281724672962,0.313229596005305,0.992319844755633,0.974930286651884,-0.075111673642111,FALSE
"glenohumeral","scapular plane elevation",1,18,"Henninger et al._12.0","in vivo",100,0.319222075747657,1.07091480124243,0.464488249949608,0.999373263340571,0.950443588192924,-0.150364893604751,FALSE
"glenohumeral","scapular plane elevation",1,18,"Henninger et al._11.0","in vivo",100,0.313158389845857,1.28406429350032,0.808763991567022,0.999856881173033,0.932389725932041,-0.207100809964555,FALSE
"glenohumeral","scapular plane elevation",1,18,"Henninger et al._6.0","in vivo",78,0.311286924386347,1.19948279575823,0.112132670302414,0.999575320515299,0.926817672864126,-0.224833524286492,FALSE
"glenohumeral","scapular plane elevation",1,18,"Henninger et al._13.0","in vivo",100,0.272748815587901,0.879528887351746,-0.564747907752879,0.999632345157106,0.81207530010442,-0.615826544263063,FALSE
"glenohumeral","scapular plane elevation",1,18,"Henninger et al._9.0","in vivo",100,0.267393553048402,0.892334918533647,-1.06476268551537,0.998271977495411,0.796130679320173,-0.674490759476595,FALSE
"glenohumeral","scapular plane elevation",1,18,"Henninger et al._2.0","in vivo",100,0.256454980683478,0.776320359537973,-0.171247132058511,0.999733873348009,0.763562455634902,-0.798058343840753,FALSE
"glenohumeral","scapular plane elevation",1,18,"Ludewig et al._","in vivo",19,0.237930229060812,0.655786709468,-2.49950026224558,0.998822896802386,0.70840733717578,-1.01986614319844,FALSE
"glenohumeral","scapular plane elevation",1,18,"Henninger et al._20.0","in vivo",100,0.212552633153818,0.667412572075484,-0.0202410002726652,0.999400649452415,0.632848736608881,-1.35353737666181,FALSE
"sternoclavicular","sagittal plane elevation",1,8,"Begon et al._1.0","in vivo",100,0.173649846061329,0.807339794315979,-2.94062176481974,0.998464699345135,1.26843218740109,0.674490759476595,FALSE
"sternoclavicular","sagittal plane elevation",1,8,"Begon et al._2.0","in vivo",100,0.136901166484211,0.481348860697818,-0.062860366525944,0.998646345355935,1,0,FALSE
"sternoclavicular","sagittal plane elevation",1,8,"Ludewig et al._","in vivo",19,0.0683456623762916,0.128532841161139,-2.22222533283998,0.999450405194803,0.499233601374564,-1.97053069150137,FALSE
"acromioclavicular","sagittal plane elevation",1,8,"Begon et al._1.0","in vivo",100,0.223627324141392,0.773358676222927,-3.04547085228084,0.993554184678601,1.44741533038871,2.52237052723988,FALSE
"acromioclavicular","sagittal plane elevation",1,8,"Begon et al._2.0","in vivo",100,0.154501143829488,0.421853598698277,-3.6129322288266,0.991858187510562,1,0,FALSE
"acromioclavicular","sagittal plane elevation",1,8,"Ludewig et al._","in vivo",19,0.139955032826708,0.471626898991801,-62.0318906503574,0.983838714876623,0.905851111245924,-0.674490759476595,FALSE
"scapulothoracic","sagittal plane elevation",1,11,"Karduna et al._","in vivo",25,0.553484327483825,1.90285548649777,-39.4612937261466,0.980381010869086,3.4093139849082,1.65679690994635,FALSE
"scapulothoracic","sagittal plane elevation",1,11,"Henninger et al._16.0","in vivo",100,0.488737028205314,1.57786696618961,-1.12169015717506,0.962462698169498,3.01048810682276,1.48874280406407,FALSE
"scapulothoracic","sagittal plane elevation",1,11,"Henninger et al._3.0","in vivo",85,0.327772191458203,1.10513113516622,-28.7121012524341,0.994972233906415,2.01898818216333,0.949082069466118,FALSE
"scapulothoracic","sagittal plane elevation",1,11,"Henninger et al._8.0","in vivo",95,0.302242831537165,1.11994879442888,0.356428129457611,0.981820832383524,1.86173421943555,0.839546621841071,FALSE
"scapulothoracic","sagittal plane elevation",1,11,"Henninger et al._18.0","in vivo",100,0.285919385015148,0.720882852674357,-0.340225439006543,0.994008358754076,1.76118619712314,0.76454786385441,FALSE
"scapulothoracic","sagittal plane elevation",1,11,"Henninger et al._10.0","in vivo",100,0.282972492972073,0.993832179000826,0.217630876132803,0.997973600872045,1.74303413796702,0.750553080877003,FALSE
"scapulothoracic","sagittal plane elevation",1,11,"Henninger et al._9.0","in vivo",97,0.280812400899822,0.875893036770314,-0.459774741028255,0.997708751856687,1.72972855415023,0.740201927497329,FALSE
"scapulothoracic","sagittal plane elevation",1,11,"Henninger et al._5.0","in vivo",79,0.267479111996536,0.713189712527196,-1.654671649812,0.991434043743787,1.6475990952558,0.674490759476595,FALSE
"scapulothoracic","sagittal plane elevation",1,11,"Henninger et al._15.0","in vivo",86,0.260638720951303,0.824498253206727,0.291012515650889,0.991813902241363,1.60546413371358,0.639496067414273,FALSE
"scapulothoracic","sagittal plane elevation",1,11,"Yoshida et al._","in vivo",13,0.231262916747101,0.520264004254518,-6.52102888065422,0.995290506338893,1.42451711296123,0.477964886621946,FALSE
"scapulothoracic","sagittal plane elevation",1,11,"Henninger et al._19.0","in vivo",50,0.20182022284804,0.854796789254991,-8.71326258317444,0.987568653711998,1.24315806975261,0.294012901768454,FALSE
"scapulothoracic","sagittal plane elevation",1,11,"Henninger et al._7.0","in vivo",92,0.177226470195222,0.482675905003223,-8.37143446039397,0.998799265910742,1.09166719512965,0.118475191472896,FALSE
"scapulothoracic","sagittal plane elevation",1,11,"Begon et al._2.0","in vivo",100,0.1623447796049,0.780530766417286,-21.2493203770636,0.995553103405975,1,0,FALSE
"scapulothoracic","sagittal plane elevation",1,11,"Henninger et al._1.0","in vivo",88,0.158829567106425,0.498030563665708,-9.67660578195535,0.985813451733242,0.978347240317612,-0.0295703093211314,FALSE
"scapulothoracic","sagittal plane elevation",1,11,"Henninger et al._20.0","in vivo",92,0.132990915505177,0.476810041087074,-14.2807260396307,0.997947986923182,0.819188124366165,-0.26940979020402,FALSE
"scapulothoracic","sagittal plane elevation",1,11,"Henninger et al._17.0","in vivo",80,0.125512164272579,0.34719845335071,0.557525051644209,0.999098749567668,0.773121036463501,-0.347592797086611,FALSE
"scapulothoracic","sagittal plane elevation",1,11,"Henninger et al._11.0","in vivo",90,0.12333321628541,0.365419082523822,-10.4505917692937,0.998799490613169,0.759699305302993,-0.371249606493247,FALSE
"scapulothoracic","sagittal plane elevation",1,11,"Henninger et al._2.0","in vivo",69,0.111128423070879,0.289784873518052,0.502772112337802,0.995742135299329,0.684521075092978,-0.512009570217181,FALSE
"scapulothoracic","sagittal plane elevation",1,11,"Henninger et al._4.0","in vivo",63,0.11105640651306,0.39496776978276,-23.0696680418961,0.996545155038142,0.684077472545397,-0.51288525088681,FALSE
"scapulothoracic","sagittal plane elevation",1,11,"Henninger et al._6.0","in vivo",63,0.110520108000677,0.296475278257219,-9.06610376419927,0.999450475638553,0.680774018540357,-0.519424253407294,FALSE
"scapulothoracic","sagittal plane elevation",1,11,"Begon et al._1.0","in vivo",100,0.0949169563504609,0.412790595213259,0.168216912486544,0.998409937017512,0.584662818117472,-0.725012602312167,FALSE
"scapulothoracic","sagittal plane elevation",1,11,"Henninger et al._13.0","in vivo",85,0.0717639078401509,0.239389645378225,-1.03004838360992,0.997850790530587,0.442046291939927,-1.10273009818284,FALSE
"scapulothoracic","sagittal plane elevation",1,11,"Ludewig et al._","in vivo",19,0.0715295465369278,0.208338000507524,-177.443373736666,0.998836748183784,0.440602689603015,-1.10714872913172,FALSE
"scapulothoracic","sagittal plane elevation",1,11,"Henninger et al._12.0","in vivo",63,0.0639175056280291,0.220065987051989,0.822003429035911,0.998735168507301,0.393714573290164,-1.25913949202315,FALSE
"scapulothoracic","sagittal plane elevation",1,11,"Henninger et al._14.0","in vivo",87,0.0566446383430449,0.171556917527283,-3.34343114612027,0.99858335176149,0.348915674904369,-1.42231318089314,FALSE
"glenohumeral","sagittal plane elevation",1,9,"Henninger et al._9.0","in vivo",69,1.30262662899878,9.35679701799641,-1.71953576041873,0.959285464416715,4.44912680244102,4.02414156953,TRUE
"glenohumeral","sagittal plane elevation",1,9,"Henninger et al._20.0","in vivo",84,0.885466313438656,4.02088332501316,-4.81519178665369,0.983120151373518,3.024313966932,2.98352845320111,FALSE
"glenohumeral","sagittal plane elevation",1,9,"Henninger et al._18.0","in vivo",100,0.496571563645195,1.49185957130914,0.775764663284668,0.999470562251959,1.6960422917517,1.42435711071833,FALSE
"glenohumeral","sagittal plane elevation",1,9,"Henninger et al._11.0","in vivo",81,0.481574354150046,1.50000491669282,0.298862267603724,0.999288309085228,1.64481925881096,1.3416874207204,FALSE
"glenohumeral","sagittal plane elevation",1,9,"Henninger et al._5.0","in vivo",67,0.47838548989736,1.45124618429635,0.552995085169733,0.999510642707191,1.63392767936668,1.32377764999821,FALSE
"glenohumeral","sagittal plane elevation",1,9,"Henninger et al._10.0","in vivo",82,0.393140267705876,1.7318356722202,0.375167028065905,0.999718695962184,1.34277225970227,0.794740663082837,FALSE
"glenohumeral","sagittal plane elevation",1,9,"Henninger et al._8.0","in vivo",75,0.373812472551034,1.14882025185992,0.722768258363936,0.998601999153115,1.27675809298622,0.658843266777112,FALSE
"glenohumeral","sagittal plane elevation",1,9,"Henninger et al._16.0","in vivo",81,0.349171989872022,1.00923429217974,0.702527774564972,0.99913629516528,1.19259841939154,0.475022765005396,FALSE
"glenohumeral","sagittal plane elevation",1,9,"Begon et al._1.0","in vivo",100,0.323330144795804,1.15233577944397,0.513024511017869,0.999787269115636,1.10433548740964,0.267746674131179,FALSE
"glenohumeral","sagittal plane elevation",1,9,"Henninger et al._19.0","in vivo",42,0.311744366926683,0.809121502522508,-7.4304557635607,0.997670443720644,1.06476421372529,0.169378600992973,FALSE
"glenohumeral","sagittal plane elevation",1,9,"Henninger et al._3.0","in vivo",73,0.299338062846765,0.941824736156406,-2.39085670791719,0.999619434671013,1.02239042927132,0.0599054124955511,FALSE
"glenohumeral","sagittal plane elevation",1,9,"Henninger et al._12.0","in vivo",56,0.296461160540629,0.940953934250388,0.858968350359683,0.999561021069257,1.0125643571849,0.0338718249477076,FALSE
"glenohumeral","sagittal plane elevation",1,9,"Henninger et al._6.0","in vivo",59,0.289103911816534,1.26141706516808,0.580818653952881,0.999199924207315,0.987435642815104,-0.0338718249477082,FALSE
"glenohumeral","sagittal plane elevation",1,9,"Henninger et al._14.0","in vivo",75,0.263257738389413,1.11884843915464,-3.99339748917353,0.997935478827828,0.899157927332251,-0.286333502029969,FALSE
"glenohumeral","sagittal plane elevation",1,9,"Henninger et al._7.0","in vivo",67,0.260343893507876,0.786750194590383,0.367037967659068,0.999428830207635,0.889205677722119,-0.316337241336927,FALSE
"glenohumeral","sagittal plane elevation",1,9,"Henninger et al._1.0","in vivo",74,0.256097204263141,0.689616770652613,0.977700919455036,0.999500297978521,0.874701092509615,-0.360672060224848,FALSE
"glenohumeral","sagittal plane elevation",1,9,"Henninger et al._13.0","in vivo",67,0.247506602444867,0.779855703956699,-1.59681458011104,0.996957532695489,0.845359855390764,-0.452649682414643,FALSE
"glenohumeral","sagittal plane elevation",1,9,"Ludewig et al._","in vivo",19,0.23930350702788,0.61063833703902,0.0452990199105545,0.999810106127641,0.817342148036854,-0.543508012029673,FALSE
"glenohumeral","sagittal plane elevation",1,9,"Henninger et al._2.0","in vivo",59,0.226634597007021,0.706414411704372,0.812971189227967,0.999772861293571,0.774071431872515,-0.690138252176079,FALSE
"glenohumeral","sagittal plane elevation",1,9,"Henninger et al._15.0","in vivo",61,0.216287018253929,0.536837417990625,0.872236117456923,0.999720555041855,0.738729232545501,-0.816116730421146,FALSE
"glenohumeral","sagittal plane elevation",1,9,"Henninger et al._17.0","in vivo",80,0.211005885161343,0.680294924282137,0.0262719215402889,0.997994541264135,0.720691499962419,-0.882755813226085,FALSE
"glenohumeral","sagittal plane elevation",1,9,"Henninger et al._4.0","in vivo",54,0.180991919424835,0.561553953773604,0.493229450999348,0.999903290371419,0.618178672085959,-1.29637059554763,FALSE
"glenohumeral","sagittal plane elevation",1,9,"Begon et al._2.0","in vivo",100,0.178151923523806,0.499582028745138,-0.388328805472697,0.999760112025997,0.608478653983458,-1.33900535367252,FALSE
"glenohumeral","sagittal plane elevation",1,9,"Yoshida et al._","in vivo",13,0.119710992141001,0.272373877999367,-3.22664847981361,0.9998917814054,0.408873403801598,-2.41070738268887,FALSE
"sternoclavicular","horizontal flexion",1,14,"Oki et al._","ex vivo",17,0.185778465506604,0.3911288136187,-932.248075388385,0.995536518727279,5.13513159761759,1.39928873274992,FALSE
"sternoclavicular","horizontal flexion",1,14,"Moissenet et al._2.0","ex vivo",100,0.122047875945814,0.533169702645587,0.565678126312392,0.999313139369797,3.3735444120631,1.04104098009854,FALSE
"sternoclavicular","horizontal flexion",1,14,"Moissenet et al._1.0","ex vivo",100,0.0918492741043909,0.263940159930279,0.0739424726377825,0.999457475885498,2.53882013927459,0.798653339453467,FALSE
"sternoclavicular","horizontal flexion",1,14,"Moissenet et al._8.0","ex vivo",100,0.0686431324841889,0.518519688455164,-16.5645923137192,0.994617663721485,1.89737555220833,0.550328179499723,FALSE
"sternoclavicular","horizontal flexion",1,14,"Moissenet et al._3.0","ex vivo",100,0.0397635303707988,0.124678830472348,-5.44512259828136,0.999450733527676,1.09910995702921,0.0847877749562138,FALSE
"sternoclavicular","horizontal flexion",1,14,"Moissenet et al._9.0","ex vivo",100,0.0325923428819119,0.133715481521854,-36.0474597105063,0.999446835573052,0.900890042970793,-0.0847877749562138,FALSE
"sternoclavicular","horizontal flexion",1,14,"Moissenet et al._7.0","ex vivo",100,0.0281651438487893,0.0965773012865405,-580.89169485813,0.989292929139111,0.778517142635249,-0.209272917570949,FALSE
"sternoclavicular","horizontal flexion",1,14,"Moissenet et al._5.0","ex vivo",100,0.0244146023215683,0.0796932698481072,-14.6698664492319,0.999793912037949,0.674847838165056,-0.331124607198024,FALSE
"sternoclavicular","horizontal flexion",1,14,"Moissenet et al._10.0","ex vivo",100,0.0134910869678862,0.0337023497848961,-14.1770425341674,0.999966215308249,0.372909243200401,-0.836895682154527,FALSE
"sternoclavicular","horizontal flexion",1,14,"Moissenet et al._6.0","ex vivo",100,0.0107686064880388,0.0240528338927142,-33.4656335953195,0.99986959845979,0.297656734801011,-1.02908555711639,FALSE
"acromioclavicular","horizontal flexion",1,19,"Moissenet et al._2.0","ex vivo",100,0.0987091211091819,0.377109981641503,0.133159723654792,0.994672320268057,5.33896814200836,1.29550332072424,FALSE
"acromioclavicular","horizontal flexion",1,19,"Moissenet et al._1.0","ex vivo",100,0.0962935915874547,0.350232763744714,-2.03500938893536,0.998639922336781,5.20831724553936,1.27634139180772,FALSE
"acromioclavicular","horizontal flexion",1,19,"Moissenet et al._8.0","ex vivo",100,0.0577715807018128,0.311478830773005,-21.9259750785428,0.981248609736257,3.12474293575442,0.881197475483808,FALSE
"acromioclavicular","horizontal flexion",1,19,"Moissenet et al._7.0","ex vivo",100,0.0248292178197495,0.078779120250914,0.237366144628283,0.999834688991517,1.34296001667366,0.228063066163484,FALSE
"acromioclavicular","horizontal flexion",1,19,"Moissenet et al._3.0","ex vivo",100,0.0184884266928872,0.0558735238293906,-0.121977030458142,0.999922904999558,1,0,FALSE
"acromioclavicular","horizontal flexion",1,19,"Moissenet et al._9.0","ex vivo",100,0.0127237783579571,0.0356145178506608,-19.286412402519,0.999877837381671,0.688202331616033,-0.289005652238779,FALSE
"acromioclavicular","horizontal flexion",1,19,"Moissenet et al._10.0","ex vivo",100,0.00987116831958394,0.0332185128013904,-2.03615912801386,0.999961219833283,0.533910671987115,-0.485341637426318,FALSE
"acromioclavicular","horizontal flexion",1,19,"Moissenet et al._5.0","ex vivo",100,0.0077295929115077,0.024371005767577,-0.824079963438304,0.999987336275465,0.418077375641779,-0.674490759476595,FALSE
"acromioclavicular","horizontal flexion",1,19,"Moissenet et al._6.0","ex vivo",100,0.00657728783677232,0.0244381465501533,-347.98882270533,0.999899331294194,0.355751624842297,-0.799346804266138,FALSE
"scapulothoracic","horizontal flexion",1,9,"Bourne et al._5.0","in vivo",61,0.405133208594299,2.28909350120381,0.920143495088799,0.998053751348072,2.20893965154544,17.9109869953735,TRUE
"scapulothoracic","horizontal flexion",1,9,"Bourne et al._2.0","in vivo",61,0.187842545893188,1.08888644646792,0.95257224803901,0.999596503744493,1.02418868428587,0.540163534937548,FALSE
"scapulothoracic","horizontal flexion",1,9,"Bourne et al._1.0","in vivo",61,0.185386615213969,0.643398499355788,0.860401204675335,0.999387251945465,1.01079802031735,0.242729858040952,FALSE
"scapulothoracic","horizontal flexion",1,9,"Bourne et al._6.0","in vivo",58,0.183406191432552,0.635046603193466,0.687578141066518,0.999520194738191,1,0,FALSE
"scapulothoracic","horizontal flexion",1,9,"Bourne et al._4.0","in vivo",58,0.178013418335746,0.723797362041985,0.835998782361406,0.999069204310996,0.970596559174562,-0.674490759476595,FALSE
"scapulothoracic","horizontal flexion",1,9,"Bourne et al._3.0","in vivo",57,0.173947156025025,0.726013149791122,0.752382882569202,0.999681771603557,0.948425757420484,-1.19672342463523,FALSE
"scapulothoracic","horizontal flexion",1,9,"Bourne et al._7.0","in vivo",65,0.118521958736755,0.376325609044935,0.497128955899895,0.998815445301657,0.646226595792659,-9.86738591978733,FALSE
"glenohumeral","horizontal flexion",1,13,"Moissenet et al._2.0","ex vivo",100,0.250827761489622,0.974494198891314,0.983485197626167,0.999929755531697,4.78384274023992,2.02572304950947,FALSE
"glenohumeral","horizontal flexion",1,13,"Moissenet et al._8.0","ex vivo",100,0.178975809014326,1.14964321772771,0.987820325730192,0.9999464268777,3.41346635454933,1.58891347893724,FALSE
"glenohumeral","horizontal flexion",1,13,"Moissenet et al._9.0","ex vivo",100,0.0882956362317278,0.217595737066365,0.906983641058018,0.999993554416655,1.68399397209265,0.674490759476595,FALSE
"glenohumeral","horizontal flexion",1,13,"Moissenet et al._1.0","ex vivo",100,0.0758313043567312,0.267554535187784,0.989566768943434,0.999992424528774,1.44627146802043,0.477541607667499,FALSE
"glenohumeral","horizontal flexion",1,13,"Moissenet et al._7.0","ex vivo",100,0.052432275705836,0.166629379237484,0.981951420320456,0.999995150127566,1,0,FALSE
"glenohumeral","horizontal flexion",1,13,"Moissenet et al._5.0","ex vivo",100,0.0395280212790207,0.0995353565058039,0.956959460965637,0.999998579076646,0.753887195375367,-0.365624843136514,FALSE
"glenohumeral","horizontal flexion",1,13,"Moissenet et al._10.0","ex vivo",100,0.0381124299907527,0.0888477429823842,0.843140938206408,0.999997436896795,0.726888724124376,-0.412823097779495,FALSE
"glenohumeral","horizontal flexion",1,13,"Moissenet et al._6.0","ex vivo",100,0.0202736445265535,0.0645406786464378,0.17012565319306,0.999999284997172,0.386663448298447,-1.22973996001329,FALSE
"glenohumeral","horizontal flexion",1,13,"Moissenet et al._3.0","ex vivo",100,0.0173087597343339,0.0521108256127008,0.981386450139557,0.999999648392254,0.330116507462736,-1.43436305441249,FALSE
"sternoclavicular","internal-external rotation 0 degree-abducted",1,18,"Begon et al._2.0","in vivo",100,0.0731508858224926,0.223567213110915,-5156.83481353545,0.497934208440411,2.69867436653745,1.95242010817481,FALSE
"sternoclavicular","internal-external rotation 0 degree-abducted",1,18,"Moissenet et al._10.0","ex vivo",100,0.0716751272123026,0.268012998362323,-5.71184210725947,0.999396513788187,2.64423084356794,1.91238264378444,FALSE
"sternoclavicular","internal-external rotation 0 degree-abducted",1,18,"Begon et al._1.0","in vivo",100,0.0439602709389603,0.200640308602765,-177.353859239661,0.97377318863605,1.62177743980969,0.952020430500103,FALSE
"sternoclavicular","internal-external rotation 0 degree-abducted",1,18,"Moissenet et al._1.0","ex vivo",100,0.0331332408395371,0.0723256712818987,0.168732659184833,0.999690947400192,1.22234784621674,0.396558546402612,FALSE
"sternoclavicular","internal-external rotation 0 degree-abducted",1,18,"Moissenet et al._8.0","ex vivo",100,0.0286643625994592,0.128052106783514,-17.8500121019599,0.999583132542781,1.05748248583081,0.111936570741427,FALSE
"sternoclavicular","internal-external rotation 0 degree-abducted",1,18,"Moissenet et al._3.0","ex vivo",100,0.0283702759477214,0.093407140244814,-53.4092476942768,0.99925945037122,1.0466330736923,0.0916773260113888,FALSE
"sternoclavicular","internal-external rotation 0 degree-abducted",1,18,"Moissenet et al._4.0","ex vivo",100,0.025842182383329,0.0736825574089792,-7.24009598166617,0.999632247092567,0.953366926307703,-0.0916773260113896,FALSE
"sternoclavicular","internal-external rotation 0 degree-abducted",1,18,"Moissenet et al._6.0","ex vivo",100,0.0225080747446109,0.0995236228724892,-20.2879869792042,0.999769265051207,0.830365397088784,-0.363042060675233,FALSE
"sternoclavicular","internal-external rotation 0 degree-abducted",1,18,"Moissenet et al._2.0","ex vivo",100,0.0207746532203243,0.0862736781205804,-14.8040136396775,0.99985247799359,0.766416202470034,-0.520478294939878,FALSE
"sternoclavicular","internal-external rotation 0 degree-abducted",1,18,"Moissenet et al._5.0","ex vivo",100,0.0177598152402305,0.0547862581091003,-47.8100383093127,0.999654384082523,0.655193134086617,-0.828503224013312,FALSE
"sternoclavicular","internal-external rotation 0 degree-abducted",1,18,"Moissenet et al._9.0","ex vivo",100,0.0148788402768371,0.0402820692345998,-154.301218253171,0.999060714210837,0.548908525268452,-1.17621688250358,FALSE
"sternoclavicular","internal-external rotation 0 degree-abducted",1,18,"Moissenet et al._7.0","ex vivo",100,0.0145201181427461,0.0409241967991107,-13.7453687935419,0.999427454300241,0.535674588083736,-1.22416047440057,FALSE
"acromioclavicular","internal-external rotation 0 degree-abducted",1,16,"Begon et al._2.0","in vivo",100,0.110777260738615,0.274175820443311,-3.85044916910301,0.988239204185875,4.03420154028219,3.57527430704961,TRUE
"acromioclavicular","internal-external rotation 0 degree-abducted",1,16,"Begon et al._1.0","in vivo",100,0.0632970653021538,0.303500640101618,-10.4989819947672,0.996708299462741,2.30510410380892,2.14131098489668,FALSE
"acromioclavicular","internal-external rotation 0 degree-abducted",1,16,"Moissenet et al._1.0","ex vivo",100,0.0566657738193102,0.140331208078983,-8.02640491733191,0.996317482831411,2.0636108033267,1.85776690476497,FALSE
"acromioclavicular","internal-external rotation 0 degree-abducted",1,16,"Moissenet et al._7.0","ex vivo",100,0.0350871706635727,0.0746924456909426,-25.2907306890046,0.995829590421091,1.27777774058813,0.629662573471635,FALSE
"acromioclavicular","internal-external rotation 0 degree-abducted",1,16,"Moissenet et al._9.0","ex vivo",100,0.0315602061266746,0.0830990653348707,-139.716866702421,0.996168151256457,1.14933544410593,0.358237349420291,FALSE
"acromioclavicular","internal-external rotation 0 degree-abducted",1,16,"Moissenet et al._4.0","ex vivo",100,0.0284399480999728,0.0791535493635394,-34.7007082189932,0.997950450920498,1.03570427419372,0.091516863256564,FALSE
"acromioclavicular","internal-external rotation 0 degree-abducted",1,16,"Moissenet et al._6.0","ex vivo",100,0.0264791032327307,0.0679029906319784,-532.286096891946,0.997333902133179,0.964295725806275,-0.0915168632565651,FALSE
"acromioclavicular","internal-external rotation 0 degree-abducted",1,16,"Moissenet et al._10.0","ex vivo",100,0.0259585090260606,0.0699268481415345,-45.9788821167725,0.995982532657149,0.945337124226785,-0.14239098879085,FALSE
"acromioclavicular","internal-external rotation 0 degree-abducted",1,16,"Moissenet et al._5.0","ex vivo",100,0.0223655641035982,0.0522643252492685,-28.4419597805175,0.998495077492796,0.81449200453613,-0.524085123900286,FALSE
"acromioclavicular","internal-external rotation 0 degree-abducted",1,16,"Moissenet et al._3.0","ex vivo",100,0.0207246080708775,0.0430526992290865,-59.3235954536844,0.997707915796329,0.754732923018878,-0.719318945481556,FALSE
"acromioclavicular","internal-external rotation 0 degree-abducted",1,16,"Moissenet et al._2.0","ex vivo",100,0.014631074490656,0.0647234594177277,-10.8545649629841,0.997973352879284,0.532823278465608,-1.61137628910343,FALSE
"acromioclavicular","internal-external rotation 0 degree-abducted",1,16,"Moissenet et al._8.0","ex vivo",100,0.0102202247104562,0.0258323960327616,-403.712354372577,0.994466481894126,0.372192325338665,-2.53060459125349,FALSE
"scapulothoracic","internal-external rotation 0 degree-abducted",1,11,"Henninger et al._2.0","in vivo",81,2.00170119878569,5.47294090890495,-0.287225164286693,0.749083466973224,8.35066166665536,3.9492810770723,TRUE
"scapulothoracic","internal-external rotation 0 degree-abducted",1,11,"Henninger et al._19.0","in vivo",57,1.83478446256166,5.9503657282193,0.483530217307123,0.887229386875508,7.65432137792757,3.78725926692085,TRUE
"scapulothoracic","internal-external rotation 0 degree-abducted",1,11,"Henninger et al._5.0","in vivo",74,0.873309087760163,2.84461964186664,0.129281330578334,0.987577137182461,3.64325541031029,2.40580457009208,FALSE
"scapulothoracic","internal-external rotation 0 degree-abducted",1,11,"Henninger et al._6.0","in vivo",97,0.668183115911052,1.49738356956459,-5.5656035425706,0.965124107250063,2.78751450802431,1.90761393648119,FALSE
"scapulothoracic","internal-external rotation 0 degree-abducted",1,11,"Henninger et al._3.0","in vivo",72,0.565463331436906,1.37543150609096,-1.97239712264336,0.993301704201883,2.35898992746468,1.59701282583504,FALSE
"scapulothoracic","internal-external rotation 0 degree-abducted",1,11,"Henninger et al._12.0","in vivo",100,0.309917966477738,1.05635700736862,-11.1586853328536,0.986878410297899,1.29291029252689,0.47803510584607,FALSE
"scapulothoracic","internal-external rotation 0 degree-abducted",1,11,"Henninger et al._16.0","in vivo",100,0.294004391373036,1.02920167789342,-0.784932647104517,0.989844212289258,1.22652232129178,0.379946148465862,FALSE
"scapulothoracic","internal-external rotation 0 degree-abducted",1,11,"Henninger et al._8.0","in vivo",34,0.276845815966099,0.622709802323115,-0.707357650358496,0.955134748876435,1.15494047981012,0.268048018331466,FALSE
"scapulothoracic","internal-external rotation 0 degree-abducted",1,11,"Henninger et al._7.0","in vivo",79,0.263502199487798,0.781148547473631,-52.1977994818084,0.804704421376361,1.09927381653016,0.176125647860484,FALSE
"scapulothoracic","internal-external rotation 0 degree-abducted",1,11,"Henninger et al._4.0","in vivo",49,0.247823561490818,0.634934432834232,-15.1308574099791,0.979794959149571,1.03386595176684,0.0619746414563277,FALSE
"scapulothoracic","internal-external rotation 0 degree-abducted",1,11,"Henninger et al._11.0","in vivo",100,0.239705699822397,0.657648799933689,-23.3950482771108,0.980308306124468,1,0,FALSE
"scapulothoracic","internal-external rotation 0 degree-abducted",1,11,"Henninger et al._20.0","in vivo",90,0.210086357189306,0.5530168071028,-0.339077975308456,0.990762705914719,0.876434550137789,-0.245428782697666,FALSE
"scapulothoracic","internal-external rotation 0 degree-abducted",1,11,"Henninger et al._13.0","in vivo",66,0.199527462733064,0.604127208036758,-35.9175590685395,0.933275763049197,0.832385140949499,-0.341384971854126,FALSE
"scapulothoracic","internal-external rotation 0 degree-abducted",1,11,"Henninger et al._15.0","in vivo",95,0.178344575652632,0.490711130636946,-22.2955264654045,0.975019297162049,0.744014747186951,-0.550232272456624,FALSE
"scapulothoracic","internal-external rotation 0 degree-abducted",1,11,"Henninger et al._9.0","in vivo",48,0.177817932152961,0.619802588883676,-38.5361144915408,0.968571401829431,0.741817705147228,-0.555735301001783,FALSE
"scapulothoracic","internal-external rotation 0 degree-abducted",1,11,"Henninger et al._18.0","in vivo",74,0.166824285653971,0.608888254652115,-2.42811507451053,0.995136411723123,0.695954605074368,-0.674490759476595,FALSE
"scapulothoracic","internal-external rotation 0 degree-abducted",1,11,"Henninger et al._17.0","in vivo",66,0.109600534621825,0.316306210015444,-1.59436633300601,0.995876777641707,0.457229572359065,-1.45621646311239,FALSE
"scapulothoracic","internal-external rotation 0 degree-abducted",1,11,"Henninger et al._14.0","in vivo",53,0.0997314893312884,0.218092948381347,-15.7146539615954,0.970798429639081,0.416058063722229,-1.63180431622704,FALSE
"scapulothoracic","internal-external rotation 0 degree-abducted",1,11,"Henninger et al._10.0","in vivo",91,0.0897696238271036,0.318375902568043,-26.6474582779159,0.997140344369242,0.37449932935936,-1.82762671493992,FALSE
"scapulothoracic","internal-external rotation 0 degree-abducted",1,11,"Begon et al._1.0","in vivo",100,0.0890119618284405,0.216748293347564,-11.7637313100619,0.987874623649923,0.371338528430452,-1.84339876845788,FALSE
"scapulothoracic","internal-external rotation 0 degree-abducted",1,11,"Begon et al._2.0","in vivo",52,0.0302139403086944,0.081024511952009,-299.254518128291,0.986420286968548,0.126045981931513,-3.85394735179031,FALSE
"glenohumeral","internal-external rotation 0 degree-abducted",1,17,"Henninger et al._20.0","in vivo",90,5.61750276353711,19.0016884646837,-20.2842159588728,0.535423250753161,4.458367913255,1.39702346471476,FALSE
"glenohumeral","internal-external rotation 0 degree-abducted",1,17,"Henninger et al._2.0","in vivo",81,4.47456998009841,13.2291892481657,-1.52303815668543,0.937231179510557,3.5512718132289,1.18442357095245,FALSE
"glenohumeral","internal-external rotation 0 degree-abducted",1,17,"Henninger et al._5.0","in vivo",74,3.45885383728303,10.3959947781715,-29.3217257835553,0.954205238143443,2.74514203444232,0.943789410512351,FALSE
"glenohumeral","internal-external rotation 0 degree-abducted",1,17,"Henninger et al._3.0","in vivo",72,3.32017578383716,9.31223655535278,-13.8247886375697,0.985573076970712,2.63507928774125,0.905546017691729,FALSE
"glenohumeral","internal-external rotation 0 degree-abducted",1,17,"Henninger et al._13.0","in vivo",66,2.56522079538337,8.33569364432693,-1.97732947521637,0.94909016933715,2.03590430943561,0.664444376585039,FALSE
"glenohumeral","internal-external rotation 0 degree-abducted",1,17,"Henninger et al._4.0","in vivo",49,2.2183474733546,8.55737310744727,-21.8674880807826,0.992617264620856,1.76060602227937,0.528663851770368,FALSE
"glenohumeral","internal-external rotation 0 degree-abducted",1,17,"Henninger et al._17.0","in vivo",66,1.46554287176788,3.81748395063226,0.0123687093832145,0.9976026139421,1.16313771261509,0.141237895614373,FALSE
"glenohumeral","internal-external rotation 0 degree-abducted",1,17,"Henninger et al._7.0","in vivo",79,1.38941582822942,4.44127609803506,-11.0033914129433,0.843302508684799,1.10271898519659,0.0913841594095396,FALSE
"glenohumeral","internal-external rotation 0 degree-abducted",1,17,"Henninger et al._12.0","in vivo",100,1.38551642072906,3.57386605621664,-11.5408279010932,0.990591277802805,1.09962419485787,0.0887575098128699,FALSE
"glenohumeral","internal-external rotation 0 degree-abducted",1,17,"Henninger et al._8.0","in vivo",34,1.27259143400451,2.53520735049389,-34.6890917582558,0.797566987836187,1.0100005384735,0.00930007414074115,FALSE
"glenohumeral","internal-external rotation 0 degree-abducted",1,17,"Henninger et al._9.0","in vivo",48,1.2599908470622,2.94954462494938,-16.9050092072318,0.981232923923694,1,0,FALSE
"glenohumeral","internal-external rotation 0 degree-abducted",1,17,"Henninger et al._6.0","in vivo",97,0.933922923716822,3.64485980612935,-33.0799715679888,0.96060732757456,0.741214053970598,-0.279880657990846,FALSE
"glenohumeral","internal-external rotation 0 degree-abducted",1,17,"Henninger et al._11.0","in vivo",100,0.845305903907123,2.07844834918117,-252.513438144974,0.890669744462808,0.670882574963176,-0.373055883344337,FALSE
"glenohumeral","internal-external rotation 0 degree-abducted",1,17,"Henninger et al._14.0","in vivo",53,0.819967298335728,2.03584445471279,-0.0493959593763955,0.990060135940617,0.650772424456547,-0.401499600642561,FALSE
"glenohumeral","internal-external rotation 0 degree-abducted",1,17,"Begon et al._1.0","in vivo",100,0.612268088877114,1.64101338509574,-31.316242353153,0.981274861820714,0.485930584578991,-0.674490759476595,FALSE
"glenohumeral","internal-external rotation 0 degree-abducted",1,17,"Henninger et al._15.0","in vivo",95,0.563543588133922,2.45554373763071,-17.6689615989059,0.990024556810055,0.447260064982124,-0.751992957444773,FALSE
"glenohumeral","internal-external rotation 0 degree-abducted",1,17,"Henninger et al._19.0","in vivo",57,0.527036898771317,1.43131263033582,-35.6170652091866,0.975718151007202,0.418286291523591,-0.814586947693568,FALSE
"glenohumeral","internal-external rotation 0 degree-abducted",1,17,"Begon et al._2.0","in vivo",52,0.377513415848478,0.899618707819116,-786.082978240353,0.980903502728839,0.299615998583394,-1.12642963597702,FALSE
"glenohumeral","internal-external rotation 0 degree-abducted",1,17,"Henninger et al._16.0","in vivo",100,0.350174429951702,1.08388639189409,-133.156283704347,0.958827394607258,0.277918233111113,-1.19668789006319,FALSE
"glenohumeral","internal-external rotation 0 degree-abducted",1,17,"Henninger et al._10.0","in vivo",91,0.293106030714476,0.7973268493867,-0.862434117348805,0.996934468892618,0.232625523747162,-1.36295034629797,FALSE
"glenohumeral","internal-external rotation 0 degree-abducted",1,17,"Henninger et al._18.0","in vivo",74,0.168306693989613,0.606287850930517,-10.3887579455077,0.997556903623157,0.133577711601665,-1.88141628388392,FALSE
"scapulothoracic","internal-external rotation 90 degree-abducted",1,17,"Henninger et al._7.0","in vivo",91,0.298638046367262,1.1600868451032,-1.63510143738099,0.997026012365964,1.89957442204862,1.64867651821664,FALSE
"scapulothoracic","internal-external rotation 90 degree-abducted",1,17,"Henninger et al._3.0","in vivo",100,0.247545816433029,0.749349201078552,-4.33124000571216,0.998510996985381,1.5745873873118,1.16673773968195,FALSE
"scapulothoracic","internal-external rotation 90 degree-abducted",1,17,"Henninger et al._6.0","in vivo",82,0.233494667992246,0.747018818464314,-45.9796128098913,0.993688773308733,1.48521095820908,1.01664556738159,FALSE
"scapulothoracic","internal-external rotation 90 degree-abducted",1,17,"Henninger et al._19.0","in vivo",100,0.20630229386252,0.595224488053468,-63.5022693626133,0.959931210780028,1.31224592913812,0.698626231542072,FALSE
"scapulothoracic","internal-external rotation 90 degree-abducted",1,17,"Henninger et al._5.0","in vivo",100,0.195500457874814,0.662854442262699,0.269087392998943,0.997052130428672,1.24353769988532,0.560494448771003,FALSE
"scapulothoracic","internal-external rotation 90 degree-abducted",1,17,"Henninger et al._11.0","in vivo",100,0.181338045633609,0.568457876953595,-149.298896591218,0.95823904865438,1.15345354491862,0.367346169635559,FALSE
"scapulothoracic","internal-external rotation 90 degree-abducted",1,17,"Henninger et al._14.0","in vivo",98,0.17349921059417,0.52612266954123,-69.1831947148262,0.851830394640674,1.10359234765756,0.25384580287587,FALSE
"scapulothoracic","internal-external rotation 90 degree-abducted",1,17,"Henninger et al._10.0","in vivo",100,0.172960299803791,0.661935068948168,-1.85301928241206,0.998758095713009,1.10016444834727,0.245855393502051,FALSE
"scapulothoracic","internal-external rotation 90 degree-abducted",1,17,"Henninger et al._12.0","in vivo",100,0.168623856824891,0.354053333503597,-12.7292641068258,0.9745701730898,1.07258123761577,0.180637984387101,FALSE
"scapulothoracic","internal-external rotation 90 degree-abducted",1,17,"Henninger et al._18.0","in vivo",100,0.161174659056641,0.753448317108937,0.315683642867436,0.99069088736807,1.0251984418954,0.0645896350363808,FALSE
"scapulothoracic","internal-external rotation 90 degree-abducted",1,17,"Begon et al._1.0","in vivo",100,0.16098141927912,0.448193817511253,-31.4311183571463,0.753373896481745,1.02396928391246,0.0615083310993016,FALSE
"scapulothoracic","internal-external rotation 90 degree-abducted",1,17,"Karduna et al._","in vivo",18,0.160804155478627,0.385851917364171,-108.098601408343,0.994314350283338,1.02284174579243,0.0586785175825388,FALSE
"scapulothoracic","internal-external rotation 90 degree-abducted",1,17,"Henninger et al._15.0","in vivo",100,0.153622110637539,0.433228575516608,-12.2028052481734,0.987880182922549,0.977158254207572,-0.0586785175825388,FALSE
"scapulothoracic","internal-external rotation 90 degree-abducted",1,17,"Henninger et al._9.0","in vivo",100,0.13986977303686,0.403065899542135,-33.2253922733661,0.96869792201752,0.889682498631868,-0.299559698384007,FALSE
"scapulothoracic","internal-external rotation 90 degree-abducted",1,17,"Henninger et al._20.0","in vivo",100,0.137070953780477,0.512230839348064,-4.91343670744765,0.995997945434035,0.87187979219163,-0.351476400807393,FALSE
"scapulothoracic","internal-external rotation 90 degree-abducted",1,17,"Chu et al._","in vivo",8,0.122013791757766,0.235347421561301,-116.750969367184,0.719471445989437,0.776104320194977,-0.650355287411118,FALSE
"scapulothoracic","internal-external rotation 90 degree-abducted",1,17,"Henninger et al._4.0","in vivo",100,0.117339694401186,0.426965717687082,-24.0571765565394,0.98019930551748,0.746373360283038,-0.750682211803671,FALSE
"scapulothoracic","internal-external rotation 90 degree-abducted",1,17,"Henninger et al._1.0","in vivo",81,0.116736723957825,0.362118922780759,-1.63713802647049,0.996162882488369,0.742537990860449,-0.763914763796024,FALSE
"scapulothoracic","internal-external rotation 90 degree-abducted",1,17,"Henninger et al._17.0","in vivo",100,0.114201542671744,0.524460090634026,-8.00269633155805,0.999092387796092,0.726412230647116,-0.820309017410346,FALSE
"scapulothoracic","internal-external rotation 90 degree-abducted",1,17,"Henninger et al._8.0","in vivo",100,0.105638246358079,0.298732787833885,-1.31054919606136,0.969839231845655,0.671942886088596,-1.02050656655514,FALSE
"scapulothoracic","internal-external rotation 90 degree-abducted",1,17,"Henninger et al._13.0","in vivo",100,0.103052508368283,0.313188302905409,-9.9769641171455,0.916582838333077,0.65549554521129,-1.08415794598644,FALSE
"scapulothoracic","internal-external rotation 90 degree-abducted",1,17,"Henninger et al._2.0","in vivo",94,0.0970854225551525,0.313210242673652,-61.7785449360649,0.990773580538749,0.617540154990002,-1.23736046302461,FALSE
"scapulothoracic","internal-external rotation 90 degree-abducted",1,17,"Begon et al._2.0","in vivo",100,0.0861132563689976,0.43839045332583,-304.688197356879,0.972737071456986,0.547748490815858,-1.54539145747522,FALSE
"scapulothoracic","internal-external rotation 90 degree-abducted",1,17,"Henninger et al._16.0","in vivo",100,0.0735666665609677,0.211650760015893,-3.82989727187055,0.997521718271984,0.467942245854156,-1.94985168206016,FALSE
"glenohumeral","internal-external rotation 90 degree-abducted",1,17,"Henninger et al._6.0","in vivo",82,0.715610043516158,2.17693970588606,-0.106491231033804,0.996829217132895,2.79677105289392,3.1348076157055,TRUE
"glenohumeral","internal-external rotation 90 degree-abducted",1,17,"Henninger et al._2.0","in vivo",94,0.572362120579321,3.20634003229148,-18.3959690655744,0.986631739691294,2.23692474010544,2.45409737835043,FALSE
"glenohumeral","internal-external rotation 90 degree-abducted",1,17,"Henninger et al._19.0","in vivo",100,0.428487346026835,1.1988582097713,-2.07437356073588,0.986600743031314,1.67462854491384,1.57180078077068,FALSE
"glenohumeral","internal-external rotation 90 degree-abducted",1,17,"Begon et al._1.0","in vivo",100,0.365463268810414,1.03052324656239,-2.81427952830437,0.992286746108172,1.42831574314241,1.08695039905561,FALSE
"glenohumeral","internal-external rotation 90 degree-abducted",1,17,"Henninger et al._11.0","in vivo",100,0.325098358877912,1.4487374250358,-4.43802511936477,0.993657143725008,1.27056025511545,0.73027190008952,FALSE
"glenohumeral","internal-external rotation 90 degree-abducted",1,17,"Henninger et al._18.0","in vivo",100,0.290184111296111,1.09018676758761,-22.9946953293978,0.97490604801377,1.13410722758307,0.384033703102368,FALSE
"glenohumeral","internal-external rotation 90 degree-abducted",1,17,"Henninger et al._1.0","in vivo",81,0.287396221312062,0.947789738624849,-3.46018500206543,0.982776716218389,1.12321150291195,0.354613433701444,FALSE
"glenohumeral","internal-external rotation 90 degree-abducted",1,17,"Henninger et al._15.0","in vivo",100,0.274611350377858,0.791594421647901,-0.192785642801658,0.9993921360327,1.07324524367937,0.21593492875855,FALSE
"glenohumeral","internal-external rotation 90 degree-abducted",1,17,"Henninger et al._12.0","in vivo",100,0.267261830610488,0.842412231275802,-6.63443251309267,0.99220377385228,1.04452160526164,0.133261114328132,FALSE
"glenohumeral","internal-external rotation 90 degree-abducted",1,17,"Henninger et al._7.0","in vivo",91,0.261955445198672,0.67554957630416,-3.0173168862659,0.998601445806854,1.02378301271431,0.0721444884491474,FALSE
"glenohumeral","internal-external rotation 90 degree-abducted",1,17,"Henninger et al._17.0","in vivo",100,0.260565271796887,0.838568123020277,-9.89578865122853,0.99840001323557,1.01834989063358,0.0559283843820171,FALSE
"glenohumeral","internal-external rotation 90 degree-abducted",1,17,"Henninger et al._20.0","in vivo",100,0.25117489569068,0.960805190399575,-80.740786973239,0.988725185079625,0.981650109366421,-0.0559283843820165,FALSE
"glenohumeral","internal-external rotation 90 degree-abducted",1,17,"Henninger et al._5.0","in vivo",100,0.246673467478832,0.877751409424562,-3.63633500363493,0.995786082244229,0.964057477410446,-0.111040250616849,FALSE
"glenohumeral","internal-external rotation 90 degree-abducted",1,17,"Henninger et al._8.0","in vivo",100,0.237300881664091,0.620528279055822,-1.21471606392893,0.997620034203917,0.927427224754081,-0.229091726045196,FALSE
"glenohumeral","internal-external rotation 90 degree-abducted",1,17,"Henninger et al._4.0","in vivo",100,0.212389744052623,0.685404382060817,-11.7857094090207,0.990702484756877,0.83006868542436,-0.567082309336509,FALSE
"glenohumeral","internal-external rotation 90 degree-abducted",1,17,"Henninger et al._3.0","in vivo",100,0.20882203380362,0.547630709475357,-6.97106492340664,0.995887426025762,0.816125241170145,-0.61870961886367,FALSE
"glenohumeral","internal-external rotation 90 degree-abducted",1,17,"Henninger et al._13.0","in vivo",100,0.198807354041561,0.623704578221275,0.0271116710800228,0.99781535492684,0.776985535521369,-0.768484512128499,FALSE
"glenohumeral","internal-external rotation 90 degree-abducted",1,17,"Henninger et al._9.0","in vivo",100,0.187640166930495,0.476558031299348,-0.885582287063045,0.994813778235885,0.733341562190558,-0.944663549457473,FALSE
"glenohumeral","internal-external rotation 90 degree-abducted",1,17,"Henninger et al._14.0","in vivo",98,0.183714130504728,0.466744854481663,-102.655418893304,0.932331122355108,0.717997695614509,-1.00910452246347,FALSE
"glenohumeral","internal-external rotation 90 degree-abducted",1,17,"Henninger et al._10.0","in vivo",100,0.143078677456567,0.579349652213285,-1.46887407660471,0.998818712059962,0.559184861954552,-1.77094868810735,FALSE
"glenohumeral","internal-external rotation 90 degree-abducted",1,17,"Henninger et al._16.0","in vivo",100,0.092832399693792,0.350061539129657,-6.68379805868535,0.999615665530639,0.362810682419403,-3.08931321848753,FALSE
"glenohumeral","internal-external rotation 90 degree-abducted",1,17,"Begon et al._2.0","in vivo",100,0.0882617119513655,0.253610094248685,-11.8813705763485,0.998831712737384,0.344947368054746,-3.24318164205539,FALSE
"sternoclavicular","frontal plane elevation",2,11,"Begon et al._2.0","in vivo",100,0.579729900257186,2.49467841827279,-2.96003477767419,0.98190449587583,1.9229709581292,1.33415624270955,FALSE
"sternoclavicular","frontal plane elevation",2,11,"Begon et al._1.0","in vivo",100,0.30366670049356,0.851599730972534,-0.135210541939809,0.996032888823858,1.00726604879441,0.0148252762436436,FALSE
"sternoclavicular","frontal plane elevation",2,11,"Ludewig et al._","in vivo",19,0.299285619515668,0.634591227705219,-5.45695743457355,0.965597657864877,0.992733951205586,-0.0148252762436431,FALSE
"sternoclavicular","frontal plane elevation",2,11,"Sahara et al._","in vivo",5,0.127526736678775,0.194830096070412,-10.4304096286509,0.998109490204134,0.423007698774002,-1.75536000892985,FALSE
"acromioclavicular","frontal plane elevation",2,3,"Begon et al._2.0","in vivo",93,0.933951176660202,4.47255780765447,-1.77641929616922,0.960947748702,2.67106620110638,1.36223080378735,FALSE
"acromioclavicular","frontal plane elevation",2,3,"Begon et al._1.0","in vivo",94,0.491837781818481,1.28151525149924,0.131503583550429,0.933050334687709,1.40663806446539,0.547985231401836,FALSE
"acromioclavicular","frontal plane elevation",2,3,"Ludewig et al._","in vivo",19,0.20747186185366,0.482244237507231,-9.50285818816171,0.997755279067546,0.593361935534611,-0.547985231401836,FALSE
"acromioclavicular","frontal plane elevation",2,3,"Sahara et al._","in vivo",4,0.169988682449927,0.253254221138015,-3.23410077246835,0.998464537955835,0.486161413582974,-0.800996287551355,FALSE
"scapulothoracic","frontal plane elevation",2,10,"Henninger et al._19.0","in vivo",73,0.604645851669434,1.30711146124247,0.686226397590496,0.999131547552591,4.92709196609485,4.01224351435258,TRUE
"scapulothoracic","frontal plane elevation",2,10,"Henninger et al._9.0","in vivo",100,0.279245562053709,0.842906953206714,0.659986524598097,0.999799528467755,2.27549492246359,2.06857442856831,FALSE
"scapulothoracic","frontal plane elevation",2,10,"Henninger et al._18.0","in vivo",100,0.213051653642812,0.537821409348815,0.979901327716644,0.999670340607938,1.73609905389811,1.38787783176991,FALSE
"scapulothoracic","frontal plane elevation",2,10,"Henninger et al._17.0","in vivo",93,0.197805485727905,0.767409992642328,0.98991670940717,0.999785411955422,1.61186224446683,1.201070344776,FALSE
"scapulothoracic","frontal plane elevation",2,10,"Begon et al._2.0","in vivo",100,0.166624367634318,0.714275877193217,0.957314070004165,0.999711178480669,1.35777592926499,0.769485827319747,FALSE
"scapulothoracic","frontal plane elevation",2,10,"Henninger et al._16.0","in vivo",78,0.161806897173778,0.520600792461778,0.511153388902919,0.999902619373828,1.31851969367271,0.695673198671408,FALSE
"scapulothoracic","frontal plane elevation",2,10,"Henninger et al._13.0","in vivo",85,0.16005124329683,0.526234519661763,0.758566135121466,0.999884346061368,1.30421335536167,0.668225643659538,FALSE
"scapulothoracic","frontal plane elevation",2,10,"Henninger et al._1.0","in vivo",73,0.15618238625871,0.427243238075874,0.985663410354838,0.99989094993345,1.27268710842247,0.606662434143351,FALSE
"scapulothoracic","frontal plane elevation",2,10,"Henninger et al._8.0","in vivo",81,0.155940965576033,0.474777399849422,0.824694637420288,0.999881774989859,1.27071983799006,0.602770430367579,FALSE
"scapulothoracic","frontal plane elevation",2,10,"Henninger et al._14.0","in vivo",100,0.155528697801353,0.440703695000362,0.77087102736935,0.999858761496564,1.26736038181435,0.596110206243473,FALSE
"scapulothoracic","frontal plane elevation",2,10,"Henninger et al._2.0","in vivo",83,0.153794120760724,0.454092916548596,0.815677127876909,0.999875579465673,1.2532257928184,0.567893186512543,FALSE
"scapulothoracic","frontal plane elevation",2,10,"Henninger et al._10.0","in vivo",94,0.149996756811617,0.485931986797574,0.586753050705672,0.999921507733296,1.2222821233062,0.504992545677399,FALSE
"scapulothoracic","frontal plane elevation",2,10,"Henninger et al._20.0","in vivo",95,0.149253898769211,0.506931364593598,0.742181525535352,0.999865232986161,1.21622877838937,0.492501564157672,FALSE
"scapulothoracic","frontal plane elevation",2,10,"Henninger et al._15.0","in vivo",93,0.14310947497901,0.419055270078792,0.973217602624384,0.999928803589099,1.16615956678493,0.386735314478325,FALSE
"scapulothoracic","frontal plane elevation",2,10,"Henninger et al._7.0","in vivo",92,0.134030333350849,0.474578613440098,0.903897117711211,0.999923732307089,1.09217615045678,0.221833182268521,FALSE
"scapulothoracic","frontal plane elevation",2,10,"Henninger et al._11.0","in vivo",99,0.122718604773409,0.409877152687571,0.658899962526965,0.999941624231617,1,0,FALSE
"scapulothoracic","frontal plane elevation",2,10,"Begon et al._1.0","in vivo",100,0.11631839830917,0.37121561496788,0.594416335024923,0.999918137364255,0.947846486064137,-0.134758949731898,FALSE
"scapulothoracic","frontal plane elevation",2,10,"Bourne et al._5.0","in vivo",51,0.112589240587341,0.316537812247589,-0.348215951484191,0.999803072675725,0.917458610250894,-0.216740069471492,FALSE
"scapulothoracic","frontal plane elevation",2,10,"Bourne et al._4.0","in vivo",54,0.109932848555891,0.459591170032745,0.302517443769103,0.999902082619134,0.895812405615871,-0.276811036902155,FALSE
"scapulothoracic","frontal plane elevation",2,10,"Henninger et al._3.0","in vivo",78,0.0996144707298605,0.227026803446758,0.655070363818893,0.999963276668159,0.811730795944031,-0.524784754424085,FALSE
"scapulothoracic","frontal plane elevation",2,10,"Henninger et al._4.0","in vivo",54,0.0953788022172776,0.268442627100804,0.949766617869131,0.999928018310963,0.777215503658857,-0.634103744685008,FALSE
"scapulothoracic","frontal plane elevation",2,10,"Henninger et al._5.0","in vivo",92,0.0938599429601389,0.334410527748783,0.87162255738993,0.999952321129179,0.764838739272209,-0.674490759476595,FALSE
"scapulothoracic","frontal plane elevation",2,10,"Henninger et al._6.0","in vivo",66,0.0889120583449655,0.317181985838538,0.758187230967868,0.999943555826579,0.724519794770604,-0.810742160457002,FALSE
"scapulothoracic","frontal plane elevation",2,10,"Bourne et al._6.0","in vivo",50,0.086235802525464,0.287684630320328,0.913472531518825,0.999944847615623,0.702711725615622,-0.887634229045433,FALSE
"scapulothoracic","frontal plane elevation",2,10,"Bourne et al._2.0","in vivo",48,0.0748792190146336,0.157943969398893,0.698938894923251,0.999939711039881,0.610170064701211,-1.24290332754947,FALSE
"scapulothoracic","frontal plane elevation",2,10,"Chu et al._","in vivo",12,0.070641368875008,0.144323964902554,0.959039103927325,0.999957974181337,0.575636994940107,-1.38948137357186,FALSE
"scapulothoracic","frontal plane elevation",2,10,"Bourne et al._3.0","in vivo",55,0.068838886245126,0.242881663615428,0.962037246263345,0.999969721856291,0.560949062061387,-1.45451043522988,FALSE
"scapulothoracic","frontal plane elevation",2,10,"Bourne et al._7.0","in vivo",49,0.0621347609213712,0.169638143674167,0.621857607648087,0.999942487252361,0.506318997319912,-1.71229854734437,FALSE
"scapulothoracic","frontal plane elevation",2,10,"Bourne et al._1.0","in vivo",46,0.0490466102400638,0.109880767947432,-2.14967588470068,0.99993138034254,0.399667274009713,-2.30739790191992,FALSE
"scapulothoracic","frontal plane elevation",2,10,"Ludewig et al._","in vivo",19,0.0482563387387266,0.116665527141219,-0.599004735674024,0.999976809226496,0.393227569917603,-2.34826603718796,FALSE
"scapulothoracic","frontal plane elevation",2,10,"Henninger et al._12.0","in vivo",64,0.0350992523889934,0.106265875815868,0.931945454336037,0.99998977174963,0.286014108894095,-3.14919908433619,FALSE
"glenohumeral","frontal plane elevation",2,10,"Henninger et al._18.0","in vivo",86,0.288137238223679,0.88451283861022,0.990019172222313,0.999852573522085,2.31978384905412,1.85966595227202,FALSE
"glenohumeral","frontal plane elevation",2,10,"Henninger et al._9.0","in vivo",71,0.239128319606036,1.09663628010423,0.86036493100412,0.999900796013363,1.92521458556808,1.44763925674111,FALSE
"glenohumeral","frontal plane elevation",2,10,"Begon et al._2.0","in vivo",93,0.186615266706849,0.677999828126723,0.868100787504605,0.999861423876917,1.50243364711302,0.899664612755707,FALSE
"glenohumeral","frontal plane elevation",2,10,"Henninger et al._1.0","in vivo",52,0.183265704328404,0.535906736864071,0.995611367080326,0.999936740670743,1.47546642567778,0.859636770429986,FALSE
"glenohumeral","frontal plane elevation",2,10,"Begon et al._1.0","in vivo",94,0.175068569404682,0.45123862121487,0.760663136970172,0.999892252161898,1.4094715500352,0.758508231296782,FALSE
"glenohumeral","frontal plane elevation",2,10,"Henninger et al._11.0","in vivo",85,0.169992205204129,0.429893986995822,0.686609110514347,0.999927485743193,1.36860190140195,0.693478382941696,FALSE
"glenohumeral","frontal plane elevation",2,10,"Henninger et al._14.0","in vivo",78,0.140410173821053,0.374903274189272,0.947737611033317,0.999971822903418,1.13043789647246,0.270958440980273,FALSE
"glenohumeral","frontal plane elevation",2,10,"Henninger et al._20.0","in vivo",72,0.137850238757693,0.505813592326685,0.963962276361787,0.999969013320095,1.10982793973372,0.230294075106899,FALSE
"glenohumeral","frontal plane elevation",2,10,"Henninger et al._2.0","in vivo",53,0.135910647037091,0.42024383538287,0.908102778802919,0.999971065845328,1.09421234775071,0.198977777012818,FALSE
"glenohumeral","frontal plane elevation",2,10,"Henninger et al._16.0","in vivo",59,0.131837703733558,0.293366882218436,0.716667457516209,0.999958447793388,1.06142120922278,0.1317359833863,FALSE
"glenohumeral","frontal plane elevation",2,10,"Henninger et al._6.0","in vivo",53,0.130008233319168,0.429388374215293,0.918750014145944,0.999974257696105,1.04669220041507,0.100853597502594,FALSE
"glenohumeral","frontal plane elevation",2,10,"Henninger et al._3.0","in vivo",54,0.124208657776959,0.30556267386936,0.934508017001113,0.999972271273385,1,0,FALSE
"glenohumeral","frontal plane elevation",2,10,"Henninger et al._10.0","in vivo",69,0.122140435795429,0.42084092084076,0.774191119968709,0.99996567320333,0.983348809828995,-0.0371091162835976,FALSE
"glenohumeral","frontal plane elevation",2,10,"Henninger et al._8.0","in vivo",64,0.109885772370486,0.329212913765872,0.943701946477969,0.999976904014992,0.884686899747421,-0.270773696317644,FALSE
"glenohumeral","frontal plane elevation",2,10,"Henninger et al._17.0","in vivo",67,0.101781958903746,0.462541131757462,0.993577740180869,0.999980782020589,0.819443352221996,-0.440079301672121,FALSE
"glenohumeral","frontal plane elevation",2,10,"Henninger et al._19.0","in vivo",38,0.099424396824623,0.239577454256903,0.885798806915015,0.9999765688795,0.800462694018956,-0.491871643170146,FALSE
"glenohumeral","frontal plane elevation",2,10,"Henninger et al._7.0","in vivo",80,0.0941228384123959,0.3819257082653,0.936211330402405,0.999981896713181,0.757780013865153,-0.61297312521174,FALSE
"glenohumeral","frontal plane elevation",2,10,"Henninger et al._15.0","in vivo",61,0.0915389726931526,0.195351152222983,0.994304230100078,0.999985732568963,0.736977392168015,-0.674490759476595,FALSE
"glenohumeral","frontal plane elevation",2,10,"Henninger et al._12.0","in vivo",51,0.0868648857334515,0.366338462196133,0.985739811710331,0.999988422022817,0.699346464957657,-0.790319456361895,FALSE
"glenohumeral","frontal plane elevation",2,10,"Henninger et al._4.0","in vivo",42,0.0860419332177486,0.225410556616517,0.987186349253258,0.999987949781503,0.692720900118363,-0.811356764243125,FALSE
"glenohumeral","frontal plane elevation",2,10,"Henninger et al._5.0","in vivo",67,0.084699963369057,0.218493984253982,0.970991552203757,0.999987401684021,0.681916743043408,-0.846097245246901,FALSE
"glenohumeral","frontal plane elevation",2,10,"Henninger et al._13.0","in vivo",55,0.0791874490127777,0.193107088466434,0.899491550398905,0.999988988106891,0.63753566321419,-0.994825070256905,FALSE
"glenohumeral","frontal plane elevation",2,10,"Ludewig et al._","in vivo",19,0.036796724187955,0.0849569731490103,0.529780144946572,0.999995454721151,0.296249269950495,-2.688596573342,FALSE
"sternoclavicular","scapular plane elevation",2,4,"Ludewig et al._","in vivo",19,0.13545613750329,0.421488418748549,-808.11175855314,0.990653911512841,4.29568394104821,1.47320909689124,FALSE
"sternoclavicular","scapular plane elevation",2,4,"Fung et al._","ex vivo",69,0.100652311523833,0.316777227630826,-107.515218641617,0.999518211044364,3.19195959822647,1.17370925540913,FALSE
"sternoclavicular","scapular plane elevation",2,4,"Matsuki et al._23.0","in vivo",8,0.0953498876571315,0.187549751311224,0.707551391194217,0.999612008507163,3.02380526079552,1.11913031929147,FALSE
"sternoclavicular","scapular plane elevation",2,4,"Matsuki et al._8.0","in vivo",8,0.0732540398015446,0.142850686692086,-2.71090625933636,0.99984057860114,2.32308559946025,0.853269984889239,FALSE
"sternoclavicular","scapular plane elevation",2,4,"Matsuki et al._22.0","in vivo",8,0.0730647626837296,0.142527312387486,-6.98222344285037,0.999791464596549,2.31708310529209,0.850660806300387,FALSE
"sternoclavicular","scapular plane elevation",2,4,"Matsuki et al._21.0","in vivo",8,0.0710497890071713,0.127025231876857,-28.1746524990752,0.999717560291674,2.25318278875002,0.822457798216298,FALSE
"sternoclavicular","scapular plane elevation",2,4,"Matsuki et al._20.0","in vivo",8,0.0684155688974514,0.129017165683955,-2.72405562325266,0.999391216875002,2.16964447715277,0.784356220748265,FALSE
"sternoclavicular","scapular plane elevation",2,4,"Matsuki et al._9.0","in vivo",8,0.0612602929948954,0.117128046281451,-10.2638275625611,0.999893040846633,1.94273114302915,0.672948787921772,FALSE
"sternoclavicular","scapular plane elevation",2,4,"Matsuki et al._10.0","in vivo",8,0.0482925759021286,0.0933064034569924,-14.6935197909511,0.999933976725846,1.53148942970256,0.433073156691439,FALSE
"sternoclavicular","scapular plane elevation",2,4,"Matsuki et al._19.0","in vivo",8,0.0413841964514364,0.0755162254250195,-3.73172755650661,0.999938403425176,1.31240585614145,0.277382287466175,FALSE
"sternoclavicular","scapular plane elevation",2,4,"Matsuki et al._7.0","in vivo",8,0.03905821996135,0.0728175312779697,0.841655125343664,0.99993699755375,1.23864279128603,0.21904491327563,FALSE
"sternoclavicular","scapular plane elevation",2,4,"Matsuki et al._5.0","in vivo",8,0.0366671955915176,0.0616224862803705,0.818104540240975,0.999981750044163,1.16281688057088,0.155337156343144,FALSE
"sternoclavicular","scapular plane elevation",2,4,"Matsuki et al._1.0","in vivo",8,0.0340448673861032,0.0667609685450685,0.937135770281412,0.999965105318252,1.0796556937263,0.0805032639271779,FALSE
"sternoclavicular","scapular plane elevation",2,4,"Matsuki et al._14.0","in vivo",8,0.0290212889523154,0.0436931549381327,-1.79557727841113,0.999968713707945,0.920344306273703,-0.0805032639271779,FALSE
"sternoclavicular","scapular plane elevation",2,4,"Matsuki et al._3.0","in vivo",8,0.0279292285561708,0.0564940508092207,0.574360270627408,0.999987869471286,0.885712089580982,-0.11918516495763,FALSE
"sternoclavicular","scapular plane elevation",2,4,"Matsuki et al._15.0","in vivo",8,0.0261833057252268,0.0542023246306158,-2.83422674030831,0.999988633587429,0.830344109912925,-0.184285545514962,FALSE
"sternoclavicular","scapular plane elevation",2,4,"Matsuki et al._17.0","in vivo",8,0.0224194917575573,0.0355576526344521,0.687175636475912,0.999989127946359,0.71098329307568,-0.340795832808466,FALSE
"sternoclavicular","scapular plane elevation",2,4,"Matsuki et al._11.0","in vivo",8,0.0215096039090318,0.042867759560437,-0.372698207466548,0.999983704118967,0.682128265233396,-0.382579187688886,FALSE
"sternoclavicular","scapular plane elevation",2,4,"Matsuki et al._12.0","in vivo",8,0.0193595437887068,0.0367473443486332,-6.19419881268834,0.999982993831242,0.613943988748,-0.488788292744691,FALSE
"sternoclavicular","scapular plane elevation",2,4,"Matsuki et al._2.0","in vivo",8,0.0184790033570728,0.0360700424426383,-0.809364449541873,0.999980720405493,0.586019647619331,-0.535734320504236,FALSE
"sternoclavicular","scapular plane elevation",2,4,"Matsuki et al._24.0","in vivo",8,0.0160790809814782,0.0270743795627695,0.929784129549944,0.999994206527091,0.509911556848222,-0.676032731031419,FALSE
"sternoclavicular","scapular plane elevation",2,4,"Matsuki et al._13.0","in vivo",8,0.0147586331573336,0.0243470808611619,-0.171984401362235,0.999996017744684,0.468036551272839,-0.762451940732991,FALSE
"sternoclavicular","scapular plane elevation",2,4,"Matsuki et al._18.0","in vivo",8,0.0134255538577522,0.0224021764515427,-0.11241783215927,0.999994513409326,0.425760967125044,-0.857924868267159,FALSE
"sternoclavicular","scapular plane elevation",2,4,"Matsuki et al._4.0","in vivo",8,0.0110179124033423,0.0217308805648386,-0.420058968549774,0.9999957431601,0.349408083290163,-1.05724219143396,FALSE
"sternoclavicular","scapular plane elevation",2,4,"Matsuki et al._6.0","in vivo",8,0.0108198689986931,0.0172657865071386,-0.559871401711588,0.999996547488176,0.343127586232867,-1.07553453558713,FALSE
"sternoclavicular","scapular plane elevation",2,4,"Matsuki et al._16.0","in vivo",8,0.00645766908280333,0.0148642492691593,-0.948063134196123,0.999997703357529,0.204790317270991,-1.59603688358136,FALSE
"scapulothoracic","scapular plane elevation",2,11,"Henninger et al._19.0","in vivo",100,0.548418717680264,1.93622065690035,0.826203624146155,0.999342499881454,14.3831046703263,1.30452823873381,FALSE
"scapulothoracic","scapular plane elevation",2,11,"Henninger et al._6.0","in vivo",78,0.272445468719137,0.917645677853073,0.94225221578754,0.99972757944382,7.14529166713828,0.962206343339271,FALSE
"scapulothoracic","scapular plane elevation",2,11,"Henninger et al._18.0","in vivo",100,0.26913767862258,0.848529365981875,0.953109367834611,0.999665533909621,7.05853990310754,0.956229213333571,FALSE
"scapulothoracic","scapular plane elevation",2,11,"Henninger et al._16.0","in vivo",100,0.265649333013606,0.865545779417676,0.404236607314557,0.9997564457717,6.96705279954481,0.949845706674559,FALSE
"scapulothoracic","scapular plane elevation",2,11,"Henninger et al._12.0","in vivo",100,0.179432250657151,0.699100234789292,0.924883178158781,0.999826867398899,4.70588030501663,0.757850340388653,FALSE
"scapulothoracic","scapular plane elevation",2,11,"Henninger et al._11.0","in vivo",100,0.17917396611816,0.656270769077906,0.912231723500925,0.999898907420901,4.69910640500323,0.757145492875506,FALSE
"scapulothoracic","scapular plane elevation",2,11,"Henninger et al._20.0","in vivo",100,0.175074275859342,0.496616032828615,0.79365988089086,0.999866997458051,4.59158586967594,0.745819475248885,FALSE
"scapulothoracic","scapular plane elevation",2,11,"Henninger et al._17.0","in vivo",100,0.169548279427513,0.519180645150657,0.937593286256525,0.999857578608111,4.44665831245644,0.730126017996926,FALSE
"scapulothoracic","scapular plane elevation",2,11,"Henninger et al._1.0","in vivo",100,0.165796402894005,0.476718172985223,0.991682284808334,0.999883408279501,4.3482597145387,0.719176632735227,FALSE
"scapulothoracic","scapular plane elevation",2,11,"Henninger et al._13.0","in vivo",100,0.151550235058482,0.412906738063924,0.601820063988566,0.999884998684319,3.97463256337931,0.675215320472719,FALSE
"scapulothoracic","scapular plane elevation",2,11,"Henninger et al._15.0","in vivo",100,0.150767775762256,0.498717930228203,0.98296310296096,0.999922881415748,3.95411139297598,0.672682448700286,FALSE
"scapulothoracic","scapular plane elevation",2,11,"Henninger et al._7.0","in vivo",100,0.148325496108982,0.3878678004317,0.900634587300464,0.999905413608983,3.89005894043418,0.664691232115063,FALSE
"scapulothoracic","scapular plane elevation",2,11,"Henninger et al._9.0","in vivo",100,0.140581805918284,0.338199040102969,0.853456809154831,0.999932170589496,3.68696903311209,0.638454606012683,FALSE
"scapulothoracic","scapular plane elevation",2,11,"Henninger et al._4.0","in vivo",100,0.135570451683027,0.353279097404844,0.955787553582682,0.999925039796095,3.55553874055997,0.620693554014097,FALSE
"scapulothoracic","scapular plane elevation",2,11,"Henninger et al._8.0","in vivo",100,0.124185945669433,0.479037748132022,0.750823282009756,0.999902336882111,3.25696296928412,0.577775428618185,FALSE
"scapulothoracic","scapular plane elevation",2,11,"Henninger et al._10.0","in vivo",100,0.11611677809336,0.3310574271948,0.542502191961468,0.999952711780323,3.04533692861948,0.544901784196886,FALSE
"scapulothoracic","scapular plane elevation",2,11,"Henninger et al._14.0","in vivo",100,0.0921877972633217,0.236010406815326,0.71811369117,0.999947977826369,2.4177634617829,0.431984282500131,FALSE
"scapulothoracic","scapular plane elevation",2,11,"Henninger et al._2.0","in vivo",100,0.088595639631944,0.300272501003723,0.959030629769462,0.999962853482491,2.32355373199294,0.412536575013117,FALSE
"scapulothoracic","scapular plane elevation",2,11,"Henninger et al._5.0","in vivo",100,0.0871323359127298,0.269168128836576,0.697319080064906,0.999961721415942,2.28517639387625,0.404387316216417,FALSE
"scapulothoracic","scapular plane elevation",2,11,"Henninger et al._3.0","in vivo",100,0.0870593737350524,0.212478264736468,0.51630131244227,0.99996782662935,2.28326285116759,0.403977409690599,FALSE
"scapulothoracic","scapular plane elevation",2,11,"Fung et al._","ex vivo",69,0.0780718375262628,0.402509255803147,0.0543075281883594,0.999958749705599,2.04755121359593,0.350661678476203,FALSE
"scapulothoracic","scapular plane elevation",2,11,"Matsumura et al._","ex vivo",11,0.0671341842100354,0.114173341845856,-0.328306437588729,0.999977547867712,1.76069482554179,0.276807098877246,FALSE
"scapulothoracic","scapular plane elevation",2,11,"Kim et al._","in vivo",13,0.0635731048684556,0.12125351226764,-3.13555392881575,0.999922547042041,1.66730017058557,0.250138276845452,FALSE
"scapulothoracic","scapular plane elevation",2,11,"Kijima et al._","in vivo",8,0.0628691110282298,0.0895513610970404,-126.265789206766,0.999737036776713,1.6488368746316,0.244689541052953,FALSE
"scapulothoracic","scapular plane elevation",2,11,"Chu et al._","in vivo",12,0.0410153018873366,0.0839519504111621,0.965807671202824,0.999988566346611,1.07568790253167,0.0357002708290879,FALSE
"scapulothoracic","scapular plane elevation",2,11,"Ludewig et al._","in vivo",19,0.038129369857935,0.100203011465894,-1.34954564402972,0.999981684832222,1,0,FALSE
"scapulothoracic","scapular plane elevation",2,11,"Karduna et al._","in vivo",25,0.0335521237030554,0.0904935491073502,-1.33464846199855,0.999994443036206,0.879954843944868,-0.0625753155869224,FALSE
"scapulothoracic","scapular plane elevation",2,11,"Matsuki et al._12.0","in vivo",8,0.0203431936941771,0.0343867970198133,-0.176758811522943,0.999986493003636,0.533530812860876,-0.307403650750753,FALSE
"scapulothoracic","scapular plane elevation",2,11,"Matsuki et al._23.0","in vivo",8,0.0162932985023052,0.0319521703462495,0.663117857142771,0.99999500228232,0.427316227963164,-0.416026907015432,FALSE
"scapulothoracic","scapular plane elevation",2,11,"Matsuki et al._13.0","in vivo",8,0.014461214959973,0.0246995176895588,-0.684160728156721,0.99999578596344,0.379267085027986,-0.474393646935033,FALSE
"scapulothoracic","scapular plane elevation",2,11,"Matsuki et al._2.0","in vivo",8,0.0141735230240392,0.0243962191151113,0.406111784687503,0.999996229694808,0.371721931855886,-0.484226138658355,FALSE
"scapulothoracic","scapular plane elevation",2,11,"Matsuki et al._16.0","in vivo",8,0.0122568357263881,0.0255393262530674,-1.96024962748074,0.999997714882405,0.321453928351174,-0.555318960793101,FALSE
"scapulothoracic","scapular plane elevation",2,11,"Matsuki et al._5.0","in vivo",8,0.0121040874023242,0.0230686949796599,0.092480496750118,0.999997608014058,0.317447874103936,-0.561455208815612,FALSE
"scapulothoracic","scapular plane elevation",2,11,"Matsuki et al._10.0","in vivo",8,0.0109176355893969,0.0246603440260085,0.806084383780194,0.99999911070914,0.286331393098667,-0.611934322019426,FALSE
"scapulothoracic","scapular plane elevation",2,11,"Matsuki et al._20.0","in vivo",8,0.00986408489492259,0.0191110312450196,0.9509370195042,0.999999047618143,0.258700443560302,-0.66158908494532,FALSE
"scapulothoracic","scapular plane elevation",2,11,"Matsuki et al._15.0","in vivo",8,0.00960739697798477,0.0192953641129527,-0.111292575941148,0.999999062593048,0.251968417358604,-0.674490759476595,FALSE
"scapulothoracic","scapular plane elevation",2,11,"Matsuki et al._4.0","in vivo",8,0.00945853252140436,0.017327957495521,-1.58263667987466,0.999998728396124,0.248064223370215,-0.68213186786421,FALSE
"scapulothoracic","scapular plane elevation",2,11,"Matsuki et al._17.0","in vivo",8,0.00915037630391935,0.0144047056832974,-6.18782611670123,0.999998772857447,0.239982363674313,-0.698338927485979,FALSE
"scapulothoracic","scapular plane elevation",2,11,"Matsuki et al._24.0","in vivo",8,0.00880262595151885,0.0130175147403762,0.756817359105035,0.999998833097625,0.230862088314501,-0.717297224312703,FALSE
"scapulothoracic","scapular plane elevation",2,11,"Matsuki et al._19.0","in vivo",8,0.00875018650765588,0.0142645977442513,0.0954794465567333,0.999999149230251,0.22948678512805,-0.720220886275579,FALSE
"scapulothoracic","scapular plane elevation",2,11,"Matsuki et al._9.0","in vivo",8,0.00751811714644109,0.0125886529865156,-0.0254467050683964,0.999999332298352,0.197173915395208,-0.794478294316337,FALSE
"scapulothoracic","scapular plane elevation",2,11,"Matsuki et al._14.0","in vivo",8,0.00701481873093847,0.0115196977318917,-1.51331239950372,0.99999933781222,0.183974158426293,-0.828383034459166,FALSE
"scapulothoracic","scapular plane elevation",2,11,"Matsuki et al._8.0","in vivo",8,0.00653550943105268,0.0106011155812933,0.902091117843469,0.99999968998273,0.171403552049329,-0.86301377461228,FALSE
"scapulothoracic","scapular plane elevation",2,11,"Matsuki et al._18.0","in vivo",8,0.00632885138477296,0.0118695363956789,0.979806754917353,0.999999700385777,0.165983634357279,-0.87873607069176,FALSE
"scapulothoracic","scapular plane elevation",2,11,"Matsuki et al._22.0","in vivo",8,0.00613167631951884,0.0106094264738559,0.908615053139765,0.999999617225211,0.160812422087348,-0.894223035513347,FALSE
"scapulothoracic","scapular plane elevation",2,11,"Matsuki et al._7.0","in vivo",8,0.00531969547309055,0.00844010468359846,0.680604235958262,0.999999789832945,0.139517004684605,-0.963730621806896,FALSE
"scapulothoracic","scapular plane elevation",2,11,"Matsuki et al._3.0","in vivo",8,0.0052565657363379,0.00856892766898198,0.981953535833985,0.999999789168436,0.137861332508855,-0.969572082636904,FALSE
"scapulothoracic","scapular plane elevation",2,11,"Matsuki et al._11.0","in vivo",8,0.00454732137150765,0.00762903176887342,-0.066008515079234,0.999999787803022,0.119260333660125,-1.04049252711406,FALSE
"scapulothoracic","scapular plane elevation",2,11,"Matsuki et al._21.0","in vivo",8,0.00446285114739913,0.00631528050864105,0.438818985801627,0.999999772904785,0.117044975147167,-1.04966735159539,FALSE
"scapulothoracic","scapular plane elevation",2,11,"Matsuki et al._6.0","in vivo",8,0.00386552670641899,0.00845420762595239,0.942215955880745,0.999999841197988,0.101379244420284,-1.11997631564475,FALSE
"scapulothoracic","scapular plane elevation",2,11,"Matsuki et al._1.0","in vivo",8,0.00376450630885979,0.00631816277658892,0.96640300266232,0.999999841790285,0.0987298327479799,-1.13293385496386,FALSE
"glenohumeral","scapular plane elevation",2,10,"Henninger et al._19.0","in vivo",100,0.8731884443465,2.70313011767319,0.985488748103139,0.999240938546086,5.32335670086253,4.55322688625561,TRUE
"glenohumeral","scapular plane elevation",2,10,"Henninger et al._6.0","in vivo",78,0.375760737841711,1.23014266653662,0.969276810264188,0.999858792935098,2.29080956655097,2.25715245792661,FALSE
"glenohumeral","scapular plane elevation",2,10,"Henninger et al._3.0","in vivo",100,0.369414689282438,1.30631573766053,0.850963129317864,0.999838607745305,2.25212114787029,2.2107713252554,FALSE
"glenohumeral","scapular plane elevation",2,10,"Henninger et al._15.0","in vivo",100,0.293053612841119,1.15561184891242,0.996710812838119,0.99991108945984,1.78658905042803,1.58020972198815,FALSE
"glenohumeral","scapular plane elevation",2,10,"Henninger et al._16.0","in vivo",100,0.223309909452012,0.826329552050968,0.854347759676976,0.999949961868255,1.36139949004942,0.840097612263098,FALSE
"glenohumeral","scapular plane elevation",2,10,"Henninger et al._18.0","in vivo",100,0.216100628351586,0.785671625176789,0.985815823233516,0.999941382230963,1.31744841041382,0.750736935486117,FALSE
"glenohumeral","scapular plane elevation",2,10,"Henninger et al._20.0","in vivo",100,0.210133682245655,0.521358463410092,0.972539217089571,0.999948383473916,1.28107117392799,0.674490759476595,FALSE
"glenohumeral","scapular plane elevation",2,10,"Henninger et al._11.0","in vivo",100,0.203349913507639,0.614982994948832,0.845017503129469,0.999931527253432,1.23971421254991,0.585131881756509,FALSE
"glenohumeral","scapular plane elevation",2,10,"Henninger et al._13.0","in vivo",100,0.202187273034539,0.506921726821801,0.926948514364736,0.999953797325378,1.23262622370484,0.569518322049901,FALSE
"glenohumeral","scapular plane elevation",2,10,"Henninger et al._1.0","in vivo",100,0.175169207991126,0.521357799938016,0.987844095093405,0.999972190261892,1.06791172418941,0.178918377099281,FALSE
"glenohumeral","scapular plane elevation",2,10,"Henninger et al._14.0","in vivo",100,0.164029670265196,0.519541654756146,0.975132271299145,0.999978812845481,1,0,FALSE
"glenohumeral","scapular plane elevation",2,10,"Henninger et al._9.0","in vivo",100,0.159364834940022,0.366007163682401,0.968342910811208,0.999965337230696,0.971561027235915,-0.0785633130459763,FALSE
"glenohumeral","scapular plane elevation",2,10,"Henninger et al._17.0","in vivo",100,0.156249352739746,0.553895154171437,0.98352479815292,0.999971760212246,0.952567620767204,-0.132324499957551,FALSE
"glenohumeral","scapular plane elevation",2,10,"Henninger et al._10.0","in vivo",100,0.149714345765353,0.473666829614659,0.816761103728219,0.999970685255408,0.912727225039848,-0.248664267787021,FALSE
"glenohumeral","scapular plane elevation",2,10,"Henninger et al._12.0","in vivo",100,0.1495844690441,0.532189601924813,0.987919069703096,0.9999824750231,0.911935437060009,-0.25102753228891,FALSE
"glenohumeral","scapular plane elevation",2,10,"Henninger et al._4.0","in vivo",100,0.142318210986018,0.393821470043619,0.973187440324653,0.99998584347544,0.867636999793537,-0.386624022301085,FALSE
"glenohumeral","scapular plane elevation",2,10,"Henninger et al._2.0","in vivo",100,0.134971786908817,0.352183149418401,0.976324064658995,0.999973340129345,0.822849833756297,-0.530944985473647,FALSE
"glenohumeral","scapular plane elevation",2,10,"Henninger et al._8.0","in vivo",100,0.12319774919802,0.499876840376686,0.92726699611268,0.999972779612616,0.751069907040837,-0.779491558906452,FALSE
"glenohumeral","scapular plane elevation",2,10,"Henninger et al._7.0","in vivo",100,0.118388007948601,0.428446823795834,0.968785384329053,0.999980330026229,0.721747521391689,-0.887932620874101,FALSE
"glenohumeral","scapular plane elevation",2,10,"Henninger et al._5.0","in vivo",100,0.109606675644973,0.329856705559484,0.920532725113505,0.999986933629571,0.668212497579044,-1.09779595378865,FALSE
"glenohumeral","scapular plane elevation",2,10,"Ludewig et al._","in vivo",19,0.0576800692951758,0.101453058030813,0.287694856301162,0.999990938505976,0.35164412146852,-2.84595903470929,FALSE
"sternoclavicular","sagittal plane elevation",2,8,"Begon et al._1.0","in vivo",100,0.253322222221516,0.695862252549318,-2.42918892809975,0.968593846286164,1.67932969332573,1.23371851992068,FALSE
"sternoclavicular","sagittal plane elevation",2,8,"Ludewig et al._","in vivo",19,0.150847223882428,0.500235351998326,-32.6741329353761,0.989671176325857,1,0,FALSE
"sternoclavicular","sagittal plane elevation",2,8,"Begon et al._2.0","in vivo",100,0.113619379959652,0.635157575340511,-1.86413569500654,0.998868441495091,0.753208292704204,-0.674490759476595,FALSE
"acromioclavicular","sagittal plane elevation",2,11,"Begon et al._1.0","in vivo",100,0.308601834959768,0.921361048671827,-3.27244170897657,0.96336891336191,1.50555292776994,0.674490759476595,FALSE
"acromioclavicular","sagittal plane elevation",2,11,"Begon et al._2.0","in vivo",100,0.204975746297326,0.646441345562089,-5.77235940353666,0.995049338540783,1,0,FALSE
"acromioclavicular","sagittal plane elevation",2,11,"Ludewig et al._","in vivo",19,0.089336487603788,0.198088466818337,-20.4046023804009,0.998490419352554,0.435839308881948,-1.36902898353068,FALSE
"scapulothoracic","sagittal plane elevation",2,9,"Henninger et al._16.0","in vivo",100,0.74702451633438,2.82707567583873,0.227544851557832,0.997003620375003,4.72717340830227,3.82913189415146,TRUE
"scapulothoracic","sagittal plane elevation",2,9,"Henninger et al._18.0","in vivo",100,0.275023938142649,0.651441595472251,0.963522132058548,0.999648909660419,1.74035231589717,1.36588999174037,FALSE
"scapulothoracic","sagittal plane elevation",2,9,"Henninger et al._8.0","in vivo",95,0.25125265744486,0.777366770972634,0.583256020279713,0.999665937262141,1.58992757944102,1.14304573499463,FALSE
"scapulothoracic","sagittal plane elevation",2,9,"Henninger et al._9.0","in vivo",97,0.238417658783135,1.24109406743234,0.807974294136904,0.999779072970097,1.50870766892587,1.01378731363399,FALSE
"scapulothoracic","sagittal plane elevation",2,9,"Henninger et al._10.0","in vivo",100,0.207760257260784,0.710195788708134,0.187419847251641,0.999749213092221,1.31470753897668,0.674490759476595,FALSE
"scapulothoracic","sagittal plane elevation",2,9,"Henninger et al._15.0","in vivo",86,0.195367115954144,0.700393761182491,0.960838911765231,0.999763324801464,1.23628370314656,0.52287536690973,FALSE
"scapulothoracic","sagittal plane elevation",2,9,"Henninger et al._6.0","in vivo",63,0.194098591657936,0.576962391913039,0.915451263730769,0.999866974596812,1.22825647754727,0.506817109702362,FALSE
"scapulothoracic","sagittal plane elevation",2,9,"Begon et al._1.0","in vivo",100,0.186809036608497,0.46185625792253,-3.0113060210056,0.99944186350613,1.18212815105384,0.412454121561458,FALSE
"scapulothoracic","sagittal plane elevation",2,9,"Begon et al._2.0","in vivo",100,0.177781678492207,0.767043111084412,0.970347452793789,0.999498707641595,1.12500300147516,0.290355390665606,FALSE
"scapulothoracic","sagittal plane elevation",2,9,"Henninger et al._2.0","in vivo",69,0.164785195697002,0.551034171907289,0.947061006220922,0.999869122690121,1.04276121887287,0.103219850787715,FALSE
"scapulothoracic","sagittal plane elevation",2,9,"Henninger et al._3.0","in vivo",85,0.164631892649431,0.619423912178462,0.821747566127499,0.999832395812485,1.04179111672221,0.100925435625213,FALSE
"scapulothoracic","sagittal plane elevation",2,9,"Henninger et al._19.0","in vivo",50,0.161350325168323,0.380337838673108,0.78676150068807,0.999921306539448,1.02102534773465,0.051292563368152,FALSE
"scapulothoracic","sagittal plane elevation",2,9,"Henninger et al._5.0","in vivo",79,0.158027737045227,0.380429655555247,0.341374953764096,0.999834228686268,1,0,FALSE
"scapulothoracic","sagittal plane elevation",2,9,"Henninger et al._11.0","in vivo",90,0.153072613217966,0.513044694563469,0.804630138383693,0.999935155400486,0.968643961370889,-0.0785340600273918,FALSE
"scapulothoracic","sagittal plane elevation",2,9,"Henninger et al._14.0","in vivo",87,0.137673086750281,0.472987404698159,0.286309742082454,0.99987639009695,0.871195711110385,-0.339911431502868,FALSE
"scapulothoracic","sagittal plane elevation",2,9,"Henninger et al._17.0","in vivo",80,0.13500102277649,0.434792172027876,0.978177115318605,0.999858096361391,0.85428688216837,-0.388226673472894,FALSE
"scapulothoracic","sagittal plane elevation",2,9,"Henninger et al._13.0","in vivo",85,0.128475490168703,0.410045351616097,0.256680492194057,0.999923452679162,0.81299329200629,-0.510358875889099,FALSE
"scapulothoracic","sagittal plane elevation",2,9,"Henninger et al._1.0","in vivo",88,0.116676529345705,0.344411522048051,0.805660678159984,0.999906038413937,0.738329432081363,-0.747830249835076,FALSE
"scapulothoracic","sagittal plane elevation",2,9,"Henninger et al._7.0","in vivo",92,0.114416369553226,0.419056520879042,0.919703481623171,0.999952465947026,0.724027134049769,-0.796050970931326,FALSE
"scapulothoracic","sagittal plane elevation",2,9,"Henninger et al._4.0","in vivo",63,0.114185519105002,0.327989147381182,0.861040410033051,0.999920512002986,0.722566311712244,-0.801029698515197,FALSE
"scapulothoracic","sagittal plane elevation",2,9,"Yoshida et al._","in vivo",13,0.101909893411117,0.227500662242853,0.874168098829501,0.999885353446956,0.644886115036572,-1.08140077315493,FALSE
"scapulothoracic","sagittal plane elevation",2,9,"Henninger et al._20.0","in vivo",92,0.0821148532903024,0.330826997834791,0.824581163282412,0.999966336433225,0.51962304102856,-1.61379208281962,FALSE
"scapulothoracic","sagittal plane elevation",2,9,"Henninger et al._12.0","in vivo",63,0.0740935097415067,0.213435614774454,0.948876209196537,0.999953253329437,0.468863954688546,-1.86718373583036,FALSE
"scapulothoracic","sagittal plane elevation",2,9,"Ludewig et al._","in vivo",19,0.0595047436752727,0.10904905416762,-0.722647241778417,0.99995716185914,0.376546198710944,-2.40771435929994,FALSE
"scapulothoracic","sagittal plane elevation",2,9,"Karduna et al._","in vivo",25,0.0236644596766065,0.0523615129758568,-2.67127758272706,0.999996547259453,0.149748772709653,-4.68075247141649,FALSE
"glenohumeral","sagittal plane elevation",2,13,"Henninger et al._9.0","in vivo",69,0.555347093316029,3.89109511815597,0.953316678764913,0.999554564499468,4.48964581637502,2.91343703945761,FALSE
"glenohumeral","sagittal plane elevation",2,13,"Henninger et al._18.0","in vivo",100,0.237549968650982,0.579801499482116,0.966623281450944,0.999901147945282,1.92044801489036,1.26709003341951,FALSE
"glenohumeral","sagittal plane elevation",2,13,"Henninger et al._10.0","in vivo",82,0.192375019558215,0.78708167880632,0.852887128904923,0.999915422614586,1.55523583742448,0.858164157104593,FALSE
"glenohumeral","sagittal plane elevation",2,13,"Henninger et al._16.0","in vivo",81,0.179793548802766,0.60028179621014,0.615893652047231,0.999947352303199,1.45352224565296,0.727037557090112,FALSE
"glenohumeral","sagittal plane elevation",2,13,"Henninger et al._5.0","in vivo",67,0.173688076411682,0.529250753708084,0.918751464065974,0.999937848780914,1.40416318911419,0.660060019266452,FALSE
"glenohumeral","sagittal plane elevation",2,13,"Henninger et al._8.0","in vivo",75,0.173468451020108,0.460555179428738,0.879415353625081,0.999949369180202,1.40238765047841,0.657607057229908,FALSE
"glenohumeral","sagittal plane elevation",2,13,"Henninger et al._6.0","in vivo",59,0.167353911339125,0.48660955636737,0.924873916550183,0.999917736084479,1.35295529037752,0.588038044219539,FALSE
"glenohumeral","sagittal plane elevation",2,13,"Begon et al._2.0","in vivo",100,0.162515519854103,0.559414038221014,0.993005913574359,0.999885673075232,1.31383981763955,0.531162752582336,FALSE
"glenohumeral","sagittal plane elevation",2,13,"Henninger et al._3.0","in vivo",73,0.153624557932302,0.537561872094059,0.992977571405872,0.999951493237364,1.24196176069787,0.422089745071889,FALSE
"glenohumeral","sagittal plane elevation",2,13,"Henninger et al._11.0","in vivo",81,0.148285250788384,0.55737772354545,0.687384653815597,0.999935077763857,1.19879668741389,0.353511475844668,FALSE
"glenohumeral","sagittal plane elevation",2,13,"Henninger et al._1.0","in vivo",74,0.13144912760344,0.454116703720487,0.946599135000679,0.999973368336441,1.06268680058633,0.119867265515612,FALSE
"glenohumeral","sagittal plane elevation",2,13,"Henninger et al._15.0","in vivo",61,0.129304369737452,0.328821813188778,0.98999068181502,0.999976749655206,1.04534772868686,0.0879745516051105,FALSE
"glenohumeral","sagittal plane elevation",2,13,"Henninger et al._2.0","in vivo",59,0.118085787985244,0.424823455007378,0.968854733871291,0.99997194487203,0.95465227131314,-0.0879745516051114,FALSE
"glenohumeral","sagittal plane elevation",2,13,"Henninger et al._19.0","in vivo",42,0.0944195170524875,0.287004901653916,0.956293411107454,0.999983473623528,0.763324765396075,-0.521584088905598,FALSE
"glenohumeral","sagittal plane elevation",2,13,"Henninger et al._13.0","in vivo",67,0.0922943735292767,0.246380653062417,0.845430430123308,0.999984221198378,0.746144263610771,-0.565717139456341,FALSE
"glenohumeral","sagittal plane elevation",2,13,"Begon et al._1.0","in vivo",100,0.0917892045525372,0.255635608657883,0.397086713994046,0.999974241717854,0.742060277559024,-0.576357498198678,FALSE
"glenohumeral","sagittal plane elevation",2,13,"Henninger et al._4.0","in vivo",54,0.0866114619797971,0.237116963542505,0.971372513806386,0.999985630358482,0.700201356247013,-0.688921499686738,FALSE
"glenohumeral","sagittal plane elevation",2,13,"Henninger et al._7.0","in vivo",67,0.0836582309656532,0.221261269980729,0.995214267233057,0.999986069651083,0.676326267267489,-0.756178451198124,FALSE
"glenohumeral","sagittal plane elevation",2,13,"Henninger et al._20.0","in vivo",84,0.0807555422952151,0.261466992767097,0.987463802467722,0.999990338385473,0.652859782608938,-0.82463908966137,FALSE
"glenohumeral","sagittal plane elevation",2,13,"Henninger et al._12.0","in vivo",56,0.0801573263606154,0.281914228853438,0.981327666106969,0.999988938953178,0.648023568103831,-0.83905369500141,FALSE
"glenohumeral","sagittal plane elevation",2,13,"Henninger et al._17.0","in vivo",80,0.0798010197055717,0.230719795762454,0.976792516681741,0.999983595471709,0.645143044009229,-0.847690463981339,FALSE
"glenohumeral","sagittal plane elevation",2,13,"Henninger et al._14.0","in vivo",75,0.0518909822601462,0.143774405593859,0.906143550991935,0.999996595141327,0.419507249098501,-1.68207645377295,FALSE
"glenohumeral","sagittal plane elevation",2,13,"Ludewig et al._","in vivo",19,0.049794348571938,0.117746702911447,0.200954535359225,0.999989749913872,0.402557232109075,-1.76203398300427,FALSE
"glenohumeral","sagittal plane elevation",2,13,"Yoshida et al._","in vivo",13,0.0324431463076916,0.10825050858549,0.899074059198082,0.999998357785501,0.262283242036311,-2.59258339092572,FALSE
"sternoclavicular","horizontal flexion",2,11,"Moissenet et al._2.0","ex vivo",100,0.156088268837739,0.580146037180828,0.538226876876058,0.997057072310443,5.71453561080279,1.50318280029302,FALSE
"sternoclavicular","horizontal flexion",2,11,"Moissenet et al._1.0","ex vivo",100,0.122504690916534,0.346267558880701,-4.93697384686994,0.995983188886226,4.48500982133809,1.29435055232554,FALSE
"sternoclavicular","horizontal flexion",2,11,"Oki et al._","ex vivo",17,0.0657801895271002,0.11584492169991,-95.4524483944089,0.999109467353737,2.40827346178552,0.758349304997197,FALSE
"sternoclavicular","horizontal flexion",2,11,"Moissenet et al._8.0","ex vivo",100,0.0433513771575091,0.189167484129648,-6.29369776140895,0.999110905559852,1.58713393638479,0.398923547501836,FALSE
"sternoclavicular","horizontal flexion",2,11,"Moissenet et al._9.0","ex vivo",100,0.0284550519769268,0.0959408460103823,-0.102677007663229,0.999550713981052,1.04176572038498,0.0360218822509018,FALSE
"sternoclavicular","horizontal flexion",2,11,"Moissenet et al._7.0","ex vivo",100,0.0261734531084801,0.0899392274273012,-97.071850010353,0.999143005213622,0.958234279615018,-0.0360218822509014,FALSE
"sternoclavicular","horizontal flexion",2,11,"Moissenet et al._3.0","ex vivo",100,0.0227791356365082,0.0648392747933642,-15.2023804003418,0.999730384683982,0.833965183593987,-0.155750499949575,FALSE
"sternoclavicular","horizontal flexion",2,11,"Moissenet et al._5.0","ex vivo",100,0.0137539508545795,0.0368725120957514,-0.9270008817399,0.999944851831753,0.503544837372957,-0.590632213955994,FALSE
"sternoclavicular","horizontal flexion",2,11,"Moissenet et al._10.0","ex vivo",100,0.00895300207878167,0.0246072033388813,-8.68296283837598,0.999932597398988,0.327777670825311,-0.960709341056709,FALSE
"sternoclavicular","horizontal flexion",2,11,"Moissenet et al._6.0","ex vivo",100,0.0079165735646495,0.026703113527951,-47.7031312924815,0.999727783233003,0.289833066172052,-1.06675825500627,FALSE
"acromioclavicular","horizontal flexion",2,15,"Moissenet et al._2.0","ex vivo",100,0.109586415657809,0.375171292605814,-3.68299034367959,0.99688430608529,2.61671398347109,1.15356500461374,FALSE
"acromioclavicular","horizontal flexion",2,15,"Moissenet et al._8.0","ex vivo",100,0.105048500839903,0.681635359110495,-1.52632668258911,0.991357297321251,2.50835725797244,1.10284794034645,FALSE
"acromioclavicular","horizontal flexion",2,15,"Moissenet et al._1.0","ex vivo",100,0.0734958844802401,0.253756145745281,-1.23056108956873,0.998646282262876,1.75494113474379,0.674490759476595,FALSE
"acromioclavicular","horizontal flexion",2,15,"Moissenet et al._3.0","ex vivo",100,0.0424030939004108,0.129788262022189,-10.0828017479965,0.999664244795351,1.01250477155958,0.0149031423859016,FALSE
"acromioclavicular","horizontal flexion",2,15,"Moissenet et al._9.0","ex vivo",100,0.0418794015509642,0.104567894348129,-2.32201721737483,0.999210422147822,1,0,FALSE
"acromioclavicular","horizontal flexion",2,15,"Moissenet et al._7.0","ex vivo",100,0.0270342756259207,0.0728990190547429,-24.7551304589365,0.999844731983554,0.645526789417512,-0.524890394778377,FALSE
"acromioclavicular","horizontal flexion",2,15,"Moissenet et al._6.0","ex vivo",100,0.024765210387831,0.068532635146962,-432.64909823759,0.999358851590732,0.591345851914659,-0.630021919879027,FALSE
"acromioclavicular","horizontal flexion",2,15,"Moissenet et al._5.0","ex vivo",100,0.0160987525656292,0.0450543721842993,-1.6912471980031,0.999889199021393,0.384407416759243,-1.14652908527166,FALSE
"acromioclavicular","horizontal flexion",2,15,"Moissenet et al._10.0","ex vivo",100,0.0115321993647408,0.0540323630398163,-33.9214846001412,0.999923263052724,0.275366861455911,-1.54659154353537,FALSE
"scapulothoracic","horizontal flexion",2,9,"Bourne et al._1.0","in vivo",61,0.149928545484906,0.619912401020432,-5.09570101336736,0.996642948490359,1.28774483890267,0.977217887372349,FALSE
"scapulothoracic","horizontal flexion",2,9,"Bourne et al._3.0","in vivo",57,0.12190471764988,0.649693947732679,-0.478187039443942,0.983422838971167,1.04704658131513,0.177648800281794,FALSE
"scapulothoracic","horizontal flexion",2,9,"Bourne et al._7.0","in vivo",65,0.119129482847779,0.593331134888476,-94.3491601392177,0.984634789768819,1.02320993111893,0.0886619761903307,FALSE
"scapulothoracic","horizontal flexion",2,9,"Bourne et al._4.0","in vivo",58,0.116427215202559,0.474906823056074,-22.6690643864934,0.992429573766794,1,0,FALSE
"scapulothoracic","horizontal flexion",2,9,"Bourne et al._6.0","in vivo",58,0.0977796068069848,0.360340040285685,-8.75133140103805,0.993763994685411,0.839834626610875,-0.674490759476595,FALSE
"scapulothoracic","horizontal flexion",2,9,"Bourne et al._2.0","in vivo",61,0.0624486930792286,0.173582067795515,-10.3383481906415,0.989399920237219,0.536375391016449,-2.4070684035872,FALSE
"scapulothoracic","horizontal flexion",2,9,"Bourne et al._5.0","in vivo",61,0.0593402325939248,0.262702635672582,-63.9150266037434,0.989703740771994,0.509676646398227,-2.6043639740659,FALSE
"glenohumeral","horizontal flexion",2,11,"Moissenet et al._2.0","ex vivo",100,0.302500591489037,1.04301774761292,0.565754502591577,0.998778264065711,5.64831899373556,2.0528496901467,FALSE
"glenohumeral","horizontal flexion",2,11,"Moissenet et al._1.0","ex vivo",100,0.120345415864066,0.351166347860172,0.523353136986409,0.999788044037487,2.24710072429278,0.959981081015781,FALSE
"glenohumeral","horizontal flexion",2,11,"Moissenet et al._7.0","ex vivo",100,0.077882472926683,0.211485252422847,0.722198433557595,0.999690763459306,1.45422873041497,0.444011168832221,FALSE
"glenohumeral","horizontal flexion",2,11,"Moissenet et al._3.0","ex vivo",100,0.0618612309861184,0.186926599620023,0.350820376119704,0.999925099957424,1.15507862062286,0.170938698186531,FALSE
"glenohumeral","horizontal flexion",2,11,"Moissenet et al._8.0","ex vivo",100,0.0535558618103074,0.281936090327946,-18.3427055997385,0.999758200125273,1,0,FALSE
"glenohumeral","horizontal flexion",2,11,"Moissenet et al._9.0","ex vivo",100,0.0493303191583889,0.137663807837285,-25.1719420144234,0.99888749476154,0.921100277185619,-0.0974473600996135,FALSE
"glenohumeral","horizontal flexion",2,11,"Moissenet et al._5.0","ex vivo",100,0.0303217363082764,0.074305275498503,0.725378497575206,0.999909265693166,0.566170261915954,-0.674490759476595,FALSE
"glenohumeral","horizontal flexion",2,11,"Moissenet et al._10.0","ex vivo",100,0.0293230878388545,0.0731258206222947,-113.135930973269,0.99934633055516,0.547523405425079,-0.714199008860073,FALSE
"glenohumeral","horizontal flexion",2,11,"Moissenet et al._6.0","ex vivo",100,0.0219328434434064,0.0432271977611123,0.714408033922818,0.999980101255407,0.409532079253838,-1.05851079931958,FALSE
"sternoclavicular","internal-external rotation 0 degree-abducted",2,17,"Begon et al._2.0","in vivo",100,0.0797473030927752,0.314223387860675,-7917.06803491642,0.363672429906865,4.83554948730552,3.04181272517422,TRUE
"sternoclavicular","internal-external rotation 0 degree-abducted",2,17,"Begon et al._1.0","in vivo",100,0.042666016004203,0.16171581022104,0.14571911512068,0.85092293069002,2.58709227538986,1.84001984300369,FALSE
"sternoclavicular","internal-external rotation 0 degree-abducted",2,17,"Moissenet et al._3.0","ex vivo",100,0.034093269179887,0.1130556534555,-6228.71832398653,0.810527217195588,2.06727605711731,1.40903247864433,FALSE
"sternoclavicular","internal-external rotation 0 degree-abducted",2,17,"Moissenet et al._5.0","ex vivo",100,0.0218003517919771,0.055503408591024,-211.676816161217,0.986267729144711,1.32188394895482,0.549808536290554,FALSE
"sternoclavicular","internal-external rotation 0 degree-abducted",2,17,"Moissenet et al._1.0","ex vivo",100,0.0213901561729595,0.0479271139075479,-25.0364673647374,0.998550528587994,1.29701136846231,0.513309978105548,FALSE
"sternoclavicular","internal-external rotation 0 degree-abducted",2,17,"Moissenet et al._4.0","ex vivo",100,0.018447965764946,0.0530810242859729,-129.65910936795,0.996505390373642,1.11860900540718,0.228979552340011,FALSE
"sternoclavicular","internal-external rotation 0 degree-abducted",2,17,"Moissenet et al._6.0","ex vivo",100,0.014535794737198,0.0559278783806025,-4.16511928124167,0.999485206532227,0.881390994592816,-0.228979552340012,FALSE
"sternoclavicular","internal-external rotation 0 degree-abducted",2,17,"Moissenet et al._9.0","ex vivo",100,0.0127368283728127,0.0317976079359319,-1.97958204894421,0.999179428114013,0.772309050205768,-0.482835383768334,FALSE
"sternoclavicular","internal-external rotation 0 degree-abducted",2,17,"Moissenet et al._10.0","ex vivo",100,0.0124786332370119,0.0471613103661319,-74.6104238455984,0.999397630436236,0.756653155797729,-0.522186427585647,FALSE
"sternoclavicular","internal-external rotation 0 degree-abducted",2,17,"Moissenet et al._8.0","ex vivo",100,0.0108034244523555,0.0399061298366501,-16.9099991141712,0.999387984564622,0.65507536362649,-0.799172982662637,FALSE
"sternoclavicular","internal-external rotation 0 degree-abducted",2,17,"Moissenet et al._2.0","ex vivo",100,0.0107156435215214,0.0377567140711985,-876.934354367139,0.994534827618969,0.649752687891658,-0.814849120659434,FALSE
"sternoclavicular","internal-external rotation 0 degree-abducted",2,17,"Moissenet et al._7.0","ex vivo",100,0.00799988336953704,0.0229067366956208,-2975.13343065874,0.997505102903105,0.485080127174525,-1.37644726391728,FALSE
"acromioclavicular","internal-external rotation 0 degree-abducted",2,17,"Begon et al._2.0","in vivo",100,0.165722376356107,0.41457022602598,-201.518606368479,0.748372082927726,6.56943751922075,7.57714505497349,TRUE
"acromioclavicular","internal-external rotation 0 degree-abducted",2,17,"Begon et al._1.0","in vivo",100,0.106686790005513,0.350929742365533,-88.716854313258,0.982431836710922,4.2291947320463,5.80439663610493,TRUE
"acromioclavicular","internal-external rotation 0 degree-abducted",2,17,"Moissenet et al._1.0","ex vivo",100,0.0478496604128811,0.139308623814111,-10.6143468731227,0.986544894984255,1.89681901328088,2.57688722157594,FALSE
"acromioclavicular","internal-external rotation 0 degree-abducted",2,17,"Moissenet et al._10.0","ex vivo",100,0.0412849684005406,0.156152913577369,-220.615950765767,0.995090497586402,1.63658659955222,1.98291191228289,FALSE
"acromioclavicular","internal-external rotation 0 degree-abducted",2,17,"Moissenet et al._8.0","ex vivo",100,0.0264859837736844,0.1379128009484,-0.0079621428070844,0.999427751044464,1.04993676389497,0.196211545477641,FALSE
"acromioclavicular","internal-external rotation 0 degree-abducted",2,17,"Moissenet et al._4.0","ex vivo",100,0.0253703185448295,0.0757387025201681,-21.1967886168149,0.998171870946268,1.00571043082827,0.0229856617694821,FALSE
"acromioclavicular","internal-external rotation 0 degree-abducted",2,17,"Moissenet et al._7.0","ex vivo",100,0.0250822128541644,0.0559561821645334,-383.249025620587,0.997402031995654,0.994289569171731,-0.0229856617694839,FALSE
"acromioclavicular","internal-external rotation 0 degree-abducted",2,17,"Moissenet et al._9.0","ex vivo",100,0.0247796070247968,0.0737488712575896,-5.18545043699176,0.998987595182328,0.982293904297176,-0.0718427868493036,FALSE
"acromioclavicular","internal-external rotation 0 degree-abducted",2,17,"Moissenet et al._2.0","ex vivo",100,0.0247594009459327,0.0963889878235524,-13.2866006111202,0.999371965996052,0.981492910638234,-0.0751263711750793,FALSE
"acromioclavicular","internal-external rotation 0 degree-abducted",2,17,"Moissenet et al._6.0","ex vivo",100,0.0214976533928942,0.0817140757780876,-299.452195301196,0.999732271054106,0.852193251628316,-0.643726733936425,FALSE
"acromioclavicular","internal-external rotation 0 degree-abducted",2,17,"Moissenet et al._3.0","ex vivo",100,0.021171542169034,0.0603026930933135,-156.233790061952,0.998970016541913,0.839265804191389,-0.705254785016765,FALSE
"acromioclavicular","internal-external rotation 0 degree-abducted",2,17,"Moissenet et al._5.0","ex vivo",100,0.0168104910115989,0.0422191697013878,-61.8917902720497,0.995835041631338,0.666388406902973,-1.63367772302482,FALSE
"scapulothoracic","internal-external rotation 0 degree-abducted",2,15,"Henninger et al._19.0","in vivo",57,0.666434792984596,2.43554234435939,-13.9711803091923,0.81386569958059,6.19649480191825,3.96759054303821,TRUE
"scapulothoracic","internal-external rotation 0 degree-abducted",2,15,"Henninger et al._2.0","in vivo",81,0.381083284902562,0.936713960778809,-20.2489085757492,0.198078712578606,3.54330328916551,2.75179958882021,FALSE
"scapulothoracic","internal-external rotation 0 degree-abducted",2,15,"Henninger et al._13.0","in vivo",66,0.326183879183033,0.911984392267489,-89.2609225317026,0.903834677144144,3.03284992485965,2.41342749827039,FALSE
"scapulothoracic","internal-external rotation 0 degree-abducted",2,15,"Henninger et al._7.0","in vivo",79,0.272225315697303,0.867991840787002,-22.8735761907838,0.875508339053271,2.53114448919218,2.0200774671536,FALSE
"scapulothoracic","internal-external rotation 0 degree-abducted",2,15,"Henninger et al._3.0","in vivo",72,0.265382917427026,0.824918918755003,-21.4002520265491,0.988578231211582,2.46752403335652,1.96470399445329,FALSE
"scapulothoracic","internal-external rotation 0 degree-abducted",2,15,"Henninger et al._11.0","in vivo",100,0.262819347864005,0.849562432663119,-15.7995401195944,0.984516889487449,2.44368802473447,1.94358933273701,FALSE
"scapulothoracic","internal-external rotation 0 degree-abducted",2,15,"Henninger et al._20.0","in vivo",90,0.200229903494141,0.567751748212653,-1.21054723166264,0.984610640134066,1.86173286456656,1.35192434802279,FALSE
"scapulothoracic","internal-external rotation 0 degree-abducted",2,15,"Henninger et al._5.0","in vivo",74,0.191967062527728,0.640077676985005,-90.4775088369778,0.976274949360425,1.7849051664385,1.26025475498872,FALSE
"scapulothoracic","internal-external rotation 0 degree-abducted",2,15,"Henninger et al._12.0","in vivo",100,0.151239448575051,0.398051925413467,-29.2148732076269,0.950602941420223,1.40622078379684,0.741549726222475,FALSE
"scapulothoracic","internal-external rotation 0 degree-abducted",2,15,"Henninger et al._6.0","in vivo",97,0.132561928743277,0.385647774248526,-0.128314692318118,0.994610249421117,1.232557650106,0.454822611094519,FALSE
"scapulothoracic","internal-external rotation 0 degree-abducted",2,15,"Henninger et al._15.0","in vivo",95,0.107550286781212,0.263568638328183,-0.133275442560103,0.989949743904316,1,0,FALSE
"scapulothoracic","internal-external rotation 0 degree-abducted",2,15,"Begon et al._1.0","in vivo",100,0.0997388692723038,0.333114128858538,-1490.15949062752,0.758792549090787,0.927369626407425,-0.16401925668291,FALSE
"scapulothoracic","internal-external rotation 0 degree-abducted",2,15,"Henninger et al._8.0","in vivo",34,0.0990652401224618,0.189896256190511,-271.160275909439,0.965356721380656,0.921106238647126,-0.178760463778652,FALSE
"scapulothoracic","internal-external rotation 0 degree-abducted",2,15,"Henninger et al._9.0","in vivo",48,0.0936953132287659,0.36988628025782,-120.92155662995,0.957146944545555,0.871176786533067,-0.299987214524287,FALSE
"scapulothoracic","internal-external rotation 0 degree-abducted",2,15,"Henninger et al._4.0","in vivo",49,0.0889339095144894,0.272053144796181,-15.3391188950294,0.94644694304532,0.826905368419951,-0.413435786777887,FALSE
"scapulothoracic","internal-external rotation 0 degree-abducted",2,15,"Henninger et al._18.0","in vivo",74,0.0855769286247203,0.233902007441486,-7.42248716869639,0.994191635777644,0.795692240215113,-0.497133947256431,FALSE
"scapulothoracic","internal-external rotation 0 degree-abducted",2,15,"Henninger et al._14.0","in vivo",53,0.0850228266796653,0.18628653310147,-10.8062823415927,0.989271054691632,0.790540213552626,-0.511264158957834,FALSE
"scapulothoracic","internal-external rotation 0 degree-abducted",2,15,"Henninger et al._17.0","in vivo",66,0.0820160476231784,0.241151751604449,-3.02811649336403,0.97542193799746,0.762583253636716,-0.589583088963254,FALSE
"scapulothoracic","internal-external rotation 0 degree-abducted",2,15,"Henninger et al._16.0","in vivo",100,0.0789466589093828,0.20141751288291,-104.399069682331,0.97817190698945,0.734044150621216,-0.672551953175142,FALSE
"scapulothoracic","internal-external rotation 0 degree-abducted",2,15,"Henninger et al._10.0","in vivo",91,0.0788763243499268,0.221838124998531,-71.0044350755691,0.996239062265633,0.733390181565799,-0.674490759476595,FALSE
"scapulothoracic","internal-external rotation 0 degree-abducted",2,15,"Begon et al._2.0","in vivo",52,0.0419489414039223,0.189068295339458,-975.10181749971,0.713403218126403,0.390040256138587,-2.04799388391306,FALSE
"glenohumeral","internal-external rotation 0 degree-abducted",2,10,"Henninger et al._19.0","in vivo",57,0.71023017913934,2.22637152455405,-7.04032835217689,0.920785800641402,3.14396226223316,1.75010181877905,FALSE
"glenohumeral","internal-external rotation 0 degree-abducted",2,10,"Henninger et al._7.0","in vivo",79,0.55783984320052,1.58155104477575,-0.743115537136111,0.966802907800669,2.46937889561071,1.38110516862159,FALSE
"glenohumeral","internal-external rotation 0 degree-abducted",2,10,"Henninger et al._2.0","in vivo",81,0.504451880157535,1.23657276040511,-3.25666659697969,0.969887083888751,2.23304742731399,1.22740656052423,FALSE
"glenohumeral","internal-external rotation 0 degree-abducted",2,10,"Henninger et al._13.0","in vivo",66,0.428786554854719,1.19867770652325,-7.65700282520196,0.918083065908633,1.89810118833562,0.979114416029674,FALSE
"glenohumeral","internal-external rotation 0 degree-abducted",2,10,"Henninger et al._5.0","in vivo",74,0.367524788435204,0.851278819149723,-154.643501938044,0.767151715187631,1.62691490620087,0.743571555387388,FALSE
"glenohumeral","internal-external rotation 0 degree-abducted",2,10,"Henninger et al._16.0","in vivo",100,0.351277222708659,1.16754964982995,-16.4771831244065,0.98741048912516,1.55499211976097,0.674490759476595,FALSE
"glenohumeral","internal-external rotation 0 degree-abducted",2,10,"Henninger et al._12.0","in vivo",100,0.274819909253044,1.04602075542961,-2.24326677753129,0.963290456533886,1.2165400020722,0.299470648152811,FALSE
"glenohumeral","internal-external rotation 0 degree-abducted",2,10,"Henninger et al._20.0","in vivo",90,0.263645002957602,0.654463360879944,-0.0487020312865654,0.981121498842015,1.16707225948847,0.236046714214209,FALSE
"glenohumeral","internal-external rotation 0 degree-abducted",2,10,"Henninger et al._6.0","in vivo",97,0.247348729381921,0.852987784603574,-27.0983708001001,0.979713652337592,1.09493385895041,0.138564728815633,FALSE
"glenohumeral","internal-external rotation 0 degree-abducted",2,10,"Henninger et al._3.0","in vivo",72,0.240591105625491,0.757923218105833,-7.06103771614533,0.99512189249395,1.06502001595049,0.096243347433584,FALSE
"glenohumeral","internal-external rotation 0 degree-abducted",2,10,"Henninger et al._11.0","in vivo",100,0.225902895741141,0.756157040618891,-51.2386598785939,0.982418102585584,1,0,FALSE
"glenohumeral","internal-external rotation 0 degree-abducted",2,10,"Henninger et al._17.0","in vivo",66,0.191778338920872,0.513254177784329,-74.3864102334055,0.975563962105721,0.848941481213363,-0.250204712268081,FALSE
"glenohumeral","internal-external rotation 0 degree-abducted",2,10,"Henninger et al._15.0","in vivo",95,0.181196672926993,0.633969058232982,-45.2266797630021,0.965715787367588,0.802099824052824,-0.336919908158462,FALSE
"glenohumeral","internal-external rotation 0 degree-abducted",2,10,"Henninger et al._14.0","in vivo",53,0.166740746431294,0.654788158770547,-9.31800533115548,0.995054532223345,0.738108052507482,-0.463947833689962,FALSE
"glenohumeral","internal-external rotation 0 degree-abducted",2,10,"Henninger et al._8.0","in vivo",34,0.159488983298841,0.351682382303407,-24.5928100576725,0.966688421624532,0.706006812243778,-0.531883205205392,FALSE
"glenohumeral","internal-external rotation 0 degree-abducted",2,10,"Henninger et al._10.0","in vivo",91,0.158764574276737,0.407016919958265,-0.190966526193652,0.998904859808372,0.702800084770332,-0.538838501998078,FALSE
"glenohumeral","internal-external rotation 0 degree-abducted",2,10,"Henninger et al._4.0","in vivo",49,0.14442235387093,0.333062897662228,-196.822679361065,0.958332586613421,0.639311653784293,-0.683493856816678,FALSE
"glenohumeral","internal-external rotation 0 degree-abducted",2,10,"Henninger et al._9.0","in vivo",48,0.128234921112888,0.270854673360009,-183.479892618686,0.931524573519607,0.567655056798523,-0.865119118821916,FALSE
"glenohumeral","internal-external rotation 0 degree-abducted",2,10,"Begon et al._2.0","in vivo",52,0.0747787279152586,0.16839132319294,-178.216711558487,0.97563783296109,0.331021555389651,-1.68912303156481,FALSE
"glenohumeral","internal-external rotation 0 degree-abducted",2,10,"Begon et al._1.0","in vivo",100,0.0695979857109667,0.197882799603454,-0.561086266821701,0.968069975977042,0.308088063601974,-1.79881773804256,FALSE
"glenohumeral","internal-external rotation 0 degree-abducted",2,10,"Henninger et al._18.0","in vivo",74,0.0535827493056947,0.150822888118871,-8.60761035405638,0.999677335995711,0.237193724896269,-2.19835755452962,FALSE
"scapulothoracic","internal-external rotation 90 degree-abducted",2,12,"Henninger et al._20.0","in vivo",100,0.22425041347531,0.882360079216255,0.400869943388392,0.996838029389635,1.77517936506107,1.64525024434521,FALSE
"scapulothoracic","internal-external rotation 90 degree-abducted",2,12,"Henninger et al._5.0","in vivo",100,0.210445071827904,0.652097509557073,-0.424447247551601,0.998887618543119,1.66589547460888,1.46315907298744,FALSE
"scapulothoracic","internal-external rotation 90 degree-abducted",2,12,"Henninger et al._19.0","in vivo",100,0.191062015587554,0.453384697426383,-0.19273056434851,0.998404553919145,1.51245806980572,1.1862433930085,FALSE
"scapulothoracic","internal-external rotation 90 degree-abducted",2,12,"Chu et al._","in vivo",8,0.174659278196102,0.395119745892707,-12.1806189532055,0.992543358633863,1.38261304300479,0.929003496433666,FALSE
"scapulothoracic","internal-external rotation 90 degree-abducted",2,12,"Henninger et al._9.0","in vivo",100,0.171894534125849,0.735024396404803,0.244786234266697,0.998887493262061,1.36072716753581,0.883276333872488,FALSE
"scapulothoracic","internal-external rotation 90 degree-abducted",2,12,"Karduna et al._","in vivo",18,0.161070186899652,0.387774399174447,-28.1430300704661,0.99880651214541,1.27504100295571,0.696880010261754,FALSE
"scapulothoracic","internal-external rotation 90 degree-abducted",2,12,"Henninger et al._7.0","in vivo",91,0.158573032292593,0.447686870783059,0.404528685561261,0.99979259970329,1.25527338129955,0.652101508691437,FALSE
"scapulothoracic","internal-external rotation 90 degree-abducted",2,12,"Henninger et al._3.0","in vivo",100,0.154279612099305,0.452610118355693,0.955961593471739,0.99957382973561,1.22128641639479,0.573438307538286,FALSE
"scapulothoracic","internal-external rotation 90 degree-abducted",2,12,"Henninger et al._18.0","in vivo",100,0.144283997586244,0.514739277520285,0.742562053697481,0.999058726017279,1.14216054835422,0.3814760940859,FALSE
"scapulothoracic","internal-external rotation 90 degree-abducted",2,12,"Henninger et al._6.0","in vivo",82,0.135874648783475,0.448353457948045,0.822823188409806,0.999809166405595,1.07559165228429,0.209380559023176,FALSE
"scapulothoracic","internal-external rotation 90 degree-abducted",2,12,"Henninger et al._2.0","in vivo",94,0.130005638794573,0.444985317036405,0.380954575255991,0.998356623796829,1.02913222657276,0.0828399132501187,FALSE
"scapulothoracic","internal-external rotation 90 degree-abducted",2,12,"Henninger et al._1.0","in vivo",81,0.128788497105698,0.368746800441507,-0.981926787831951,0.996981520951163,1.01949726190553,0.0558829669244061,FALSE
"scapulothoracic","internal-external rotation 90 degree-abducted",2,12,"Henninger et al._16.0","in vivo",100,0.123862494550681,0.356600690822743,-26.896407759044,0.998416572982201,0.98050273809447,-0.0558829669244074,FALSE
"scapulothoracic","internal-external rotation 90 degree-abducted",2,12,"Henninger et al._11.0","in vivo",100,0.11923483106855,0.373445162176793,0.875838361806722,0.999532005911872,0.943869883801739,-0.16500560135745,FALSE
"scapulothoracic","internal-external rotation 90 degree-abducted",2,12,"Henninger et al._15.0","in vivo",100,0.110908267605422,0.531717142436882,0.792915395920802,0.999719944148483,0.877956321313504,-0.372467442831065,FALSE
"scapulothoracic","internal-external rotation 90 degree-abducted",2,12,"Henninger et al._8.0","in vivo",100,0.110335500368219,0.395505853224996,0.930812070169069,0.999580354552469,0.873422262425011,-0.387305904429888,FALSE
"scapulothoracic","internal-external rotation 90 degree-abducted",2,12,"Henninger et al._10.0","in vivo",100,0.109733652315975,0.379361922955333,-3.15178228143182,0.999477454855793,0.868657998106889,-0.402980976847965,FALSE
"scapulothoracic","internal-external rotation 90 degree-abducted",2,12,"Henninger et al._12.0","in vivo",100,0.106868811106621,0.434774084928616,-0.859446066467187,0.99955711285715,0.845979747841002,-0.478793905715458,FALSE
"scapulothoracic","internal-external rotation 90 degree-abducted",2,12,"Begon et al._1.0","in vivo",100,0.0958504242739152,0.236848236019171,-12.2960489559059,0.997961938007679,0.758757554407526,-0.790634076799588,FALSE
"scapulothoracic","internal-external rotation 90 degree-abducted",2,12,"Henninger et al._17.0","in vivo",100,0.0898268940653647,0.244765713787796,-0.870822667442184,0.999170544534314,0.711074937616195,-0.976639430299908,FALSE
"scapulothoracic","internal-external rotation 90 degree-abducted",2,12,"Henninger et al._4.0","in vivo",100,0.0891983561367609,0.3212364772981,0.929040806502698,0.999710626204061,0.706099394678618,-0.996762756638956,FALSE
"scapulothoracic","internal-external rotation 90 degree-abducted",2,12,"Henninger et al._13.0","in vivo",100,0.0784462592684739,0.230609574739464,-53.5242693423347,0.996590419237376,0.620985168149791,-1.36487553458342,FALSE
"scapulothoracic","internal-external rotation 90 degree-abducted",2,12,"Henninger et al._14.0","in vivo",98,0.0742521906064979,0.354643898045339,-23.3741741192854,0.994006028380992,0.587784675767158,-1.52234303702532,FALSE
"scapulothoracic","internal-external rotation 90 degree-abducted",2,12,"Begon et al._2.0","in vivo",100,0.0606158662326616,0.158637691020235,-6.90599850917465,0.990890496406507,0.479838735919968,-2.10385081763537,FALSE
"glenohumeral","internal-external rotation 90 degree-abducted",2,12,"Henninger et al._19.0","in vivo",100,0.630863727073076,2.0204174225003,-3.21759655525178,0.976959077750511,4.50328497966253,4.06357961428271,TRUE
"glenohumeral","internal-external rotation 90 degree-abducted",2,12,"Henninger et al._5.0","in vivo",100,0.318047926951539,1.31910391120653,-0.503133254591328,0.987945142224622,2.2703166956495,2.21783867310729,FALSE
"glenohumeral","internal-external rotation 90 degree-abducted",2,12,"Henninger et al._13.0","in vivo",100,0.226274996070055,0.599895130810296,-292.737834336838,0.946547958043657,1.61521537432987,1.30033888583104,FALSE
"glenohumeral","internal-external rotation 90 degree-abducted",2,12,"Henninger et al._15.0","in vivo",100,0.211710186721039,0.632804683184077,-122.398663821696,0.959948335326457,1.51124761654266,1.12103617081275,FALSE
"glenohumeral","internal-external rotation 90 degree-abducted",2,12,"Henninger et al._3.0","in vivo",100,0.194064928808802,0.574946753201267,-26.4564500459974,0.957897943752794,1.38529073947332,0.886506448978111,FALSE
"glenohumeral","internal-external rotation 90 degree-abducted",2,12,"Henninger et al._11.0","in vivo",100,0.184737193176252,0.702495998069558,0.680282603636733,0.999133476686282,1.31870670560722,0.753756933468256,FALSE
"glenohumeral","internal-external rotation 90 degree-abducted",2,12,"Henninger et al._6.0","in vivo",82,0.179419311504921,0.71128167886755,-1.20647795064516,0.996713697856268,1.28074615148687,0.675040974699707,FALSE
"glenohumeral","internal-external rotation 90 degree-abducted",2,12,"Henninger et al._2.0","in vivo",94,0.179346064175094,0.6629441077161,-31.4426038791742,0.980711945381799,1.28022329118272,0.673940544253484,FALSE
"glenohumeral","internal-external rotation 90 degree-abducted",2,12,"Henninger et al._20.0","in vivo",100,0.177357805271512,0.58084983998625,-28.3181758263744,0.990589017391141,1.26603053279143,0.643897016259711,FALSE
"glenohumeral","internal-external rotation 90 degree-abducted",2,12,"Henninger et al._1.0","in vivo",81,0.175247053510499,0.456044182517275,-106.369787119508,0.988319186210775,1.25096338549281,0.61163174114817,FALSE
"glenohumeral","internal-external rotation 90 degree-abducted",2,12,"Henninger et al._9.0","in vivo",100,0.150997357126574,0.629605136078794,-3.04865809277681,0.991849269875666,1.07786214539812,0.210260474604617,FALSE
"glenohumeral","internal-external rotation 90 degree-abducted",2,12,"Henninger et al._10.0","in vivo",100,0.129181991914024,0.468056516017391,-151.727625052887,0.989252873898891,0.922137854601878,-0.210260474604617,FALSE
"glenohumeral","internal-external rotation 90 degree-abducted",2,12,"Henninger et al._16.0","in vivo",100,0.125398969573087,0.349489619438359,-0.129265912695216,0.998622658164312,0.895133563572647,-0.290359322574894,FALSE
"glenohumeral","internal-external rotation 90 degree-abducted",2,12,"Henninger et al._17.0","in vivo",100,0.123174686966597,0.347326685923434,0.628988683405637,0.999019911943663,0.879256000760778,-0.338590489954479,FALSE
"glenohumeral","internal-external rotation 90 degree-abducted",2,12,"Henninger et al._8.0","in vivo",100,0.120364063738579,0.310911991221303,-16.8444647110915,0.99344054481701,0.859192971578633,-0.400796902538954,FALSE
"glenohumeral","internal-external rotation 90 degree-abducted",2,12,"Henninger et al._12.0","in vivo",100,0.118525342967395,0.341046125797433,-0.138773404609185,0.99114937065833,0.846067658970975,-0.442283592315691,FALSE
"glenohumeral","internal-external rotation 90 degree-abducted",2,12,"Henninger et al._7.0","in vivo",91,0.117621762159126,0.379964407419948,0.586405286750517,0.998154937084532,0.839617641784746,-0.462907350534083,FALSE
"glenohumeral","internal-external rotation 90 degree-abducted",2,12,"Begon et al._1.0","in vivo",100,0.114427439182989,0.310333680056608,-512.001210863957,0.987434691152152,0.816815654507129,-0.537107964488791,FALSE
"glenohumeral","internal-external rotation 90 degree-abducted",2,12,"Henninger et al._18.0","in vivo",100,0.106767868761255,0.355619363094547,-0.90486866106073,0.999398204870741,0.762139459077579,-0.723824808680295,FALSE
"glenohumeral","internal-external rotation 90 degree-abducted",2,12,"Henninger et al._4.0","in vivo",100,0.106459345078474,0.261660217531499,-112.44773330245,0.986396462069076,0.759937129149718,-0.731623603503606,FALSE
"glenohumeral","internal-external rotation 90 degree-abducted",2,12,"Begon et al._2.0","in vivo",100,0.101183292761698,0.306168432193054,-42.2801377468609,0.998494522499455,0.722275164876885,-0.868606821351276,FALSE
"glenohumeral","internal-external rotation 90 degree-abducted",2,12,"Henninger et al._14.0","in vivo",98,0.0868022453199212,0.245773965955735,0.761821195360771,0.997617844215881,0.619619151926458,-1.28174636987312,FALSE
"sternoclavicular","frontal plane elevation",3,11,"Begon et al._2.0","in vivo",100,0.681158069363132,3.28744425611583,0.871559571229495,0.98505398957337,2.94307486951482,1.21450851207362,FALSE
"sternoclavicular","frontal plane elevation",3,11,"Begon et al._1.0","in vivo",100,0.315061282099775,1.02855529871069,0.874057182915515,0.999290049801022,1.36128306102565,0.399797451736223,FALSE
"sternoclavicular","frontal plane elevation",3,11,"Ludewig et al._","in vivo",19,0.147827430938928,0.295259686676257,0.949586903977862,0.999485281547903,0.638716938974348,-0.399797451736222,FALSE
"sternoclavicular","frontal plane elevation",3,11,"Sahara et al._","in vivo",5,0.0878926712134496,0.187332206192041,0.838977023211572,0.999916292129361,0.379757245046936,-0.949184067216968,FALSE
"acromioclavicular","frontal plane elevation",3,9,"Begon et al._2.0","in vivo",93,0.299525258934978,1.25534291323742,-1.16805456723272,0.994538587400719,1.16959675570588,0.76140289940941,FALSE
"acromioclavicular","frontal plane elevation",3,9,"Begon et al._1.0","in vivo",94,0.288471103882896,0.742767676139518,-5.24046746289478,0.990861653508511,1.12643210264138,0.587578619543781,FALSE
"acromioclavicular","frontal plane elevation",3,9,"Ludewig et al._","in vivo",19,0.223714412148578,0.623726082846709,0.964869474087717,0.996036644153384,0.873567897358625,-0.587578619543781,FALSE
"acromioclavicular","frontal plane elevation",3,9,"Sahara et al._","in vivo",4,0.107964137652742,0.154291335659089,-15.4602764188552,0.999083235354198,0.421582158313541,-3.95541005671899,FALSE
"scapulothoracic","frontal plane elevation",3,10,"Henninger et al._9.0","in vivo",100,0.389320549407228,1.476233065143,-0.205996276038726,0.998442025293486,2.73991855371743,2.30849332377964,FALSE
"scapulothoracic","frontal plane elevation",3,10,"Henninger et al._17.0","in vivo",93,0.308360795722462,1.07124960854578,0.639657018455656,0.998378587101733,2.17014865186399,1.77454171490581,FALSE
"scapulothoracic","frontal plane elevation",3,10,"Henninger et al._18.0","in vivo",100,0.303316193359291,0.795998760030479,0.179034978424376,0.997769679260289,2.1346462884978,1.73676330563294,FALSE
"scapulothoracic","frontal plane elevation",3,10,"Henninger et al._10.0","in vivo",94,0.255905674608154,1.0060089838993,0.844905394043291,0.999378628770802,1.80098560666276,1.34748218113965,FALSE
"scapulothoracic","frontal plane elevation",3,10,"Henninger et al._11.0","in vivo",99,0.225917514984768,0.773289475604898,-29.777483008373,0.996954133273702,1.58993814187043,1.06201718858841,FALSE
"scapulothoracic","frontal plane elevation",3,10,"Henninger et al._19.0","in vivo",73,0.201817322019139,0.67340931148888,-2.56742633465572,0.998519794226628,1.42032837954157,0.803651327338163,FALSE
"scapulothoracic","frontal plane elevation",3,10,"Henninger et al._1.0","in vivo",73,0.183184777180949,0.587104311386245,-5.70173269164023,0.997804902550917,1.28919824684537,0.581792092749333,FALSE
"scapulothoracic","frontal plane elevation",3,10,"Begon et al._2.0","in vivo",100,0.173462062633279,0.561497496063307,-2228.69098417594,0.736051849622442,1.22077276552356,0.456885373416147,FALSE
"scapulothoracic","frontal plane elevation",3,10,"Henninger et al._7.0","in vivo",92,0.167899569170668,0.70360462371745,0.860614402430299,0.999586825263215,1.1816256435277,0.382236668813395,FALSE
"scapulothoracic","frontal plane elevation",3,10,"Henninger et al._15.0","in vivo",93,0.159148512970265,0.492617258878447,-0.0580817197658245,0.999604852668447,1.12003839547565,0.259639181018102,FALSE
"scapulothoracic","frontal plane elevation",3,10,"Henninger et al._20.0","in vivo",95,0.156844965176341,0.61028746089795,0.078418032914764,0.999512039987335,1.10382673300482,0.226246151142281,FALSE
"scapulothoracic","frontal plane elevation",3,10,"Henninger et al._5.0","in vivo",92,0.155999416244761,0.413446040723628,0.612620550306221,0.999463345825861,1.09787601910276,0.213865586057926,FALSE
"scapulothoracic","frontal plane elevation",3,10,"Henninger et al._13.0","in vivo",85,0.150882472901449,0.501592783017541,0.977975178892758,0.999453396101019,1.06186454211803,0.13748049045686,FALSE
"scapulothoracic","frontal plane elevation",3,10,"Begon et al._1.0","in vivo",100,0.148770574603407,0.433761167407225,-72.1506954127809,0.98422003382424,1.04700164998665,0.105196254206564,FALSE
"scapulothoracic","frontal plane elevation",3,10,"Henninger et al._3.0","in vivo",78,0.145173661025319,0.501474644685402,0.626467385624833,0.999814753335662,1.02168767602939,0.0491410733596,FALSE
"scapulothoracic","frontal plane elevation",3,10,"Henninger et al._4.0","in vivo",54,0.142092015428346,0.397550524640804,0.897075352754802,0.999359931529288,1,0,FALSE
"scapulothoracic","frontal plane elevation",3,10,"Henninger et al._14.0","in vivo",100,0.140420022654258,0.35218600377419,0.790392463701781,0.999600559439752,0.988233027949901,-0.0271101258217983,FALSE
"scapulothoracic","frontal plane elevation",3,10,"Henninger et al._6.0","in vivo",66,0.139094895214475,0.57552152793275,0.108847850786213,0.999727346226185,0.978907187678098,-0.048826380887444,FALSE
"scapulothoracic","frontal plane elevation",3,10,"Henninger et al._16.0","in vivo",78,0.138200387846857,0.536014433392037,-4.87074663169708,0.999592663751812,0.972611919327366,-0.0636028942515873,FALSE
"scapulothoracic","frontal plane elevation",3,10,"Henninger et al._8.0","in vivo",81,0.127616383660208,0.46822708308361,-0.663599516111021,0.999514443102864,0.898124945835277,-0.246087534053178,FALSE
"scapulothoracic","frontal plane elevation",3,10,"Bourne et al._4.0","in vivo",54,0.107144509108745,0.464458458475926,-0.537744243768368,0.999876851918043,0.754050175062624,-0.646553280374709,FALSE
"scapulothoracic","frontal plane elevation",3,10,"Henninger et al._2.0","in vivo",83,0.105845500469994,0.383848647059916,0.578186308275814,0.999596366874497,0.744908150897257,-0.674490759476595,FALSE
"scapulothoracic","frontal plane elevation",3,10,"Ludewig et al._","in vivo",19,0.102373338055379,0.247128536728056,-13393.9231553304,0.526734858672285,0.72047213734542,-0.750883008623734,FALSE
"scapulothoracic","frontal plane elevation",3,10,"Bourne et al._6.0","in vivo",50,0.0773078582698559,0.207331532724098,-1.99702228071888,0.999905283875109,0.544068982601212,-1.3940794143174,FALSE
"scapulothoracic","frontal plane elevation",3,10,"Bourne et al._2.0","in vivo",48,0.0743115332042845,0.273309796440767,-12.095258523148,0.999917982592594,0.52298176628903,-1.48461509039629,FALSE
"scapulothoracic","frontal plane elevation",3,10,"Bourne et al._1.0","in vivo",46,0.0696017230123935,0.24002209693294,-62.011110201143,0.999320288567262,0.489835567484735,-1.63457899884015,FALSE
"scapulothoracic","frontal plane elevation",3,10,"Bourne et al._5.0","in vivo",51,0.0667710089802684,0.177970357672337,-4.28843564587998,0.999946601705259,0.469913870803948,-1.72967447700214,FALSE
"scapulothoracic","frontal plane elevation",3,10,"Bourne et al._7.0","in vivo",49,0.0654994674322334,0.14430307368729,-14.7751203296783,0.999824648355961,0.460965151594063,-1.77371069783715,FALSE
"scapulothoracic","frontal plane elevation",3,10,"Bourne et al._3.0","in vivo",55,0.0521317491946924,0.134296494271805,-0.0312134835144136,0.999946489360229,0.366887252865953,-2.2965205878555,FALSE
"scapulothoracic","frontal plane elevation",3,10,"Henninger et al._12.0","in vivo",64,0.0423397916799103,0.168992536887881,0.431014314821424,0.999883995177673,0.297974460790595,-2.77301749283881,FALSE
"scapulothoracic","frontal plane elevation",3,10,"Chu et al._","in vivo",12,0.0106155045769678,0.0176317521800908,-4.90082420408687,0.999986810870106,0.0747086635724508,-5.9414939069623,FALSE
"glenohumeral","frontal plane elevation",3,9,"Henninger et al._18.0","in vivo",86,1.04342903048088,3.24861199350009,-1.22956623501625,0.993284953190948,2.08506759411969,2.09983950096065,FALSE
"glenohumeral","frontal plane elevation",3,9,"Henninger et al._9.0","in vivo",71,0.877613707865667,3.64837611396757,-9.07239510241102,0.99729517160789,1.75372147886531,1.60528304822204,FALSE
"glenohumeral","frontal plane elevation",3,9,"Henninger et al._11.0","in vivo",85,0.79061868199457,2.81410681827213,-5.31601482483146,0.990537671595273,1.57988070580398,1.30696590644643,FALSE
"glenohumeral","frontal plane elevation",3,9,"Henninger et al._13.0","in vivo",55,0.728187977282233,2.72606943554764,-0.832351470453518,0.992578796028759,1.45512642403577,1.07190158337438,FALSE
"glenohumeral","frontal plane elevation",3,9,"Henninger et al._6.0","in vivo",53,0.71488025199172,2.32432552048841,-0.290476054330361,0.997641298513847,1.4285338087796,1.0191937129429,FALSE
"glenohumeral","frontal plane elevation",3,9,"Henninger et al._5.0","in vivo",67,0.707222169507378,1.98497600335092,-6.19382226641597,0.987094525559208,1.41323078465937,0.98841577227398,FALSE
"glenohumeral","frontal plane elevation",3,9,"Begon et al._2.0","in vivo",93,0.583312135216303,4.48520100827261,-4.06904890175186,0.993117273319118,1.16562333888271,0.437959229740717,FALSE
"glenohumeral","frontal plane elevation",3,9,"Henninger et al._10.0","in vivo",69,0.579984484197992,1.46939489380125,-2.31811170544114,0.992116341003043,1.15897374691226,0.421610098168738,FALSE
"glenohumeral","frontal plane elevation",3,9,"Henninger et al._3.0","in vivo",54,0.533385684451397,1.19634273094243,-1.18218422767676,0.995229927727149,1.06585610839715,0.182259162516445,FALSE
"glenohumeral","frontal plane elevation",3,9,"Henninger et al._12.0","in vivo",51,0.526293656903965,2.15955373911792,-7.45450164444707,0.98251169725744,1.05168422283159,0.1440076487495,FALSE
"glenohumeral","frontal plane elevation",3,9,"Henninger et al._14.0","in vivo",78,0.515863161173173,1.49585811185212,-7.40045178393864,0.995204928420874,1.03084112952715,0.0868028353004432,FALSE
"glenohumeral","frontal plane elevation",3,9,"Henninger et al._15.0","in vivo",61,0.500429354627908,1.31036508602979,0.139723427299384,0.997056169421351,1,0,FALSE
"glenohumeral","frontal plane elevation",3,9,"Henninger et al._4.0","in vivo",42,0.483732384928824,1.02638174832204,0.343732951845289,0.994338427148885,0.966634711683732,-0.0969748354614889,FALSE
"glenohumeral","frontal plane elevation",3,9,"Henninger et al._7.0","in vivo",80,0.460859169708433,1.20137925678107,-1.0814283298372,0.997428247495415,0.920927530422557,-0.235399748881452,FALSE
"glenohumeral","frontal plane elevation",3,9,"Henninger et al._17.0","in vivo",67,0.456304118613073,1.23680866160155,-1.43053735708367,0.992888633689884,0.911825244449052,-0.263785236374845,FALSE
"glenohumeral","frontal plane elevation",3,9,"Henninger et al._8.0","in vivo",64,0.447995895954896,1.13201774194976,0.173129118236159,0.988133774355044,0.89522305558594,-0.316296685736056,FALSE
"glenohumeral","frontal plane elevation",3,9,"Henninger et al._20.0","in vivo",72,0.405268326313122,1.14973258201378,-2.21139140535179,0.997774249084582,0.809841234462469,-0.602737072144651,FALSE
"glenohumeral","frontal plane elevation",3,9,"Henninger et al._16.0","in vivo",59,0.395219166290235,1.11438191427476,-6.57190885029766,0.996066237021563,0.789760158222729,-0.674490759476595,FALSE
"glenohumeral","frontal plane elevation",3,9,"Henninger et al._2.0","in vivo",53,0.383431071458806,0.905232162160459,-10.8588270694091,0.998297011573881,0.76620419628242,-0.761023524089369,FALSE
"glenohumeral","frontal plane elevation",3,9,"Henninger et al._1.0","in vivo",52,0.37549343093056,0.905884584455734,-20.9804004803369,0.995632654484595,0.750342535780614,-0.820803382997145,FALSE
"glenohumeral","frontal plane elevation",3,9,"Begon et al._1.0","in vivo",94,0.360754018133084,0.936169645612658,-10.3571371590699,0.998306042250589,0.720889002207558,-0.935238839129541,FALSE
"glenohumeral","frontal plane elevation",3,9,"Henninger et al._19.0","in vivo",38,0.327615341315983,0.897220242751672,-0.00790932339985928,0.997647231656867,0.654668512720603,-1.21059554957411,FALSE
"glenohumeral","frontal plane elevation",3,9,"Ludewig et al._","in vivo",19,0.26388221041764,0.712680911460936,-1.11921756452208,0.999857979982079,0.527311613472092,-1.82882217471079,FALSE
"sternoclavicular","scapular plane elevation",3,3,"Matsuki et al._9.0","in vivo",8,0.34028642286018,0.65214262501145,-3.73426250393841,0.997965277075521,2.67806287811877,1.04208521615443,FALSE
"sternoclavicular","scapular plane elevation",3,3,"Matsuki et al._21.0","in vivo",8,0.27814387405001,0.425205340435747,-1.67085454153119,0.998664173834707,2.18899942468624,0.828770153788904,FALSE
"sternoclavicular","scapular plane elevation",3,3,"Matsuki et al._3.0","in vivo",8,0.268508501151211,0.506867060901431,0.904517269883516,0.99871327404293,2.11316879277264,0.791474575381416,FALSE
"sternoclavicular","scapular plane elevation",3,3,"Matsuki et al._11.0","in vivo",8,0.24406584812334,0.459024254082668,-21.9212404059796,0.99234413314906,1.92080448635547,0.69050836270047,FALSE
"sternoclavicular","scapular plane elevation",3,3,"Matsuki et al._7.0","in vivo",8,0.23678553380769,0.396214849557783,-0.834206749565702,0.997974586869847,1.8635082259114,0.65847315625272,FALSE
"sternoclavicular","scapular plane elevation",3,3,"Fung et al._","ex vivo",69,0.219638546134903,0.637406414438345,0.0286951697280488,0.999019879354125,1.72856099301249,0.578952710610862,FALSE
"sternoclavicular","scapular plane elevation",3,3,"Matsuki et al._22.0","in vivo",8,0.207340968748073,0.376831603305057,0.791503380010708,0.99852360525364,1.63177874347797,0.518000742912826,FALSE
"sternoclavicular","scapular plane elevation",3,3,"Matsuki et al._19.0","in vivo",8,0.203529141194213,0.308321846056492,0.153537388380678,0.998930972885571,1.60177956283485,0.498371830598011,FALSE
"sternoclavicular","scapular plane elevation",3,3,"Matsuki et al._8.0","in vivo",8,0.193868611492277,0.287956885703252,-1.87873237539242,0.998892215738073,1.52575094623516,0.446930027619694,FALSE
"sternoclavicular","scapular plane elevation",3,3,"Matsuki et al._20.0","in vivo",8,0.153496267241547,0.315953001570662,-7.61364199778316,0.99896421805125,1.20801956121032,0.199916812730856,FALSE
"sternoclavicular","scapular plane elevation",3,3,"Matsuki et al._5.0","in vivo",8,0.153357751603209,0.27003759814308,-0.992839125024374,0.999610867170092,1.20692943958292,0.198961771548178,FALSE
"sternoclavicular","scapular plane elevation",3,3,"Matsuki et al._1.0","in vivo",8,0.152857190250524,0.284508316753154,-1.24681774998419,0.999423676497079,1.20299000889515,0.195503282524587,FALSE
"sternoclavicular","scapular plane elevation",3,3,"Matsuki et al._6.0","in vivo",8,0.12727391489174,0.217768551898665,-1.65653340332502,0.99970266621947,1.00164897547049,0.00174437426538665,FALSE
"sternoclavicular","scapular plane elevation",3,3,"Ludewig et al._","in vivo",19,0.12685486277103,0.23823816850513,0.903970697018568,0.999653369222511,0.998351024529514,-0.00174437426538665,FALSE
"sternoclavicular","scapular plane elevation",3,3,"Matsuki et al._18.0","in vivo",8,0.125033835448952,0.231000710358346,0.0587279266844117,0.999746765974582,0.984019492785443,-0.0170401118419035,FALSE
"sternoclavicular","scapular plane elevation",3,3,"Matsuki et al._2.0","in vivo",8,0.0761602859815218,0.118038893068768,-11.8128410327933,0.999781724548009,0.59938340460274,-0.541464352238645,FALSE
"sternoclavicular","scapular plane elevation",3,3,"Matsuki et al._24.0","in vivo",8,0.0684717974876469,0.132187037323941,0.627133639626754,0.999843144387092,0.538874802904135,-0.654039102680843,FALSE
"sternoclavicular","scapular plane elevation",3,3,"Matsuki et al._17.0","in vivo",8,0.0498693137354805,0.0978997570392011,-2.31410829660678,0.999956094112947,0.392472778519065,-0.989395335586464,FALSE
"sternoclavicular","scapular plane elevation",3,3,"Matsuki et al._15.0","in vivo",8,0.0491343310384231,0.0923827620156175,0.623722040052866,0.999944737508052,0.386688445836895,-1.00510218167321,FALSE
"sternoclavicular","scapular plane elevation",3,3,"Matsuki et al._12.0","in vivo",8,0.0440954564410851,0.0806504312668181,-8.14891335309951,0.999900602360335,0.347032373481134,-1.11956313359264,FALSE
"sternoclavicular","scapular plane elevation",3,3,"Matsuki et al._16.0","in vivo",8,0.0418926939033474,0.0700883991149368,0.186539724062894,0.999966927030249,0.329696575796223,-1.17377310508544,FALSE
"sternoclavicular","scapular plane elevation",3,3,"Matsuki et al._10.0","in vivo",8,0.0408518908802168,0.0751542569840105,0.616661040832308,0.99997040498219,0.321505429301891,-1.20038690869452,FALSE
"sternoclavicular","scapular plane elevation",3,3,"Matsuki et al._23.0","in vivo",8,0.0379832883761506,0.0756720161208841,0.929195198907736,0.999969462712213,0.298929453999536,-1.27740578457905,FALSE
"sternoclavicular","scapular plane elevation",3,3,"Matsuki et al._14.0","in vivo",8,0.0336980578551944,0.0546378776873375,-5.92429991110401,0.99997770384861,0.265204579859994,-1.40403714846487,FALSE
"sternoclavicular","scapular plane elevation",3,3,"Matsuki et al._13.0","in vivo",8,0.0292764983175939,0.0526874470905199,0.483809099878514,0.999988171388759,0.230406792861877,-1.55282950300268,FALSE
"sternoclavicular","scapular plane elevation",3,3,"Matsuki et al._4.0","in vivo",8,0.0144439601989848,0.0267540055165498,-2.26096469790187,0.999994306365015,0.113674337332642,-2.30021148124229,FALSE
"scapulothoracic","scapular plane elevation",3,11,"Henninger et al._6.0","in vivo",78,0.465705806342134,1.60719334056586,0.710346411437329,0.998571262513557,20.2132007794518,1.32862913088733,FALSE
"scapulothoracic","scapular plane elevation",3,11,"Henninger et al._19.0","in vivo",100,0.355898093615123,1.25276461633417,-0.714683463083094,0.997715933904651,15.4471761470408,1.20978637696333,FALSE
"scapulothoracic","scapular plane elevation",3,11,"Henninger et al._18.0","in vivo",100,0.220005902750309,0.841913995183473,0.00904879168295425,0.999287466793816,9.54899729484909,0.997216182944835,FALSE
"scapulothoracic","scapular plane elevation",3,11,"Henninger et al._3.0","in vivo",100,0.200961445667389,0.568321214872725,0.736155760301769,0.999586281347698,8.72240370398048,0.957202088571353,FALSE
"scapulothoracic","scapular plane elevation",3,11,"Henninger et al._10.0","in vivo",100,0.196290458949584,0.668477383259678,0.702428310998628,0.999768483860868,8.51966714566538,0.946808657890332,FALSE
"scapulothoracic","scapular plane elevation",3,11,"Henninger et al._7.0","in vivo",100,0.187053888514589,0.567608632139423,0.730303983628463,0.99934939669494,8.11876887432422,0.925507558862527,FALSE
"scapulothoracic","scapular plane elevation",3,11,"Henninger et al._20.0","in vivo",100,0.180375053508583,0.525124672111538,0.7049583024603,0.999601767878976,7.82888493663062,0.909439202495531,FALSE
"scapulothoracic","scapular plane elevation",3,11,"Henninger et al._16.0","in vivo",100,0.172282517417182,0.554228536047894,-3.11600710185092,0.999667411720578,7.47764160961425,0.889152851083574,FALSE
"scapulothoracic","scapular plane elevation",3,11,"Henninger et al._11.0","in vivo",100,0.165596164216182,0.44820168788295,-16.2848059103394,0.998965778650064,7.18743135693201,0.871659158583878,FALSE
"scapulothoracic","scapular plane elevation",3,11,"Henninger et al._9.0","in vivo",100,0.161238866630094,0.512423632908288,-0.0798198198748341,0.999639345805138,6.99830996363183,0.85987467330069,FALSE
"scapulothoracic","scapular plane elevation",3,11,"Henninger et al._14.0","in vivo",100,0.159701172697282,0.524418912232015,0.953313056825877,0.999500839703818,6.93156886704682,0.855639749638093,FALSE
"scapulothoracic","scapular plane elevation",3,11,"Henninger et al._12.0","in vivo",100,0.159619185736258,0.410784248111556,0.886776274425742,0.999306650802411,6.92801035675576,0.855412807859547,FALSE
"scapulothoracic","scapular plane elevation",3,11,"Henninger et al._15.0","in vivo",100,0.155912854068067,0.425151784801971,-0.378356439242393,0.999613452731094,6.76714307714674,0.845029946516367,FALSE
"scapulothoracic","scapular plane elevation",3,11,"Henninger et al._1.0","in vivo",100,0.150370537363415,0.437815597600628,-3.0368062122193,0.998489981713721,6.52658786222605,0.829033940292421,FALSE
"scapulothoracic","scapular plane elevation",3,11,"Henninger et al._17.0","in vivo",100,0.146131914325683,0.567071820251478,0.733439160612832,0.999720476937294,6.34261734409354,0.816397569651613,FALSE
"scapulothoracic","scapular plane elevation",3,11,"Henninger et al._13.0","in vivo",100,0.116172040011856,0.318942754438572,0.910743766059963,0.999726344535389,5.04225787555035,0.714999252619879,FALSE
"scapulothoracic","scapular plane elevation",3,11,"Henninger et al._2.0","in vivo",100,0.113732236047131,0.320241389323811,0.583653558596134,0.999741974421776,4.93636216471771,0.705618872193838,FALSE
"scapulothoracic","scapular plane elevation",3,11,"Henninger et al._4.0","in vivo",100,0.112892566490245,0.289752857224533,0.888697570259241,0.999759014039999,4.89991767742423,0.702343963319741,FALSE
"scapulothoracic","scapular plane elevation",3,11,"Henninger et al._5.0","in vivo",100,0.11135408927593,0.361711928819307,0.750465856409738,0.999785582216263,4.83314258378347,0.696279837951649,FALSE
"scapulothoracic","scapular plane elevation",3,11,"Henninger et al._8.0","in vivo",100,0.0989656265915267,0.298572359204505,-0.765696887714376,0.999571337517957,4.29544157130214,0.644155959672446,FALSE
"scapulothoracic","scapular plane elevation",3,11,"Karduna et al._","in vivo",25,0.0762875855002403,0.254014739632296,-7.53589984490364,0.999462061328962,3.31113819431983,0.529134826975467,FALSE
"scapulothoracic","scapular plane elevation",3,11,"Kim et al._","in vivo",13,0.0661215751243222,0.159682644970992,-6.44562337586598,0.999720453522067,2.86989909861601,0.465930292876696,FALSE
"scapulothoracic","scapular plane elevation",3,11,"Matsumura et al._","ex vivo",11,0.0653373038265027,0.137084115973388,0.448611819244312,0.999876090868245,2.83585908238151,0.460657049531848,FALSE
"scapulothoracic","scapular plane elevation",3,11,"Fung et al._","ex vivo",69,0.0496245945794552,0.280281651058225,-2.46731946010615,0.999619223128869,2.15387457097005,0.339088881525121,FALSE
"scapulothoracic","scapular plane elevation",3,11,"Ludewig et al._","in vivo",19,0.0457362099049556,0.0995345006578692,-1707.42700214905,0.989496133303985,1.9851055776205,0.303027991127216,FALSE
"scapulothoracic","scapular plane elevation",3,11,"Matsuki et al._13.0","in vivo",8,0.0230396863625655,0.0463270993477902,-4.15003644159397,0.999966949368216,1,0,FALSE
"scapulothoracic","scapular plane elevation",3,11,"Kijima et al._","in vivo",8,0.0168736584686265,0.0247268223414863,0.957164950300185,0.99997818895947,0.732373618420543,-0.137649552768235,FALSE
"scapulothoracic","scapular plane elevation",3,11,"Matsuki et al._16.0","in vivo",8,0.0159283458596429,0.0340056349112099,-0.135345588673746,0.999997141442707,0.691343866795126,-0.163129094128838,FALSE
"scapulothoracic","scapular plane elevation",3,11,"Chu et al._","in vivo",12,0.0150797820737495,0.0334743189089881,-6.46269790060718,0.999979972518433,0.65451334000149,-0.187323427370777,FALSE
"scapulothoracic","scapular plane elevation",3,11,"Matsuki et al._15.0","in vivo",8,0.0149203649058738,0.0270298845929346,-3.10389151021628,0.999994870027758,0.647594097900404,-0.192020335424162,FALSE
"scapulothoracic","scapular plane elevation",3,11,"Matsuki et al._4.0","in vivo",8,0.011245425153917,0.0211224921794599,-2.0268963101479,0.99999797006946,0.488089333203267,-0.316986641557681,FALSE
"scapulothoracic","scapular plane elevation",3,11,"Matsuki et al._6.0","in vivo",8,0.00880877641234702,0.0166394946119297,-1.72758115930848,0.999998182348508,0.38233056968429,-0.424914802783351,FALSE
"scapulothoracic","scapular plane elevation",3,11,"Matsuki et al._9.0","in vivo",8,0.00842781628081015,0.0199157339764469,-11.4033301984413,0.999985826353573,0.365795616667054,-0.444453477547083,FALSE
"scapulothoracic","scapular plane elevation",3,11,"Matsuki et al._3.0","in vivo",8,0.00807425643320133,0.015053370672927,-10.733703578861,0.999991354661427,0.350449928273341,-0.463393791396186,FALSE
"scapulothoracic","scapular plane elevation",3,11,"Matsuki et al._17.0","in vivo",8,0.0079320890236838,0.014149670529807,-2.22417452338528,0.999992542257177,0.344279383792817,-0.471244620950939,FALSE
"scapulothoracic","scapular plane elevation",3,11,"Matsuki et al._1.0","in vivo",8,0.00735370466168928,0.0146957967189163,-1.78149572393945,0.99998232707465,0.319175554127224,-0.504705103773719,FALSE
"scapulothoracic","scapular plane elevation",3,11,"Matsuki et al._14.0","in vivo",8,0.00724030534129356,0.0129999505511194,-0.823239463525811,0.999996155863515,0.314253641623243,-0.511573270302031,FALSE
"scapulothoracic","scapular plane elevation",3,11,"Matsuki et al._23.0","in vivo",8,0.00686489648569624,0.0162737736581402,-1.93995974473769,0.999993703560762,0.297959632681902,-0.535103385227409,FALSE
"scapulothoracic","scapular plane elevation",3,11,"Matsuki et al._12.0","in vivo",8,0.00618366066883617,0.0117715513463637,-12.2422039771762,0.999997957458138,0.26839170340805,-0.581291080306058,FALSE
"scapulothoracic","scapular plane elevation",3,11,"Matsuki et al._19.0","in vivo",8,0.00605447855527466,0.0125458876978577,-2.86092054718788,0.999990400209874,0.262784764514498,-0.590621461578193,FALSE
"scapulothoracic","scapular plane elevation",3,11,"Matsuki et al._20.0","in vivo",8,0.00605404366124648,0.0100838215190606,0.0850893446748309,0.999999238633022,0.262765888648684,-0.590653207545533,FALSE
"scapulothoracic","scapular plane elevation",3,11,"Matsuki et al._8.0","in vivo",8,0.00591866286177576,0.0133679279080425,-2.52463053849543,0.999997934326764,0.256889905905677,-0.600648131898395,FALSE
"scapulothoracic","scapular plane elevation",3,11,"Matsuki et al._11.0","in vivo",8,0.00536023684336773,0.0103433868241214,0.442180850356007,0.999994803124799,0.232652335583741,-0.644445742144374,FALSE
"scapulothoracic","scapular plane elevation",3,11,"Matsuki et al._24.0","in vivo",8,0.00533374118173237,0.00866226737898401,-4.33878957455148,0.999998682188625,0.231502334615047,-0.646635684251302,FALSE
"scapulothoracic","scapular plane elevation",3,11,"Matsuki et al._10.0","in vivo",8,0.00500793794809493,0.0077471248880574,-1.8522784346528,0.999998638147288,0.217361376769076,-0.674490759476595,FALSE
"scapulothoracic","scapular plane elevation",3,11,"Matsuki et al._7.0","in vivo",8,0.00488597618282131,0.00747455966656396,0.277053244058263,0.999999330932337,0.212067825313802,-0.685386928404014,FALSE
"scapulothoracic","scapular plane elevation",3,11,"Matsuki et al._18.0","in vivo",8,0.00457359262313805,0.00631349691650218,0.598265075827648,0.999999394729128,0.198509326523175,-0.714586134022159,FALSE
"scapulothoracic","scapular plane elevation",3,11,"Matsuki et al._5.0","in vivo",8,0.00427447358743786,0.00680890896560316,-0.103438063368577,0.999996491214435,0.185526552756507,-0.744478306488031,FALSE
"scapulothoracic","scapular plane elevation",3,11,"Matsuki et al._21.0","in vivo",8,0.00300110192674991,0.00562551819629942,0.775605402056014,0.999999470347449,0.130257933182027,-0.900785340594914,FALSE
"scapulothoracic","scapular plane elevation",3,11,"Matsuki et al._22.0","in vivo",8,0.00210887073141942,0.00391704933769255,-1.93541086530789,0.999999675649938,0.0915320937200727,-1.05671473311147,FALSE
"scapulothoracic","scapular plane elevation",3,11,"Matsuki et al._2.0","in vivo",8,0.00114873047329727,0.00266711024467092,-0.424575014808253,0.999999919128843,0.0498587721733796,-1.32519299384182,FALSE
"glenohumeral","scapular plane elevation",3,14,"Henninger et al._19.0","in vivo",100,2.18559428548523,6.43051368963645,-15.3123084282205,0.854444914829195,4.07331346190763,3.93700222129791,TRUE
"glenohumeral","scapular plane elevation",3,14,"Henninger et al._5.0","in vivo",100,1.03229075208798,6.62062336002527,-5.13499404252322,0.987435816692415,1.92389037846939,1.83428565868522,FALSE
"glenohumeral","scapular plane elevation",3,14,"Henninger et al._4.0","in vivo",100,0.782612770288359,2.88390018800358,0.743455907818118,0.999205342500999,1.45856308000396,1.0580805539601,FALSE
"glenohumeral","scapular plane elevation",3,14,"Henninger et al._7.0","in vivo",100,0.762811183881155,2.2847890399371,0.68121641228936,0.998117360925458,1.42165866960389,0.986241039496229,FALSE
"glenohumeral","scapular plane elevation",3,14,"Henninger et al._14.0","in vivo",100,0.696080688668776,2.46566322239357,0.0372374082306297,0.997779865064236,1.29729239253523,0.729620349240544,FALSE
"glenohumeral","scapular plane elevation",3,14,"Henninger et al._17.0","in vivo",100,0.68704905225727,2.45547593381578,0.744192871984657,0.998096131762094,1.28046004335571,0.69301058154861,FALSE
"glenohumeral","scapular plane elevation",3,14,"Henninger et al._10.0","in vivo",100,0.674545306625592,2.57839594300196,0.596124263635084,0.999394972013863,1.25715669023843,0.641524259414606,FALSE
"glenohumeral","scapular plane elevation",3,14,"Henninger et al._11.0","in vivo",100,0.625413279803905,2.89146974162242,0.630097705329591,0.998129562212056,1.16558885095889,0.429527433927647,FALSE
"glenohumeral","scapular plane elevation",3,14,"Henninger et al._9.0","in vivo",100,0.619401212454161,2.00411777486934,-5.68887873695126,0.998357358219742,1.15438410219457,0.402449853619783,FALSE
"glenohumeral","scapular plane elevation",3,14,"Henninger et al._13.0","in vivo",100,0.570010694325832,2.06073749625651,-3.75530566959579,0.983058606286676,1.06233451013679,0.169507539732285,FALSE
"glenohumeral","scapular plane elevation",3,14,"Henninger et al._16.0","in vivo",100,0.53656422613291,1.37370607593881,0.427799317025433,0.998106793244377,1,0,FALSE
"glenohumeral","scapular plane elevation",3,14,"Henninger et al._1.0","in vivo",100,0.522306067066712,1.27426754303779,-0.236573838908488,0.998558676942893,0.973426929393042,-0.0754977860377864,FALSE
"glenohumeral","scapular plane elevation",3,14,"Henninger et al._3.0","in vivo",100,0.503591139715627,2.24395142804201,0.422601682184947,0.998491600346458,0.938547736111809,-0.177784624570697,FALSE
"glenohumeral","scapular plane elevation",3,14,"Henninger et al._18.0","in vivo",100,0.483557681424068,1.72324922446294,0.697904413242412,0.998316372183747,0.901211183811363,-0.291578844353774,FALSE
"glenohumeral","scapular plane elevation",3,14,"Henninger et al._20.0","in vivo",100,0.483393066966665,1.39095250607998,0.551902036343135,0.997346568862317,0.900904390235897,-0.292533289337087,FALSE
"glenohumeral","scapular plane elevation",3,14,"Henninger et al._6.0","in vivo",78,0.46297211201913,1.37760924887379,0.868863136221772,0.999171346895515,0.862845656624989,-0.413529561136769,FALSE
"glenohumeral","scapular plane elevation",3,14,"Henninger et al._2.0","in vivo",100,0.421817800726125,1.3831939976764,-0.793044549700525,0.999510994358409,0.786145963860136,-0.674490759476595,FALSE
"glenohumeral","scapular plane elevation",3,14,"Henninger et al._8.0","in vivo",100,0.417112673687088,1.45465814979141,0.554750960532195,0.997219523452879,0.777376972544881,-0.705934717761538,FALSE
"glenohumeral","scapular plane elevation",3,14,"Henninger et al._15.0","in vivo",100,0.406431852131811,1.34878178753907,0.887209479970768,0.999288624293791,0.757471020871107,-0.778650587131996,FALSE
"glenohumeral","scapular plane elevation",3,14,"Henninger et al._12.0","in vivo",100,0.288834108501156,0.970420717152777,0.655162076203659,0.999365370760555,0.53830295504943,-1.73612917615384,FALSE
"glenohumeral","scapular plane elevation",3,14,"Ludewig et al._","in vivo",19,0.248593523114136,0.723843958568338,-1.87003086919936,0.997352285447894,0.463306182198882,-2.15670583748323,FALSE
"sternoclavicular","sagittal plane elevation",3,8,"Begon et al._1.0","in vivo",100,0.332485981128456,0.894272402723198,-0.377326370466594,0.998158448634025,1.98274553099093,0.894636466790665,FALSE
"sternoclavicular","sagittal plane elevation",3,8,"Begon et al._2.0","in vivo",100,0.16768968883379,0.733387155866049,-0.0233613835780226,0.999199158768141,1,0,FALSE
"sternoclavicular","sagittal plane elevation",3,8,"Ludewig et al._","in vivo",19,0.100089541436371,0.22055918747958,0.81501289440999,0.99982051235773,0.596873559325268,-0.674490759476595,FALSE
"acromioclavicular","sagittal plane elevation",3,8,"Begon et al._2.0","in vivo",100,0.267386371509002,0.910671742716907,0.162357921013597,0.996187543258162,1.29106666357326,5.70293298461543,TRUE
"acromioclavicular","sagittal plane elevation",3,8,"Ludewig et al._","in vivo",19,0.207105007861455,0.560176535966184,-3.7863566942455,0.99662631249567,1,0,FALSE
"acromioclavicular","sagittal plane elevation",3,8,"Begon et al._1.0","in vivo",100,0.200941021937922,0.627880470515817,-0.0975152915558513,0.996833919115876,0.970237388331737,-0.674490759476595,FALSE
"scapulothoracic","sagittal plane elevation",3,11,"Henninger et al._16.0","in vivo",100,0.333789223014812,1.20253824831638,-0.939287468563107,0.998773411346037,2.66386200916954,1.5422635585799,FALSE
"scapulothoracic","sagittal plane elevation",3,11,"Begon et al._2.0","in vivo",100,0.281328506514457,0.956392273313144,-26.4281440495206,0.971671603293171,2.24519028454976,1.27311401514026,FALSE
"scapulothoracic","sagittal plane elevation",3,11,"Henninger et al._9.0","in vivo",97,0.252506286666285,0.756917282849248,0.867098172453887,0.999495081304236,2.01516962726188,1.10297479032869,FALSE
"scapulothoracic","sagittal plane elevation",3,11,"Yoshida et al._","in vivo",13,0.219203096589526,0.513655411327103,-0.962471556264975,0.998824407366872,1.74938782032291,0.880338560306318,FALSE
"scapulothoracic","sagittal plane elevation",3,11,"Henninger et al._18.0","in vivo",100,0.218392177899964,0.646923817517203,0.961864843418701,0.99939055489015,1.74291614496402,0.874504558534023,FALSE
"scapulothoracic","sagittal plane elevation",3,11,"Henninger et al._5.0","in vivo",79,0.19421566068595,0.578347628619538,0.985381704283143,0.999196670054141,1.54997131247736,0.689826457633532,FALSE
"scapulothoracic","sagittal plane elevation",3,11,"Henninger et al._10.0","in vivo",100,0.19269030122352,0.807514106934228,0.737889793172936,0.999737690489226,1.53779792028214,0.677414782438535,FALSE
"scapulothoracic","sagittal plane elevation",3,11,"Henninger et al._3.0","in vivo",85,0.192332694274671,0.548673295229765,0.266491835093263,0.999751374018911,1.53494397683649,0.674490759476595,FALSE
"scapulothoracic","sagittal plane elevation",3,11,"Henninger et al._2.0","in vivo",69,0.17929259166099,0.562102812258205,0.983925930549249,0.999416773266316,1.43087520662722,0.563977226047971,FALSE
"scapulothoracic","sagittal plane elevation",3,11,"Henninger et al._8.0","in vivo",95,0.178608697788148,0.408818638780095,0.462823611727976,0.999043053162997,1.42541727455347,0.55796150968316,FALSE
"scapulothoracic","sagittal plane elevation",3,11,"Henninger et al._20.0","in vivo",92,0.133842671291505,0.400974854428206,-0.272069310874716,0.9997938364007,1.06815434015191,0.103783719286138,FALSE
"scapulothoracic","sagittal plane elevation",3,11,"Henninger et al._19.0","in vivo",50,0.129088395885896,0.603561295248092,0.427009508301089,0.999612679881333,1.03021203177017,0.0468524137677516,FALSE
"scapulothoracic","sagittal plane elevation",3,11,"Henninger et al._7.0","in vivo",92,0.125302745362126,0.29378682434,0.828046490610882,0.999860138314144,1,0,FALSE
"scapulothoracic","sagittal plane elevation",3,11,"Henninger et al._6.0","in vivo",63,0.123470053952812,0.375192253884002,-0.194786918165274,0.99981165293502,0.985373892614902,-0.0231929334068478,FALSE
"scapulothoracic","sagittal plane elevation",3,11,"Henninger et al._1.0","in vivo",88,0.119129792000496,0.559848792762162,0.642730683073107,0.999577688814257,0.950735689439289,-0.079522075397133,FALSE
"scapulothoracic","sagittal plane elevation",3,11,"Henninger et al._15.0","in vivo",86,0.10736594700522,0.398974020429673,0.865664114726317,0.999844560043687,0.856852311535007,-0.243181720915618,FALSE
"scapulothoracic","sagittal plane elevation",3,11,"Henninger et al._13.0","in vivo",85,0.102054659795137,0.276014385699373,0.874417255480576,0.999870022472634,0.814464675136992,-0.323042747411926,FALSE
"scapulothoracic","sagittal plane elevation",3,11,"Begon et al._1.0","in vivo",100,0.0995653735833575,0.230690853980904,-0.493513485087072,0.998075274604882,0.794598500580437,-0.361913647123363,FALSE
"scapulothoracic","sagittal plane elevation",3,11,"Henninger et al._11.0","in vivo",90,0.0989740327129768,0.331552615639207,-0.84531108735216,0.999889015375227,0.789879203579628,-0.371290429458396,FALSE
"scapulothoracic","sagittal plane elevation",3,11,"Henninger et al._17.0","in vivo",80,0.0868311843133691,0.242966618496402,0.432964526345371,0.99978770484413,0.692971124155552,-0.577326602258617,FALSE
"scapulothoracic","sagittal plane elevation",3,11,"Ludewig et al._","in vivo",19,0.0812521302478544,0.228960831703613,-108.556245916774,0.993970806690137,0.648446528549995,-0.68186044275988,FALSE
"scapulothoracic","sagittal plane elevation",3,11,"Karduna et al._","in vivo",25,0.0778887406383314,0.291203674963917,-6.58585330260663,0.999570557934249,0.621604422259324,-0.748406372360023,FALSE
"scapulothoracic","sagittal plane elevation",3,11,"Henninger et al._4.0","in vivo",63,0.0718043788054283,0.189324436526176,0.752875285821676,0.999932669233912,0.57304713155257,-0.87643700742314,FALSE
"scapulothoracic","sagittal plane elevation",3,11,"Henninger et al._12.0","in vivo",63,0.0716986798777383,0.193100747365151,-0.148331926575769,0.999818170844116,0.572203583173925,-0.878755847913875,FALSE
"scapulothoracic","sagittal plane elevation",3,11,"Henninger et al._14.0","in vivo",87,0.0569267630189738,0.17101517177031,0.526308305719567,0.99993391519945,0.454313773049865,-1.24191056110404,FALSE
"glenohumeral","sagittal plane elevation",3,9,"Henninger et al._9.0","in vivo",69,1.35127573889629,9.4963400434244,-8.91559100161704,0.982216529454726,3.55284414529024,3.0620962972274,TRUE
"glenohumeral","sagittal plane elevation",3,9,"Henninger et al._20.0","in vivo",84,1.11938063322851,3.30957218193874,-1.62893467254593,0.971508244251953,2.94313352533478,2.60735813410593,FALSE
"glenohumeral","sagittal plane elevation",3,9,"Henninger et al._17.0","in vivo",80,0.9327008874347,3.93264130814469,-3.43243297477147,0.877505708997938,2.45230547092929,2.16669483048043,FALSE
"glenohumeral","sagittal plane elevation",3,9,"Henninger et al._18.0","in vivo",100,0.86287919684977,1.94120588913323,-1.73403570573395,0.989984939286242,2.26872666649405,1.97876030876189,FALSE
"glenohumeral","sagittal plane elevation",3,9,"Henninger et al._10.0","in vivo",82,0.576581503565226,2.88205890895374,0.0866285872003369,0.998069261243581,1.51597794606863,1.00501085848707,FALSE
"glenohumeral","sagittal plane elevation",3,9,"Henninger et al._5.0","in vivo",67,0.533829949684906,1.51067102967949,0.259342575501454,0.998553666526554,1.40357334681946,0.818937310091896,FALSE
"glenohumeral","sagittal plane elevation",3,9,"Henninger et al._14.0","in vivo",75,0.533250749779727,1.41981880217691,-2.00829768143253,0.993146953982347,1.40205048443628,0.816315306967325,FALSE
"glenohumeral","sagittal plane elevation",3,9,"Henninger et al._7.0","in vivo",67,0.510177179204292,1.14832357080526,-0.762647033089211,0.968958892996396,1.34138425786965,0.709477467272489,FALSE
"glenohumeral","sagittal plane elevation",3,9,"Henninger et al._6.0","in vivo",59,0.500668064491157,1.2026914304621,0.148973502115467,0.994737165159868,1.3163824010591,0.664034134906755,FALSE
"glenohumeral","sagittal plane elevation",3,9,"Henninger et al._8.0","in vivo",75,0.434041665023026,1.13293961070394,0.31511209514826,0.998382484777093,1.14120482148865,0.319121833771309,FALSE
"glenohumeral","sagittal plane elevation",3,9,"Henninger et al._16.0","in vivo",81,0.386786062306747,1.31715768638998,-1.90776574489298,0.997195961934974,1.01695794380858,0.0407125393034725,FALSE
"glenohumeral","sagittal plane elevation",3,9,"Henninger et al._4.0","in vivo",54,0.383750992336616,1.06303243996986,0.672868031105438,0.998673846829553,1.00897798067927,0.0216851427200371,FALSE
"glenohumeral","sagittal plane elevation",3,9,"Henninger et al._13.0","in vivo",67,0.376921687711891,0.797480259647614,-2.85755869064616,0.994539018326685,0.991022019320728,-0.0216851427200371,FALSE
"glenohumeral","sagittal plane elevation",3,9,"Begon et al._1.0","in vivo",100,0.373378436178644,1.56330363570324,-1.39838222219441,0.999197512209327,0.981705918910704,-0.044497603702916,FALSE
"glenohumeral","sagittal plane elevation",3,9,"Henninger et al._19.0","in vivo",42,0.371487380619732,0.771308046091669,-0.261449202825212,0.997037830655767,0.976733857711421,-0.0567615184361782,FALSE
"glenohumeral","sagittal plane elevation",3,9,"Henninger et al._11.0","in vivo",81,0.351281371570558,0.987962019895917,-4.25658369638489,0.98999470612115,0.923607172399455,-0.19184315094681,FALSE
"glenohumeral","sagittal plane elevation",3,9,"Ludewig et al._","in vivo",19,0.350718763418299,0.943355849128636,-4.04473836780528,0.998901746794978,0.922127933912218,-0.195714576061956,FALSE
"glenohumeral","sagittal plane elevation",3,9,"Henninger et al._3.0","in vivo",73,0.347676184949876,1.09446323360488,-3.04834314145953,0.99889408858167,0.914128229050386,-0.21675940455082,FALSE
"glenohumeral","sagittal plane elevation",3,9,"Begon et al._2.0","in vivo",100,0.314558609836804,1.02511927858963,-6.51889687040371,0.99685451752291,0.827053785648632,-0.45853413737885,FALSE
"glenohumeral","sagittal plane elevation",3,9,"Henninger et al._1.0","in vivo",74,0.311515970880919,1.09401446318732,-63.3103616148824,0.986041974063554,0.819053921750034,-0.482010440809431,FALSE
"glenohumeral","sagittal plane elevation",3,9,"Henninger et al._12.0","in vivo",56,0.286411432604521,0.764141227455724,0.355991279914071,0.99960269763502,0.753047769735221,-0.684947384046436,FALSE
"glenohumeral","sagittal plane elevation",3,9,"Henninger et al._2.0","in vivo",59,0.240009677009555,0.792574781581763,-4.11679233502975,0.999453794632088,0.63104587112094,-1.11185277594386,FALSE
"glenohumeral","sagittal plane elevation",3,9,"Henninger et al._15.0","in vivo",61,0.232474186786217,0.586390262631618,-1.524160728542,0.996889960003695,0.61123317001839,-1.1889011185459,FALSE
"glenohumeral","sagittal plane elevation",3,9,"Yoshida et al._","in vivo",13,0.170645137081272,0.352695644509857,-20.5019788014544,0.99974867433243,0.448669030864604,-1.93569650201249,FALSE
"sternoclavicular","horizontal flexion",3,18,"Oki et al._","ex vivo",17,0.212598795327561,0.48636318113255,-65.1650467221699,0.981305150077466,6.58242256799086,1.60068877774806,FALSE
"sternoclavicular","horizontal flexion",3,18,"Moissenet et al._1.0","ex vivo",100,0.071621706867616,0.192372061057606,-1.96797960258298,0.99827204096156,2.21753062578292,0.694963225869033,FALSE
"sternoclavicular","horizontal flexion",3,18,"Moissenet et al._2.0","ex vivo",100,0.0681841978272787,0.222712844629943,-0.532921040905214,0.998118696171233,2.11109946256807,0.654018293084157,FALSE
"sternoclavicular","horizontal flexion",3,18,"Moissenet et al._7.0","ex vivo",100,0.0492763963552708,0.211309831484572,-0.233694877223772,0.997830099379446,1.52568156813139,0.383661649995077,FALSE
"sternoclavicular","horizontal flexion",3,18,"Moissenet et al._8.0","ex vivo",100,0.0410833173030375,0.268701262723844,-19.9176502570636,0.999517008885392,1.27200981814964,0.232284259844962,FALSE
"sternoclavicular","horizontal flexion",3,18,"Moissenet et al._9.0","ex vivo",100,0.0235125949561938,0.0733111386634366,-0.791616159279258,0.999958855537953,0.727990181850358,-0.232284259844962,FALSE
"sternoclavicular","horizontal flexion",3,18,"Moissenet et al._3.0","ex vivo",100,0.0199190393724076,0.0543151206628667,-16.6167773321872,0.998815850419313,0.616727550575338,-0.370356538509113,FALSE
"sternoclavicular","horizontal flexion",3,18,"Moissenet et al._5.0","ex vivo",100,0.011723669443214,0.0289772926670064,-0.558428917429342,0.999991666088745,0.362984871122043,-0.811616377313101,FALSE
"sternoclavicular","horizontal flexion",3,18,"Moissenet et al._6.0","ex vivo",100,0.00628249631072095,0.0220597986709787,-2208.56226866526,0.999717727347309,0.194516838325884,-1.3309413372101,FALSE
"sternoclavicular","horizontal flexion",3,18,"Moissenet et al._10.0","ex vivo",100,0.00608244156005856,0.0206892930478455,-1.28082028123817,0.999966611354603,0.188322800849966,-1.35788081144744,FALSE
"acromioclavicular","horizontal flexion",3,14,"Moissenet et al._2.0","ex vivo",100,0.128553958772967,0.465934625699972,-2.6281800797585,0.998811897490583,3.82399254610816,1.32417855103539,FALSE
"acromioclavicular","horizontal flexion",3,14,"Moissenet et al._1.0","ex vivo",100,0.100450931687709,0.304033710456377,-0.862948743531293,0.998083216080803,2.98803411182229,1.08064710599465,FALSE
"acromioclavicular","horizontal flexion",3,14,"Moissenet et al._8.0","ex vivo",100,0.0835861090399398,0.457648283638834,-3.20696959208211,0.996310944363216,2.48636962235758,0.899200487434473,FALSE
"acromioclavicular","horizontal flexion",3,14,"Moissenet et al._3.0","ex vivo",100,0.0630772093655222,0.201339925203907,-2.9147478848369,0.99969199439544,1.87630766679885,0.621275159460001,FALSE
"acromioclavicular","horizontal flexion",3,14,"Moissenet et al._7.0","ex vivo",100,0.033617732572152,0.0899840695897041,-0.873967388861448,0.999825116009062,1,0,FALSE
"acromioclavicular","horizontal flexion",3,14,"Moissenet et al._9.0","ex vivo",100,0.0320982749607226,0.100212784079623,-7.94407718990017,0.999842827062503,0.954801900807313,-0.0456611718023085,FALSE
"acromioclavicular","horizontal flexion",3,14,"Moissenet et al._6.0","ex vivo",100,0.0241992090592515,0.0690086527811147,-5.44758388593392,0.9996352186348,0.719834658905505,-0.324538706492569,FALSE
"acromioclavicular","horizontal flexion",3,14,"Moissenet et al._5.0","ex vivo",100,0.0169767434117281,0.0400206035045834,-12.0103756918935,0.999800756656665,0.504993707570604,-0.674490759476595,FALSE
"acromioclavicular","horizontal flexion",3,14,"Moissenet et al._10.0","ex vivo",100,0.0151985218221611,0.0695549223930367,-8.28420024800409,0.999813151025812,0.452098361766111,-0.783724982720974,FALSE
"scapulothoracic","horizontal flexion",3,8,"Bourne et al._1.0","in vivo",61,0.241694507896275,0.769239794210435,-1.56089561635384,0.986196523831896,1.74094630848018,1.66960637991139,FALSE
"scapulothoracic","horizontal flexion",3,8,"Bourne et al._7.0","in vivo",65,0.213889017701426,0.942967469320404,-1.92778579774614,0.921741245476747,1.5406609733621,1.30156134963799,FALSE
"scapulothoracic","horizontal flexion",3,8,"Bourne et al._3.0","in vivo",57,0.139735858432717,0.708155564099498,-4.41971879280353,0.996778698606904,1.00652939538515,0.019598700108242,FALSE
"scapulothoracic","horizontal flexion",3,8,"Bourne et al._4.0","in vivo",58,0.138829386477329,0.70940541528878,-3.92919909087028,0.990243609294072,1,0,FALSE
"scapulothoracic","horizontal flexion",3,8,"Bourne et al._2.0","in vivo",61,0.116132244687819,0.418352868872994,-6.89687546767278,0.998855995173509,0.836510537391037,-0.537583385240133,FALSE
"scapulothoracic","horizontal flexion",3,8,"Bourne et al._6.0","in vivo",58,0.11097073686654,0.489918211542735,0.851771943660402,0.998653608242304,0.799331753041068,-0.674490759476595,FALSE
"scapulothoracic","horizontal flexion",3,8,"Bourne et al._5.0","in vivo",61,0.108751320476491,0.472643170862952,-1.27344314274392,0.998814553876897,0.783345106075579,-0.735329217244973,FALSE
"glenohumeral","horizontal flexion",3,11,"Moissenet et al._2.0","ex vivo",100,0.398644060039962,1.24935326764549,-2.54495449585249,0.996016519048223,5.97838092830654,2.74001386659525,FALSE
"glenohumeral","horizontal flexion",3,11,"Moissenet et al._9.0","ex vivo",100,0.103492150067383,0.269241845474155,0.131668430700551,0.999962144713539,1.55204995687195,0.673571094427327,FALSE
"glenohumeral","horizontal flexion",3,11,"Moissenet et al._1.0","ex vivo",100,0.101941385938398,0.290606441486731,-1.60712167532527,0.99991713924154,1.52879347415376,0.650436519909129,FALSE
"glenohumeral","horizontal flexion",3,11,"Moissenet et al._3.0","ex vivo",100,0.0877873059758749,0.230843520586738,-16.5913821284575,0.999818861497826,1.31652772084694,0.421383975898943,FALSE
"glenohumeral","horizontal flexion",3,11,"Moissenet et al._8.0","ex vivo",100,0.0666809400104393,0.285809629968952,-1.42949241783341,0.999662381853545,1,0,FALSE
"glenohumeral","horizontal flexion",3,11,"Moissenet et al._7.0","ex vivo",100,0.0429373624353742,0.137345178187045,0.185666309498641,0.999980171760954,0.643922572606987,-0.674490759476595,FALSE
"glenohumeral","horizontal flexion",3,11,"Moissenet et al._10.0","ex vivo",100,0.0363826391862882,0.0687274845797994,0.768763039238172,0.999987514541864,0.545622769873854,-0.928320211644658,FALSE
"glenohumeral","horizontal flexion",3,11,"Moissenet et al._5.0","ex vivo",100,0.0360194188775188,0.0878304785592299,0.583370602356848,0.999985390470047,0.540175631475498,-0.943694737003999,FALSE
"glenohumeral","horizontal flexion",3,11,"Moissenet et al._6.0","ex vivo",100,0.0333798738144916,0.0993043350262717,0.751913308768712,0.999985754434227,0.500590930620741,-1.06031189317241,FALSE
"sternoclavicular","internal-external rotation 0 degree-abducted",3,17,"Begon et al._2.0","in vivo",100,0.151815182205611,0.402755418472356,-144.071934097768,0.389137172067351,7.83649717600913,2.09183923574948,FALSE
"sternoclavicular","internal-external rotation 0 degree-abducted",3,17,"Begon et al._1.0","in vivo",100,0.0629164982439862,0.261784278521148,-3.57234092254455,0.997019499017566,3.24766570543404,1.1974404865255,FALSE
"sternoclavicular","internal-external rotation 0 degree-abducted",3,17,"Moissenet et al._10.0","ex vivo",100,0.0614902147329676,0.24004791580457,0.103939039526558,0.998361828729731,3.17404285333254,1.17415755789286,FALSE
"sternoclavicular","internal-external rotation 0 degree-abducted",3,17,"Moissenet et al._1.0","ex vivo",100,0.0260006644208455,0.0815726612152519,-2.24627521002589,0.996114854220184,1.34211961114905,0.300167333835073,FALSE
"sternoclavicular","internal-external rotation 0 degree-abducted",3,17,"Moissenet et al._6.0","ex vivo",100,0.0208398952693493,0.0517629689308663,-979.685958400169,0.998068167374966,1.07572759228652,0.0755126332039161,FALSE
"sternoclavicular","internal-external rotation 0 degree-abducted",3,17,"Moissenet et al._5.0","ex vivo",100,0.0203869273522765,0.0587785605699639,-418.356878691937,0.991180296027235,1.05234599269027,0.0531994471369038,FALSE
"sternoclavicular","internal-external rotation 0 degree-abducted",3,17,"Moissenet et al._4.0","ex vivo",100,0.0183587465874479,0.0526515553147942,-246.994250284189,0.999280969854907,0.947654007309726,-0.0531994471369043,FALSE
"sternoclavicular","internal-external rotation 0 degree-abducted",3,17,"Moissenet et al._9.0","ex vivo",100,0.0109445994907425,0.0343445157694633,-29.3108027099681,0.999094295616339,0.564945625040292,-0.578412381048123,FALSE
"sternoclavicular","internal-external rotation 0 degree-abducted",3,17,"Moissenet et al._3.0","ex vivo",100,0.0101563685633955,0.0297422099509597,-135.007715832412,0.99772769643523,0.524258196112188,-0.654306784543036,FALSE
"sternoclavicular","internal-external rotation 0 degree-abducted",3,17,"Moissenet et al._2.0","ex vivo",100,0.00976050625121532,0.0230545280654506,-9.65000715321172,0.998567836665604,0.503824311658611,-0.694674734410155,FALSE
"sternoclavicular","internal-external rotation 0 degree-abducted",3,17,"Moissenet et al._7.0","ex vivo",100,0.00651805809660014,0.0151635357897889,-331.0038198509,0.99892711952906,0.336453463513893,-1.10465050573596,FALSE
"sternoclavicular","internal-external rotation 0 degree-abducted",3,17,"Moissenet et al._8.0","ex vivo",100,0.00588760146087284,0.0173543652376882,-4091.45508251694,0.998680485494463,0.303910133039989,-1.207942388558,FALSE
"acromioclavicular","internal-external rotation 0 degree-abducted",3,17,"Begon et al._2.0","in vivo",100,0.105912841802898,0.296938329381784,-15.6865298565893,0.966870050450237,4.1784253526703,2.55917622372349,FALSE
"acromioclavicular","internal-external rotation 0 degree-abducted",3,17,"Begon et al._1.0","in vivo",100,0.074328057419386,0.254095253983521,-55.0139580016272,0.983539698372686,2.93235677798043,1.92617303585697,FALSE
"acromioclavicular","internal-external rotation 0 degree-abducted",3,17,"Moissenet et al._3.0","ex vivo",100,0.0428688400181655,0.149829248004834,-3447.10660555616,0.92675638139476,1.69124201487122,0.942435384637216,FALSE
"acromioclavicular","internal-external rotation 0 degree-abducted",3,17,"Moissenet et al._6.0","ex vivo",100,0.031764418431088,0.123298609845092,-35.0017665994786,0.999462717187971,1.25315541558488,0.406546134315974,FALSE
"acromioclavicular","internal-external rotation 0 degree-abducted",3,17,"Moissenet et al._4.0","ex vivo",100,0.0312702826214577,0.110313237803306,-4.91767247189956,0.997661101361487,1.23366099395031,0.378520777741847,FALSE
"acromioclavicular","internal-external rotation 0 degree-abducted",3,17,"Moissenet et al._5.0","ex vivo",100,0.0268560046571064,0.0833374167267462,-730.312632835455,0.97400831892021,1.05951090368736,0.106501481654373,FALSE
"acromioclavicular","internal-external rotation 0 degree-abducted",3,17,"Moissenet et al._1.0","ex vivo",100,0.023839093550266,0.0646981563973394,0.00474361302125792,0.997777171919458,0.940489096312636,-0.106501481654372,FALSE
"acromioclavicular","internal-external rotation 0 degree-abducted",3,17,"Moissenet et al._10.0","ex vivo",100,0.0218616622767771,0.0859270071769878,-144.007279429195,0.995754146700383,0.862476375421948,-0.261285061544128,FALSE
"acromioclavicular","internal-external rotation 0 degree-abducted",3,17,"Moissenet et al._2.0","ex vivo",100,0.0212443321853978,0.0568361376547042,-153.579924902048,0.999384127269021,0.83812174891135,-0.312486845380369,FALSE
"acromioclavicular","internal-external rotation 0 degree-abducted",3,17,"Moissenet et al._8.0","ex vivo",100,0.0126457802755934,0.0385208324793407,-53.546877649373,0.999362327956441,0.498895582522191,-1.23978115227034,FALSE
"acromioclavicular","internal-external rotation 0 degree-abducted",3,17,"Moissenet et al._7.0","ex vivo",100,0.0117616530612455,0.0260987318464458,-157.082814598043,0.998371938867252,0.464015397036358,-1.36933739043724,FALSE
"acromioclavicular","internal-external rotation 0 degree-abducted",3,17,"Moissenet et al._9.0","ex vivo",100,0.0103148626467183,0.0394156567497479,-18.9755055867443,0.999947796952897,0.406937278413959,-1.60396203019663,FALSE
"scapulothoracic","internal-external rotation 0 degree-abducted",3,17,"Henninger et al._2.0","in vivo",81,0.667612984998195,1.9222334708449,-0.990704610665782,0.731067688361186,4.63433291493196,4.70238426110276,TRUE
"scapulothoracic","internal-external rotation 0 degree-abducted",3,17,"Henninger et al._19.0","in vivo",57,0.573139975412668,2.15054606284004,-48.4587803954189,0.820712671081558,3.97853473884335,4.23450871214059,TRUE
"scapulothoracic","internal-external rotation 0 degree-abducted",3,17,"Henninger et al._12.0","in vivo",100,0.217119178201263,0.573809072676708,-103.662300290834,0.906301353428516,1.50716444498726,1.25795173615914,FALSE
"scapulothoracic","internal-external rotation 0 degree-abducted",3,17,"Henninger et al._11.0","in vivo",100,0.204741642014872,0.698323784087137,-376.659313942522,0.897924451818333,1.4212439721335,1.077958493501,FALSE
"scapulothoracic","internal-external rotation 0 degree-abducted",3,17,"Henninger et al._6.0","in vivo",97,0.178191480657519,0.450664205897889,-77.9133140706338,0.974422379992235,1.23694215440378,0.652058028713034,FALSE
"scapulothoracic","internal-external rotation 0 degree-abducted",3,17,"Henninger et al._17.0","in vivo",66,0.172118978847869,0.532167547554273,-25.6467176156849,0.973240533618861,1.194788997343,0.545735676705184,FALSE
"scapulothoracic","internal-external rotation 0 degree-abducted",3,17,"Henninger et al._13.0","in vivo",66,0.17069633853178,0.489145187161218,-230.626736732675,0.759758893594063,1.18491353207927,0.52028473198783,FALSE
"scapulothoracic","internal-external rotation 0 degree-abducted",3,17,"Henninger et al._16.0","in vivo",100,0.166281951928612,0.74320414927416,-53.4750330341396,0.988896013382238,1.15427042358078,0.43993955568921,FALSE
"scapulothoracic","internal-external rotation 0 degree-abducted",3,17,"Henninger et al._20.0","in vivo",90,0.163985631590737,0.485409014297463,-162.835649916002,0.941751599126713,1.13833018100885,0.397297312468272,FALSE
"scapulothoracic","internal-external rotation 0 degree-abducted",3,17,"Henninger et al._3.0","in vivo",72,0.160999151059441,0.482767711347409,-69.7829247738893,0.985756029813831,1.11759909078594,0.340936738282837,FALSE
"scapulothoracic","internal-external rotation 0 degree-abducted",3,17,"Henninger et al._4.0","in vivo",49,0.144058054795141,0.298259888621498,-7.08975104157606,0.898813613993453,1,0,FALSE
"scapulothoracic","internal-external rotation 0 degree-abducted",3,17,"Henninger et al._5.0","in vivo",74,0.143191577221104,0.838048638343045,-36.3256705567055,0.973373648581352,0.993985219533407,-0.0184997425289994,FALSE
"scapulothoracic","internal-external rotation 0 degree-abducted",3,17,"Henninger et al._8.0","in vivo",34,0.139298957003665,0.317536798985223,-172.836271385556,0.948537304146063,0.966964028507504,-0.103014421288884,FALSE
"scapulothoracic","internal-external rotation 0 degree-abducted",3,17,"Henninger et al._9.0","in vivo",48,0.134828118088627,0.420839027958333,-64.1149942561856,0.98614563782314,0.935929048051915,-0.203047151552161,FALSE
"scapulothoracic","internal-external rotation 0 degree-abducted",3,17,"Henninger et al._15.0","in vivo",95,0.115614169251152,0.375561543171376,-132.942674382579,0.976004204139219,0.802552619605768,-0.674490759476595,FALSE
"scapulothoracic","internal-external rotation 0 degree-abducted",3,17,"Henninger et al._7.0","in vivo",79,0.100709488621864,0.287326929727476,-21.4245497382342,0.973223040185104,0.699089604986532,-1.09771820465141,FALSE
"scapulothoracic","internal-external rotation 0 degree-abducted",3,17,"Begon et al._1.0","in vivo",100,0.0734338773249933,0.217535519085446,-72.2215759455592,0.830360976460301,0.509751970685849,-2.06627211468103,FALSE
"scapulothoracic","internal-external rotation 0 degree-abducted",3,17,"Henninger et al._14.0","in vivo",53,0.069918020173305,0.184551540465699,-2929.24751954676,0.79155307195764,0.485346135436386,-2.21671837586362,FALSE
"scapulothoracic","internal-external rotation 0 degree-abducted",3,17,"Begon et al._2.0","in vivo",52,0.0662481666161691,0.219509237971376,-765.736034399153,0.904340379246355,0.459871311676238,-2.38204818561185,FALSE
"scapulothoracic","internal-external rotation 0 degree-abducted",3,17,"Henninger et al._10.0","in vivo",91,0.0559535590567248,0.121644013166012,-10.0029971092212,0.988566249131158,0.388409791707197,-2.89992864381542,FALSE
"scapulothoracic","internal-external rotation 0 degree-abducted",3,17,"Henninger et al._18.0","in vivo",74,0.0434884779684439,0.256716091556566,-5.98153431771069,0.996788310064626,0.30188161314747,-3.67275495343929,FALSE
"glenohumeral","internal-external rotation 0 degree-abducted",3,17,"Henninger et al._19.0","in vivo",57,5.85855672134057,22.6387312765627,0.57227076943382,0.978710185736249,7.08329168199708,2.06895935432991,FALSE
"glenohumeral","internal-external rotation 0 degree-abducted",3,17,"Henninger et al._2.0","in vivo",81,4.61561959605728,16.4106208336389,0.466757476166266,0.980208099260938,5.58051777034501,1.81695525723757,FALSE
"glenohumeral","internal-external rotation 0 degree-abducted",3,17,"Henninger et al._5.0","in vivo",74,4.21324496319444,12.8467555954639,-6.20679155226912,0.982645488131747,5.09402646786739,1.72056038777814,FALSE
"glenohumeral","internal-external rotation 0 degree-abducted",3,17,"Henninger et al._3.0","in vivo",72,3.43695361383261,10.0832971014986,-2.65692877979793,0.995221675720938,4.15545092455804,1.50534338692118,FALSE
"glenohumeral","internal-external rotation 0 degree-abducted",3,17,"Henninger et al._13.0","in vivo",66,3.27593772476996,10.3835084491938,0.744677391993996,0.968404754300014,3.96077456279946,1.45463618477472,FALSE
"glenohumeral","internal-external rotation 0 degree-abducted",3,17,"Henninger et al._4.0","in vivo",49,2.38114081784805,8.42341248436289,-64.3028927763012,0.958920402839222,2.87891980072311,1.11748771473296,FALSE
"glenohumeral","internal-external rotation 0 degree-abducted",3,17,"Henninger et al._8.0","in vivo",34,1.56579996035129,2.84423381196376,-248.521888885804,0.901620610912683,1.89313142508754,0.674490759476595,FALSE
"glenohumeral","internal-external rotation 0 degree-abducted",3,17,"Henninger et al._17.0","in vivo",66,1.56515928706239,3.98496915564533,0.643056047974306,0.999071673628708,1.89235681864537,0.674058259158159,FALSE
"glenohumeral","internal-external rotation 0 degree-abducted",3,17,"Henninger et al._20.0","in vivo",90,1.01507863195295,2.85914516844899,-1.00891202038884,0.998933631276082,1.22728145723919,0.216436456567133,FALSE
"glenohumeral","internal-external rotation 0 degree-abducted",3,17,"Henninger et al._16.0","in vivo",100,0.920997352565618,3.21310625110521,0.902587559297022,0.99950938351316,1.11353242733077,0.113646606840539,FALSE
"glenohumeral","internal-external rotation 0 degree-abducted",3,17,"Henninger et al._12.0","in vivo",100,0.827095224135792,2.65700839250306,0.848840077225639,0.999774907529091,1,0,FALSE
"glenohumeral","internal-external rotation 0 degree-abducted",3,17,"Henninger et al._11.0","in vivo",100,0.800105956298154,1.83721345292303,0.718243168694589,0.999645268356217,0.967368608776772,-0.0350604031544981,FALSE
"glenohumeral","internal-external rotation 0 degree-abducted",3,17,"Henninger et al._9.0","in vivo",48,0.771872874780391,1.65588267910154,-1.48306530409457,0.990547337983255,0.933233383842711,-0.0730255876459009,FALSE
"glenohumeral","internal-external rotation 0 degree-abducted",3,17,"Henninger et al._14.0","in vivo",53,0.755626474239291,1.97260798691892,0.532307421780743,0.999510845662178,0.913590663068842,-0.0955067997014536,FALSE
"glenohumeral","internal-external rotation 0 degree-abducted",3,17,"Henninger et al._15.0","in vivo",95,0.716672789556423,2.99924274983415,0.633452628003293,0.9991480899804,0.866493686147509,-0.151441464521302,FALSE
"glenohumeral","internal-external rotation 0 degree-abducted",3,17,"Begon et al._1.0","in vivo",100,0.536324676135828,1.4009742335672,0.990053121390713,0.999484393910446,0.648443686391997,-0.457789407940508,FALSE
"glenohumeral","internal-external rotation 0 degree-abducted",3,17,"Begon et al._2.0","in vivo",52,0.468644665079222,0.993117318318411,-1343.52647973286,0.980534074897281,0.566615126533822,-0.600347767957771,FALSE
"glenohumeral","internal-external rotation 0 degree-abducted",3,17,"Henninger et al._7.0","in vivo",79,0.376180609140183,0.955399352561231,0.480829594901884,0.999863357042946,0.454821401650872,-0.832608845552008,FALSE
"glenohumeral","internal-external rotation 0 degree-abducted",3,17,"Henninger et al._6.0","in vivo",97,0.348602036178578,0.965296442412111,0.139090800121108,0.99991797416095,0.421477510697541,-0.913072723322012,FALSE
"glenohumeral","internal-external rotation 0 degree-abducted",3,17,"Henninger et al._10.0","in vivo",91,0.254108059633868,1.35949681602396,0.930145459504687,0.999931321643916,0.307229509031899,-1.24720602528628,FALSE
"glenohumeral","internal-external rotation 0 degree-abducted",3,17,"Henninger et al._18.0","in vivo",74,0.169693920392012,0.849266821430452,0.524351473391341,0.999964599234671,0.205168540985496,-1.67390738587079,FALSE
"scapulothoracic","internal-external rotation 90 degree-abducted",3,18,"Chu et al._","in vivo",8,0.437194296303806,0.774045562282102,-2.38117142736125,0.955219429831911,3.22715613958665,2.99195409382594,FALSE
"scapulothoracic","internal-external rotation 90 degree-abducted",3,18,"Begon et al._1.0","in vivo",100,0.276687898920582,0.796099683825358,-4.59717957376557,0.978421644925555,2.04237580247479,1.82421108003787,FALSE
"scapulothoracic","internal-external rotation 90 degree-abducted",3,18,"Henninger et al._20.0","in vivo",100,0.260164790391551,0.920630856186466,-5.44455463723122,0.996674877097643,1.92041023342385,1.66704030453137,FALSE
"scapulothoracic","internal-external rotation 90 degree-abducted",3,18,"Henninger et al._3.0","in vivo",100,0.237295241141742,0.813745212875332,-0.0363195509545793,0.99941931464111,1.75159831868694,1.43218323556667,FALSE
"scapulothoracic","internal-external rotation 90 degree-abducted",3,18,"Henninger et al._7.0","in vivo",91,0.217737684221247,0.778349920978247,0.408062754298032,0.999247524271914,1.60723392412624,1.21263123004373,FALSE
"scapulothoracic","internal-external rotation 90 degree-abducted",3,18,"Henninger et al._2.0","in vivo",94,0.194143973935323,0.912774029849522,0.548158135307907,0.99368387089526,1.43307660403179,0.919880847454302,FALSE
"scapulothoracic","internal-external rotation 90 degree-abducted",3,18,"Henninger et al._6.0","in vivo",82,0.189050166077937,0.724933465576061,0.819016768486083,0.999521286201971,1.39547658628267,0.852015626313678,FALSE
"scapulothoracic","internal-external rotation 90 degree-abducted",3,18,"Henninger et al._5.0","in vivo",100,0.18345500236349,0.582193043668445,-0.280372800042259,0.998362831329304,1.35417580288791,0.775330498550003,FALSE
"scapulothoracic","internal-external rotation 90 degree-abducted",3,18,"Henninger et al._18.0","in vivo",100,0.167473217820663,0.727103115697126,0.623602962814221,0.999155166810044,1.23620602481675,0.542679200588457,FALSE
"scapulothoracic","internal-external rotation 90 degree-abducted",3,18,"Henninger et al._10.0","in vivo",100,0.166427350624726,0.588097087827281,-0.329260743171492,0.999234928635681,1.22848594070062,0.526688820412199,FALSE
"scapulothoracic","internal-external rotation 90 degree-abducted",3,18,"Henninger et al._16.0","in vivo",100,0.150581523542943,0.501793836465069,-26.2816223406657,0.997028273798328,1.11151973463129,0.271299006218053,FALSE
"scapulothoracic","internal-external rotation 90 degree-abducted",3,18,"Henninger et al._15.0","in vivo",100,0.140001261602581,0.3637212389135,0.675870128329689,0.999591262819891,1.03342137523378,0.0853402843887662,FALSE
"scapulothoracic","internal-external rotation 90 degree-abducted",3,18,"Henninger et al._19.0","in vivo",100,0.130945836953242,0.337436776300971,0.75613759145651,0.998666359036857,0.966578624766219,-0.0853402843887667,FALSE
"scapulothoracic","internal-external rotation 90 degree-abducted",3,18,"Henninger et al._4.0","in vivo",100,0.123638054533377,0.534233245638424,0.756151186746887,0.999200525200738,0.912636121164471,-0.231919366443682,FALSE
"scapulothoracic","internal-external rotation 90 degree-abducted",3,18,"Henninger et al._11.0","in vivo",100,0.121520476435754,0.289431461486575,-7.49843275892646,0.999285428645497,0.897005187237446,-0.276015571256638,FALSE
"scapulothoracic","internal-external rotation 90 degree-abducted",3,18,"Karduna et al._","in vivo",18,0.113169568125731,0.216187926620377,-2.57323822089606,0.99524469562635,0.835362834508557,-0.457742976483485,FALSE
"scapulothoracic","internal-external rotation 90 degree-abducted",3,18,"Henninger et al._14.0","in vivo",98,0.108032958462398,0.605324987714341,-39.0603482879442,0.992900687119738,0.79744687459822,-0.576309625803133,FALSE
"scapulothoracic","internal-external rotation 90 degree-abducted",3,18,"Henninger et al._9.0","in vivo",100,0.10759874623691,0.333715551381642,0.666819334393699,0.999114621188889,0.794241730658297,-0.586589504829351,FALSE
"scapulothoracic","internal-external rotation 90 degree-abducted",3,18,"Henninger et al._1.0","in vivo",81,0.104631328267857,0.410109544453857,-4.17071870509916,0.998572688116018,0.772337691199157,-0.65797304550365,FALSE
"scapulothoracic","internal-external rotation 90 degree-abducted",3,18,"Henninger et al._17.0","in vivo",100,0.104198565585189,0.411171767515995,0.0750644125867069,0.999227985280268,0.769143247080916,-0.668552316555186,FALSE
"scapulothoracic","internal-external rotation 90 degree-abducted",3,18,"Henninger et al._8.0","in vivo",100,0.103714854172463,0.411623539855946,0.098223142018008,0.999448552957634,0.765572724161096,-0.680429202398005,FALSE
"scapulothoracic","internal-external rotation 90 degree-abducted",3,18,"Henninger et al._12.0","in vivo",100,0.102032593907997,0.406789980976175,0.411938046401081,0.999657395703544,0.753155095233287,-0.722170543065425,FALSE
"scapulothoracic","internal-external rotation 90 degree-abducted",3,18,"Henninger et al._13.0","in vivo",100,0.0627448269888148,0.206112317944452,-23.1245657579365,0.998413715379468,0.46315186487142,-1.96324372781922,FALSE
"scapulothoracic","internal-external rotation 90 degree-abducted",3,18,"Begon et al._2.0","in vivo",100,0.062652299383377,0.197884240472234,-320.112251130681,0.993201871259412,0.462468870988621,-1.96701060797893,FALSE
"glenohumeral","internal-external rotation 90 degree-abducted",3,17,"Henninger et al._6.0","in vivo",82,0.566346259650929,1.90680255292702,0.980535588346888,0.999467592797376,2.92135201871191,2.38983748502707,FALSE
"glenohumeral","internal-external rotation 90 degree-abducted",3,17,"Begon et al._1.0","in vivo",100,0.457691377023426,1.39122919976941,0.978544287866689,0.999785512865829,2.3608836562963,1.91500402472465,FALSE
"glenohumeral","internal-external rotation 90 degree-abducted",3,17,"Henninger et al._2.0","in vivo",94,0.420209554970762,2.30016853153946,0.883403248583376,0.999806659227295,2.16754328430189,1.72454152717587,FALSE
"glenohumeral","internal-external rotation 90 degree-abducted",3,17,"Henninger et al._20.0","in vivo",100,0.317652555541212,1.11651998171111,0.998453982097552,0.999812504757549,1.63852928939846,1.10083445234301,FALSE
"glenohumeral","internal-external rotation 90 degree-abducted",3,17,"Henninger et al._18.0","in vivo",100,0.303947088010799,0.996101287186519,0.941780701680837,0.999883476706075,1.56783314802721,1.00251856855219,FALSE
"glenohumeral","internal-external rotation 90 degree-abducted",3,17,"Henninger et al._5.0","in vivo",100,0.279854012463153,0.950129586762017,0.753360878623061,0.999849496147191,1.44355519317416,0.818422603392806,FALSE
"glenohumeral","internal-external rotation 90 degree-abducted",3,17,"Henninger et al._3.0","in vivo",100,0.26870194851362,0.944048533199492,0.903944915513721,0.999935289840774,1.3860301297053,0.727773324741985,FALSE
"glenohumeral","internal-external rotation 90 degree-abducted",3,17,"Henninger et al._7.0","in vivo",91,0.263239774027532,0.849555065970797,0.801460728127849,0.999851792214267,1.3578549026431,0.681992145377856,FALSE
"glenohumeral","internal-external rotation 90 degree-abducted",3,17,"Henninger et al._11.0","in vivo",100,0.233737216838443,1.13630531789551,0.561828303702428,0.999899214946309,1.20567352326111,0.41701737702128,FALSE
"glenohumeral","internal-external rotation 90 degree-abducted",3,17,"Henninger et al._19.0","in vivo",100,0.218790033739768,0.713375493217995,0.98615899235461,0.99992802034592,1.12857231039836,0.269703781353771,FALSE
"glenohumeral","internal-external rotation 90 degree-abducted",3,17,"Henninger et al._16.0","in vivo",100,0.195506469492012,0.586771902443929,0.636348423345591,0.9999741207206,1.00847001209782,0.0188814185091806,FALSE
"glenohumeral","internal-external rotation 90 degree-abducted",3,17,"Henninger et al._10.0","in vivo",100,0.192222401266018,0.744248048720358,0.830371994601186,0.999956282723549,0.991529987902182,-0.0188814185091811,FALSE
"glenohumeral","internal-external rotation 90 degree-abducted",3,17,"Henninger et al._15.0","in vivo",100,0.188010495800364,0.68101154565268,0.901912878818051,0.999958582219452,0.969803953122159,-0.06826890095565,FALSE
"glenohumeral","internal-external rotation 90 degree-abducted",3,17,"Henninger et al._9.0","in vivo",100,0.187900781886649,0.573785683587204,0.997597102461241,0.999975977468942,0.969238022019321,-0.0695701084691036,FALSE
"glenohumeral","internal-external rotation 90 degree-abducted",3,17,"Henninger et al._4.0","in vivo",100,0.18243799952917,0.655295538882612,0.966229310513485,0.999970454439925,0.941059659408359,-0.135338376369098,FALSE
"glenohumeral","internal-external rotation 90 degree-abducted",3,17,"Henninger et al._12.0","in vivo",100,0.177338554109612,0.670935968012337,0.927373977626483,0.999979134191579,0.914755477263823,-0.198534344871348,FALSE
"glenohumeral","internal-external rotation 90 degree-abducted",3,17,"Henninger et al._1.0","in vivo",81,0.166263887792306,0.431216413376809,0.979433789479631,0.999986666433652,0.857629649642813,-0.342280110713776,FALSE
"glenohumeral","internal-external rotation 90 degree-abducted",3,17,"Henninger et al._8.0","in vivo",100,0.148015250616549,0.452416827923301,0.981371468897003,0.999980096611951,0.763498732127795,-0.601443634851232,FALSE
"glenohumeral","internal-external rotation 90 degree-abducted",3,17,"Henninger et al._14.0","in vivo",98,0.143726395211604,0.579395182409961,0.972226241300593,0.99997349056373,0.741375770809183,-0.666989373575335,FALSE
"glenohumeral","internal-external rotation 90 degree-abducted",3,17,"Henninger et al._17.0","in vivo",100,0.121950385679239,0.422961758748912,0.953024514498786,0.999990048482772,0.629049807102676,-1.03323318025581,FALSE
"glenohumeral","internal-external rotation 90 degree-abducted",3,17,"Begon et al._2.0","in vivo",100,0.093074619936029,0.280750551806165,0.900080451458659,0.999983387692271,0.480101570739694,-1.63557919437658,FALSE
"glenohumeral","internal-external rotation 90 degree-abducted",3,17,"Henninger et al._13.0","in vivo",100,0.0898952887271278,0.278233465868695,0.982489163115495,0.999995144397007,0.46370180560131,-1.71305569820757,FALSE
