"joint","motion","dof","K_bic","K_5pct","K_1pct","selected_K","K","n_fixed","n_random","converged","loglik","BIC","npm","n_rows","n_subjects","rmse_max","rmse_median","rmse_ratio","r2_ss","r2_marg","n_var_at_zero","seconds"
"sternoclavicular","frontal plane elevation",1,8,6,9,6,1,2,2,TRUE,-2759.56588626512,5533.29783925052,5,1411,17,2.93637049561647,1.33839631512033,2.19394693667584,0.978747524175457,0.625951762073786,0,6.27509546279907
"sternoclavicular","frontal plane elevation",1,8,6,9,6,2,3,3,TRUE,-1176.88936798711,2373.61122938262,7,1411,17,0.959684839032518,0.393202182287202,2.44069052071422,0.998037793499392,0.596517825760581,0,12.9714133739471
"sternoclavicular","frontal plane elevation",1,8,6,9,6,3,4,4,TRUE,-842.228777823216,1709.95647574294,9,1411,17,0.78463303625685,0.267452006766889,2.93373396499034,0.998869479442579,0.601594169474445,0,15.2398300170898
"sternoclavicular","frontal plane elevation",1,8,6,9,6,4,5,5,TRUE,-496.390933413221,1023.94721361106,11,1411,17,0.487999386111459,0.231873678691005,2.10459155548124,0.999366114795777,0.607489250129387,0,21.0141139030457
"sternoclavicular","frontal plane elevation",1,8,6,9,6,5,6,6,TRUE,-186.501945152926,409.835663778582,13,1411,17,0.370907122052492,0.135488906883212,2.73754605144319,0.99964578823353,0.616516169782179,0,33.3996059894562
"sternoclavicular","frontal plane elevation",1,8,6,9,6,6,7,7,TRUE,-71.2132004110232,184.92460098289,15,1411,17,0.3745678723639,0.111335511547444,3.36431626493479,0.999717016666018,0.614284793052247,0,35.8472089767456
"sternoclavicular","frontal plane elevation",1,8,6,9,6,7,8,8,TRUE,35.7257665355258,-23.2869062220959,17,1411,17,0.364682590167571,0.114662380223194,3.18049031825177,0.999776086425153,0.622807487093997,0,48.4410564899445
"sternoclavicular","frontal plane elevation",1,8,6,9,6,8,9,9,TRUE,112.312965553971,-170.794877570873,19,1411,17,0.35120826528567,0.0615656377491566,5.70461507629687,0.999811526058652,0.621926866447787,0,43.3110446929932
"sternoclavicular","frontal plane elevation",1,8,6,9,6,9,10,10,TRUE,72.964066845152,-86.4306534651234,21,1411,17,0.345909022969021,0.0693658023761446,4.98673714020184,0.999807706292902,0.628219368856255,0,64.3678271770477
"sternoclavicular","frontal plane elevation",1,8,6,9,6,10,11,11,TRUE,102.085941627738,-139.007976342184,23,1411,17,0.343867771067158,0.0530990716968004,6.47596577640128,0.999829502640474,0.621873077785675,0,72.544962644577
"acromioclavicular","frontal plane elevation",1,9,4,10,4,1,2,2,TRUE,-2191.85862716053,4396.91254096913,5,1210,14,2.91573448368928,1.12018302646605,2.60290900219031,0.956102993280389,0.0916395511615371,0,1.87024211883545
"acromioclavicular","frontal plane elevation",1,9,4,10,4,2,3,3,TRUE,-1153.21420418978,2324.90180968686,7,1210,14,0.974339961793533,0.522096218857337,1.86620765790256,0.993039784977056,0.123696709884175,0,3.14152216911316
"acromioclavicular","frontal plane elevation",1,9,4,10,4,3,4,4,TRUE,-793.163745310192,1610.07900658692,9,1210,14,0.8206004602311,0.275538097037809,2.9781742309068,0.996524630352802,0.1309032802694,0,4.22333550453186
"acromioclavicular","frontal plane elevation",1,9,4,10,4,4,5,5,TRUE,-686.346634217397,1401.72289906056,11,1210,14,0.778389314847411,0.214152506817403,3.63474295218549,0.997251274275774,0.116785502884691,0,11.0837535858154
"acromioclavicular","frontal plane elevation",1,9,4,10,4,5,6,6,TRUE,-178.747965634617,391.803676554232,13,1210,14,0.301903323835751,0.195134986620444,1.5471511750119,0.998921580469889,0.103633685303485,0,15.4553265571594
"acromioclavicular","frontal plane elevation",1,9,4,10,4,6,7,7,TRUE,-106.745961433362,253.077782810953,15,1210,14,0.324509581869934,0.14053476243135,2.30910542171696,0.999116820752766,0.107090730961402,0,16.9398190975189
"acromioclavicular","frontal plane elevation",1,9,4,10,4,7,8,8,TRUE,57.0419190121762,-69.2198634208929,17,1210,14,0.242693024270357,0.138832905738122,1.74809439433721,0.999385114774089,0.117566067232754,0,24.8209414482117
"acromioclavicular","frontal plane elevation",1,9,4,10,4,8,9,9,TRUE,168.748449597487,-287.354809932285,19,1210,14,0.277716683628162,0.0873029269400859,3.18106956275077,0.999537515322126,0.115146424475644,0,50.1688363552094
"acromioclavicular","frontal plane elevation",1,9,4,10,4,9,10,10,TRUE,284.45365953702,-513.487115152119,21,1210,14,0.224222942768705,0.101206338155456,2.2155029700244,0.99965900379742,0.0999601645543705,0,53.1526103019714
"acromioclavicular","frontal plane elevation",1,9,4,10,4,10,11,11,TRUE,236.722408416192,-412.746498251233,23,1210,14,0.233180174396182,0.0965937682738344,2.41402917147965,0.999644692388907,0.131773887984271,0,51.5853128433228
"scapulothoracic","frontal plane elevation",1,10,6,,6,1,2,2,TRUE,-5785.77727609313,11590.4755003559,5,3378,44,2.95101781742867,0.883330240261608,3.34078658572211,0.987627388628678,0.0195172297166915,0,9.00829124450684
"scapulothoracic","frontal plane elevation",1,10,6,,6,2,3,3,TRUE,-4036.61041610272,8099.71015964287,7,3378,44,1.63501752237127,0.590821651376199,2.76736222946947,0.99609563248882,0.0220013943930013,0,14.6608629226685
"scapulothoracic","frontal plane elevation",1,10,6,,6,3,4,4,TRUE,-2955.19492825609,5944.44756321744,9,3378,44,0.995414284204163,0.375373254233707,2.65179863769521,0.998170967968549,0.0189737404628249,0,22.7619707584381
"scapulothoracic","frontal plane elevation",1,10,6,,6,4,5,5,TRUE,-2197.8737316338,4437.37354924071,11,3378,44,0.742759212486807,0.273155093923354,2.71918492098566,0.998968042167758,0.00950048253956559,0,33.5666797161102
"scapulothoracic","frontal plane elevation",1,10,6,,6,5,6,6,TRUE,-1747.46192450449,3544.11831424991,13,3378,44,0.562805336437902,0.23251820496687,2.42047858798021,0.999303747552984,0.00351004362530327,0,64.4677007198334
"scapulothoracic","frontal plane elevation",1,10,6,,6,6,7,7,TRUE,-1583.62305209136,3224.0089486915,15,3378,44,0.551770529723679,0.195918627396905,2.81632500724837,0.999448568010456,0.00596150656006744,0,60.7691006660461
"scapulothoracic","frontal plane elevation",1,10,6,,6,7,8,8,TRUE,-1426.83888086972,2918.00898551605,17,3378,44,0.490261907085341,0.201206518066167,2.43661046270935,0.999515093817925,0.024224652663857,0,98.0326225757599
"scapulothoracic","frontal plane elevation",1,10,6,,6,8,9,9,TRUE,-1136.16236550814,2344.22433406074,19,3378,44,0.374995321657548,0.163456101947875,2.29416532750262,0.999632825379519,0.0243675165992834,0,81.6668815612793
"scapulothoracic","frontal plane elevation",1,10,6,,6,9,10,10,TRUE,-1042.35855614041,2164.1850945931,21,3378,44,0.370524888815426,0.15978865695398,2.31884350165193,0.999688081876576,0.0231832833330807,0,111.277644872665
"scapulothoracic","frontal plane elevation",1,10,6,,6,10,11,11,TRUE,-894.498731806425,1876.03382519297,23,3378,44,0.28669772609956,0.137305891734432,2.08802202496941,0.999746304943194,0.0206717490853626,0,161.039494037628
"glenohumeral","frontal plane elevation",1,10,7,8,7,1,2,2,TRUE,-7327.6857661095,14672.8540700263,5,2463,33,9.14332707444618,3.19718451235786,2.85980588205188,0.945072342830161,0.0192994763754443,0,5.11886835098267
"glenohumeral","frontal plane elevation",1,10,7,8,7,2,3,3,TRUE,-5383.71212268661,10791.8997983035,7,2463,33,4.964060999983,1.44501269746028,3.43530614554994,0.990180290957777,0.0384074396751048,0,6.84948444366455
"glenohumeral","frontal plane elevation",1,10,7,8,7,3,4,4,TRUE,-4353.32921563837,8738.12699932994,9,2463,33,2.50495048489009,0.920795183638907,2.72042092465203,0.996324721653424,0.0374993336967825,0,13.1483330726624
"glenohumeral","frontal plane elevation",1,10,7,8,7,4,5,5,TRUE,-3648.09661718145,7334.65481753904,11,2463,33,1.67377418523508,0.672397385388623,2.48926337550776,0.99821897054781,0.0355186309163802,0,40.3986246585846
"glenohumeral","frontal plane elevation",1,10,7,8,7,5,6,6,TRUE,-3206.54029090896,6458.53518011698,13,2463,33,1.21148461557763,0.581117984184965,2.08474810373796,0.998938268958256,0.0343836361206871,0,44.5987186431885
"glenohumeral","frontal plane elevation",1,10,7,8,7,6,7,7,TRUE,-2951.46989246631,5955.38739835461,15,2463,33,0.897083753002359,0.448033330325761,2.00227012653299,0.99925541647509,0.036331689927345,0,59.6037254333496
"glenohumeral","frontal plane elevation",1,10,7,8,7,7,8,8,TRUE,-2782.1026293194,5623.64588718372,17,2463,33,0.671597290662828,0.396257882598091,1.69484903684302,0.999439543957022,0.0370339177284899,0,89.5468745231628
"glenohumeral","frontal plane elevation",1,10,7,8,7,8,9,9,TRUE,-2754.34389333207,5575.121430332,19,2463,33,0.674181581646472,0.346102199331829,1.94792631467821,0.999511059856226,0.0366942024021447,0,83.2173192501068
"glenohumeral","frontal plane elevation",1,10,7,8,7,9,10,10,TRUE,-2593.88525913047,5261.19717705174,21,2463,33,0.627131217156238,0.328024599514906,1.91184203283431,0.99963077610846,0.0318035760610699,0,109.1570520401
"glenohumeral","frontal plane elevation",1,10,7,8,7,10,11,11,TRUE,-2475.91619368964,5032.252061293,23,2463,33,0.616684887855284,0.283439401647849,2.17572039832862,0.999712626063904,0.0269352170264985,0,197.919547557831
"sternoclavicular","scapular plane elevation",1,9,4,4,4,1,2,2,TRUE,-703.871720732156,1424.03392415442,5,280,26,3.48962531394339,0.40113824376008,8.69930845095519,0.991170159566515,-0.228425300763013,0,0.2487952709198
"sternoclavicular","scapular plane elevation",1,9,4,4,4,2,3,3,TRUE,-522.749100069632,1068.30487590541,7,280,26,1.40156263374076,0.142184687119107,9.85733880447114,0.998862231025519,-0.226448507705821,0,0.556077003479004
"sternoclavicular","scapular plane elevation",1,9,4,4,4,3,4,4,TRUE,-416.102552158454,861.527973159102,9,280,26,0.894190320239309,0.0493032108596634,18.1365534748747,0.999791084951218,-0.22605706188698,0,1.03906869888306
"sternoclavicular","scapular plane elevation",1,9,4,4,4,4,5,5,TRUE,-442.17374468241,920.186551283056,11,280,26,0.482141277736358,0.027043482621202,17.8283723472199,0.99988598936225,-0.224003944456753,0,1.61284875869751
"sternoclavicular","scapular plane elevation",1,9,4,4,4,5,6,6,TRUE,-458.114413854423,958.584082703125,13,280,26,0.288248289176001,0.0130614261716629,22.0686688718084,0.999957286757065,-0.222876443801422,0,2.98998594284058
"sternoclavicular","scapular plane elevation",1,9,4,4,4,6,7,7,TRUE,-461.728333811476,972.328115693275,15,280,26,0.0993374489252191,0.00289801030314105,34.27781081991,0.999993124204135,-0.219542474334228,0,4.21028161048889
"sternoclavicular","scapular plane elevation",1,9,4,4,4,7,8,8,TRUE,-577.240283237897,1209.86820762216,17,280,26,1.85510173767648,0.411029672997846,4.5133036847347,0.99902734952098,-0.234371474125969,1,4.46298050880432
"sternoclavicular","scapular plane elevation",1,9,4,4,4,8,9,9,TRUE,-401.595531020741,865.09489626389,19,280,26,0.146924729662123,0.00912580338696019,16.0999227609991,0.999986196665945,-0.248710287695808,0,6.97493648529053
"sternoclavicular","scapular plane elevation",1,9,4,4,4,9,10,10,TRUE,-347.432138604913,763.284304508277,21,280,26,0.0969796660165177,0.00577130794316849,16.8037586923971,0.999995482799357,-0.150359490752875,2,161.665805578232
"sternoclavicular","scapular plane elevation",1,9,4,4,4,10,11,11,FALSE,,,,280,,,,,,,,372.60414648056
"scapulothoracic","scapular plane elevation",1,10,6,,6,1,2,2,TRUE,-4585.75116845261,9191.16146506884,5,2327,51,2.84485498564101,0.721834676617277,3.94114480475336,0.983191085054786,-0.725000707272071,0,10.0924563407898
"scapulothoracic","scapular plane elevation",1,10,6,,6,2,3,3,TRUE,-3227.80031735826,6483.12341414559,7,2327,51,1.56059353872185,0.328865045945751,4.74539194104346,0.99564345818076,-0.713676131022585,0,12.2382121086121
"scapulothoracic","scapular plane elevation",1,10,6,,6,3,4,4,TRUE,-2714.29864219899,5463.9837150925,9,2327,51,1.43281956598604,0.158903772033818,9.01690090579543,0.997604580023649,-0.710875127315518,0,12.9420595169067
"scapulothoracic","scapular plane elevation",1,10,6,,6,4,5,5,TRUE,-2231.29192716,4505.83393627997,11,2327,51,0.823059554929267,0.107478705239327,7.65788490935507,0.998663239025726,-0.715373579009071,0,15.3533880710602
"scapulothoracic","scapular plane elevation",1,10,6,,6,5,6,6,TRUE,-2068.69018083094,4188.49409488729,13,2327,51,0.654894821556657,0.155043948292956,4.22393023892317,0.998977130444625,-0.718478738790349,0,21.1264069080353
"scapulothoracic","scapular plane elevation",1,10,6,,6,6,7,7,TRUE,-1934.63682057871,3928.25102564829,15,2327,51,0.642146639739285,0.14156396858123,4.53608814569802,0.999195372095855,-0.738064676460132,0,27.795646905899
"scapulothoracic","scapular plane elevation",1,10,6,,6,7,8,8,TRUE,-1750.0234772825,3566.88799032132,17,2327,51,0.631015418100858,0.0853521554339015,7.39308122791966,0.999389937969108,-0.748639316931685,0,20.3899161815643
"scapulothoracic","scapular plane elevation",1,10,6,,6,8,9,9,TRUE,-1683.05497992091,3440.81464686359,19,2327,51,0.605277820528775,0.0820832839596542,7.37394742669266,0.999494895280229,-0.739974153908929,0,19.4297502040863
"scapulothoracic","scapular plane elevation",1,10,6,,6,9,10,10,TRUE,-1612.01374303624,3306.59582435969,21,2327,51,0.518570055967039,0.055365637442524,9.36627987902017,0.999566088876753,-0.751015336293992,0,23.0609979629517
"scapulothoracic","scapular plane elevation",1,10,6,,6,10,11,11,TRUE,-1532.54155384146,3155.51509723559,23,2327,51,0.416444932696784,0.0361427967235245,11.522211075208,0.99963594336399,-0.766108017406348,0,33.0953807830811
"glenohumeral","scapular plane elevation",1,10,10,,10,1,2,2,TRUE,-7806.9596796148,15629.1419714182,5,1997,21,21.7926180180168,9.87726728748354,2.20634082117352,0.678827029349949,0.201557035909892,0,5.89123296737671
"glenohumeral","scapular plane elevation",1,10,10,,10,2,3,3,TRUE,-6362.01616032074,12745.3439777055,7,1997,21,13.1338280951324,2.86767247945934,4.57996099248007,0.930551578960439,0.473257747230147,0,12.7827017307281
"glenohumeral","scapular plane elevation",1,10,10,,10,3,4,4,TRUE,-5857.69400594073,11742.788713821,9,1997,21,9.85852854182704,2.06613493368973,4.77148340172612,0.96111173553992,0.484271828669239,0,17.9164361953735
"glenohumeral","scapular plane elevation",1,10,10,,10,4,5,5,TRUE,-5259.16091432423,10551.8115754634,11,1997,21,7.25319916490113,1.56045601784719,4.64812790744827,0.980544609352888,0.501469553864474,0,33.4720313549042
"glenohumeral","scapular plane elevation",1,10,10,,10,5,6,6,TRUE,-4856.58319611542,9752.74518392124,13,1997,21,5.7947141577222,1.31444647386211,4.40848240909816,0.98814294172771,0.502370736137298,0,44.2652928829193
"glenohumeral","scapular plane elevation",1,10,10,,10,6,7,7,TRUE,-4498.53213290364,9042.73210237312,15,1997,21,4.58281111238973,1.09849908074736,4.17188433992302,0.992510635449978,0.502697492013638,0,60.0993192195892
"glenohumeral","scapular plane elevation",1,10,10,,10,7,8,8,TRUE,-4118.60055601518,8288.95799347166,17,1997,21,3.24869532177666,0.811313947304982,4.00423945942031,0.995450376521511,0.499784537970619,0,64.4686362743378
"glenohumeral","scapular plane elevation",1,10,10,,10,8,9,9,TRUE,-3871.09491877323,7800.0357638632,19,1997,21,2.47224729159153,0.805845568164866,3.06789214864273,0.996798908216458,0.499358233067956,0,111.22402882576
"glenohumeral","scapular plane elevation",1,10,10,,10,9,10,10,TRUE,-3640.83493025884,7345.60483170987,21,1997,21,2.2368211957684,0.622097185762235,3.59561375129467,0.997722954979488,0.497762451767207,0,113.728817224503
"glenohumeral","scapular plane elevation",1,10,10,,10,10,11,11,TRUE,-3532.77518028653,7135.5743766407,23,1997,21,2.08508059337655,0.583452809786296,3.57369192230005,0.99816927467882,0.49406015580217,0,120.901087522507
"sternoclavicular","sagittal plane elevation",1,10,4,9,4,1,2,2,TRUE,-2277.3018485912,4568.46664079359,5,1156,16,3.37577951553163,1.41937112369911,2.37836282503325,0.975010046324032,0.328826233198236,0,4.26282501220703
"sternoclavicular","sagittal plane elevation",1,10,4,9,4,2,3,3,TRUE,-781.395108004833,1582.19833706534,7,1156,16,0.803791976161245,0.320377458160927,2.50889054671723,0.99841862812514,0.361218164729832,0,6.2529513835907
"sternoclavicular","sagittal plane elevation",1,10,4,9,4,3,4,4,TRUE,-470.258854244335,965.471006988827,9,1156,16,0.446647247271034,0.264006987421426,1.69180085585411,0.99917932166573,0.361748599063428,0,11.3467557430267
"sternoclavicular","sagittal plane elevation",1,10,4,9,4,4,5,5,TRUE,-385.301602419353,801.101680783344,11,1156,16,0.355274212246262,0.248373959806839,1.43040040317657,0.999370169682017,0.360194322350289,0,9.57684779167175
"sternoclavicular","sagittal plane elevation",1,10,4,9,4,5,6,6,TRUE,-167.747143496491,371.5379403821,13,1156,16,0.312143435916636,0.164154000754655,1.9015280436763,0.999607242076941,0.360857245292064,0,19.3930931091309
"sternoclavicular","sagittal plane elevation",1,10,4,9,4,6,7,7,TRUE,22.756893902387,-3.92495697117721,15,1156,16,0.284370765131093,0.124188088107357,2.28983930314849,0.999747513134848,0.361856734317574,0,18.4337470531464
"sternoclavicular","sagittal plane elevation",1,10,4,9,4,7,8,8,TRUE,151.554702353933,-255.97539642979,17,1156,16,0.234152592471868,0.0915645660997211,2.55724023435941,0.999822092259139,0.364633322366153,0,19.9993584156036
"sternoclavicular","sagittal plane elevation",1,10,4,9,4,8,9,9,TRUE,336.837593704177,-620.996001685798,19,1156,16,0.172943919466797,0.0696890412253618,2.48165158288701,0.999890918071842,0.366085381760426,0,35.0798845291138
"sternoclavicular","sagittal plane elevation",1,10,4,9,4,9,10,10,TRUE,313.728293328768,-569.2322234905,21,1156,16,0.182332652969975,0.0773195926554079,2.35816882510725,0.999901624491725,0.364263349993824,0,35.9224381446838
"sternoclavicular","sagittal plane elevation",1,10,4,9,4,10,11,11,TRUE,349.848107371815,-635.926674132115,23,1156,16,0.167514665612608,0.0562915971124099,2.97583785512596,0.999921904940725,0.361590750135939,0,47.8184125423431
"acromioclavicular","sagittal plane elevation",1,8,7,7,7,1,2,2,TRUE,-1452.12390470865,2917.07255620461,5,1024,13,1.41978147934766,0.741436921670457,1.91490528438871,0.974341480026911,0.101746867781488,0,1.95667386054993
"acromioclavicular","sagittal plane elevation",1,8,7,7,7,2,3,3,TRUE,-993.627243976527,2005.20913345528,7,1024,13,0.897885269625339,0.416678390100992,2.15486401732452,0.990510684462899,0.107130299616671,0,4.36078810691833
"acromioclavicular","sagittal plane elevation",1,8,7,7,7,3,4,4,TRUE,-559.921928657343,1142.92840153184,9,1024,13,0.558370990037786,0.300145494299883,1.86033440661916,0.99633783026954,0.108217911417236,0,7.76775503158569
"acromioclavicular","sagittal plane elevation",1,8,7,7,7,4,5,5,TRUE,-107.557660097112,243.3297631263,11,1024,13,0.359542746684893,0.142787682530471,2.51802354596073,0.998671863151339,0.109829403209641,0,8.59144449234009
"acromioclavicular","sagittal plane elevation",1,8,7,7,7,5,6,6,TRUE,125.818776712042,-218.293211777083,13,1024,13,0.260175582397754,0.130463087289583,1.99424670842147,0.999232307810204,0.108998032516709,0,10.2532243728638
"acromioclavicular","sagittal plane elevation",1,8,7,7,7,6,7,7,TRUE,239.244094941543,-440.013949521163,15,1024,13,0.240685993688529,0.0940663504069763,2.55868323419805,0.999442581648559,0.108796765318151,0,22.6185662746429
"acromioclavicular","sagittal plane elevation",1,8,7,7,7,7,8,8,TRUE,244.003383255132,-444.402627433417,17,1024,13,0.229445792955055,0.0907436556879509,2.52850506424463,0.999488232301641,0.109614503112683,0,23.4803457260132
"acromioclavicular","sagittal plane elevation",1,8,7,7,7,8,9,9,TRUE,335.810273767525,-622.886509743281,19,1024,13,0.222796114630073,0.0771723474864424,2.8869941356807,0.999611504002694,0.110201666056632,0,33.151843547821
"acromioclavicular","sagittal plane elevation",1,8,7,7,7,9,10,10,TRUE,306.799617176083,-559.735297845474,21,1024,13,0.218151737397627,0.0796082903531578,2.74031431186204,0.999617824078737,0.111646268247514,0,34.3679764270782
"acromioclavicular","sagittal plane elevation",1,8,7,7,7,10,11,11,TRUE,333.582985280286,-608.172135338957,23,1024,13,0.217401555689365,0.0664463886101117,3.2718340339761,0.999669660611934,0.113911688918326,0,55.0678675174713
"scapulothoracic","sagittal plane elevation",1,10,7,7,7,1,2,2,TRUE,-6758.18706714501,13534.5620650887,5,3022,38,5.14621262662905,1.56609756252143,3.28601023958152,0.958886321555929,0.00551724380492402,0,7.8820366859436
"scapulothoracic","sagittal plane elevation",1,10,7,7,7,2,3,3,TRUE,-4130.49479281179,8286.45268874167,7,3022,38,2.16289621109429,0.581763679769999,3.7178261316509,0.993603582608711,0.0445978100183273,0,13.5590214729309
"scapulothoracic","sagittal plane elevation",1,10,7,7,7,3,4,4,TRUE,-3192.0653724991,6416.86902043574,9,3022,38,1.71885489172603,0.38600228177216,4.45296562454156,0.996904315488061,0.0433391518688595,0,21.9734399318695
"scapulothoracic","sagittal plane elevation",1,10,7,7,7,4,5,5,TRUE,-2490.99139118214,5021.99623012127,11,3022,38,1.25060814562823,0.317426098136678,3.93984033754446,0.998239120934939,0.049348649307066,0,26.5150620937347
"scapulothoracic","sagittal plane elevation",1,10,7,7,7,5,6,6,TRUE,-1978.55733216818,4004.4032844128,13,3022,38,1.04260176786536,0.230499524033942,4.52322742198733,0.998853550327638,0.048433876163221,0,69.0788743495941
"scapulothoracic","sagittal plane elevation",1,10,7,7,7,6,7,7,TRUE,-1389.299581317,2833.16295502989,15,3022,38,0.984353812274405,0.188252145291693,5.22891152581113,0.99930137030999,0.0522446147743543,0,51.1263687610626
"scapulothoracic","sagittal plane elevation",1,10,7,7,7,7,8,8,TRUE,-1363.51076418944,2788.86049309423,17,3022,38,1.01589622349896,0.152994628075484,6.64007773526363,0.999364971772573,0.0521172433967692,0,71.8775625228882
"scapulothoracic","sagittal plane elevation",1,10,7,7,7,8,9,9,TRUE,-1332.21437587252,2733.54288877984,19,3022,38,1.0091492965548,0.14475177201877,6.97158509689228,0.999424224969679,0.0513798894208177,0,91.4453628063202
"scapulothoracic","sagittal plane elevation",1,10,7,7,7,9,10,10,TRUE,-1191.80609478419,2460.00149892263,21,3022,38,0.9142818678901,0.134145534762912,6.81559672862757,0.999519470828898,0.0505079686722052,0,115.334201812744
"scapulothoracic","sagittal plane elevation",1,10,7,7,7,10,11,11,TRUE,-1179.3007155335,2442.26591274071,23,3022,38,0.756770565430319,0.124070476499923,6.09952171361886,0.999559529085471,0.0489719210050497,0,119.221740722656
"glenohumeral","sagittal plane elevation",1,10,10,,10,1,2,2,TRUE,-9630.88597825094,19279.403759125,5,2638,34,21.5539876168537,3.85707647233564,5.58816704087844,0.818464771710543,0.0534988529614404,0,10.9446375370026
"glenohumeral","sagittal plane elevation",1,10,10,,10,2,3,3,TRUE,-8088.7471250434,16202.1787737591,7,2638,34,13.3654060684581,1.88175709096843,7.10262027580814,0.94933602311844,0.0800637905422787,0,15.9437131881714
"glenohumeral","sagittal plane elevation",1,10,10,,10,3,4,4,TRUE,-7488.35821671796,15008.4536781575,9,2638,34,10.3869220029124,1.33210377318704,7.79738201481244,0.971370596863649,0.0829132513658,0,26.8554358482361
"glenohumeral","sagittal plane elevation",1,10,10,,10,4,5,5,TRUE,-6865.62527551412,13770.040516799,11,2638,34,8.26045598854768,0.87993119085746,9.38761584357315,0.984394262488829,0.0624194368898615,0,38.2524542808533
"glenohumeral","sagittal plane elevation",1,10,10,,10,5,6,6,TRUE,-6491.86350404415,13029.5696949083,13,2638,34,6.8752538210768,0.705029207951599,9.7517290681506,0.989913852430635,0.054495955684663,0,47.3134715557098
"glenohumeral","sagittal plane elevation",1,10,10,,10,6,7,7,TRUE,-6213.26528140678,12479.4259706828,15,2638,34,5.82411848079282,0.586871525661949,9.92400930378014,0.993018658004347,0.0230138798366144,0,65.1169157028198
"glenohumeral","sagittal plane elevation",1,10,10,,10,7,8,8,TRUE,-5943.85052812837,11947.6491851752,17,2638,34,4.73467781362465,0.406414544590604,11.6498729601178,0.99516200395262,0.00926453393278659,0,62.0671904087067
"glenohumeral","sagittal plane elevation",1,10,10,,10,8,9,9,TRUE,-5685.31316352155,11437.6271770108,19,2638,34,3.86856216514287,0.433411694106365,8.92583706842361,0.996309886502727,0.0376764705734686,0,88.3510835170746
"glenohumeral","sagittal plane elevation",1,10,10,,10,9,10,10,TRUE,-5412.93692963451,10899.927430286,21,2638,34,3.15918038361196,0.333106741508526,9.48398813336865,0.997462009985308,0.0353841184151752,0,145.031169176102
"glenohumeral","sagittal plane elevation",1,10,10,,10,10,11,11,TRUE,-5302.83243018052,10686.7711524272,23,2638,34,2.69367953484759,0.322561830931077,8.35089361649601,0.998013514770138,0.0166356068803828,0,135.271552324295
"sternoclavicular","horizontal flexion",1,10,8,,8,1,2,2,TRUE,-1493.62118279579,2998.75529105654,5,917,10,1.98042907526158,0.570890722335053,3.46901604419361,0.972155726396621,0.0296901536884733,0,2.63532733917236
"sternoclavicular","horizontal flexion",1,10,8,,8,2,3,3,TRUE,-792.262746714527,1600.64358908001,7,917,10,1.16174488222515,0.332327110944994,3.49578726490792,0.994625544489252,-0.146123233351236,0,6.22272062301636
"sternoclavicular","horizontal flexion",1,10,8,,8,3,4,4,TRUE,-375.793597723143,772.310461283233,9,917,10,0.631687637159094,0.2020061913454,3.12707067517055,0.998055929267923,-0.352606656709319,0,6.91912126541138
"sternoclavicular","horizontal flexion",1,10,8,,8,4,5,5,TRUE,-182.313876446872,389.956188916678,11,917,10,0.45380471767985,0.17623398272085,2.57501255248067,0.998835860547256,-0.275910279061927,0,13.4411504268646
"sternoclavicular","horizontal flexion",1,10,8,,8,5,6,6,TRUE,77.347810282397,-124.762014355871,13,917,10,0.295606890795492,0.142905706336,2.06854504536341,0.999409772852716,-0.553571979107891,0,18.9319748878479
"sternoclavicular","horizontal flexion",1,10,8,,8,6,7,7,TRUE,208.614951434016,-382.69112647312,15,917,10,0.241602222440762,0.13632365030864,1.77226931565997,0.999580475060397,-0.350355940135102,0,24.9663467407227
"sternoclavicular","horizontal flexion",1,10,8,,8,7,8,8,TRUE,375.321581990813,-711.499217400727,17,917,10,0.210358354673542,0.0803916414728209,2.61666947980731,0.999732865538548,-0.452309469869381,0,33.8210535049438
"sternoclavicular","horizontal flexion",1,10,8,,8,8,9,9,TRUE,457.305984554943,-870.862852342999,19,917,10,0.185798929381909,0.0594961272532605,3.12287434425788,0.999795599310693,-0.711376499302595,0,40.6082661151886
"sternoclavicular","horizontal flexion",1,10,8,,8,9,10,10,TRUE,498.64250834239,-948.930729731906,21,917,10,0.185792020303664,0.0516067234227557,3.60015145278027,0.999826776135904,-1.04732750764002,0,50.7427937984467
"sternoclavicular","horizontal flexion",1,10,8,,8,10,11,11,TRUE,560.536571014387,-1068.11368488991,23,917,10,0.185785718619053,0.0446111383393722,4.16455902124078,0.999860471820931,-1.21440129392276,0,56.3620114326477
"acromioclavicular","horizontal flexion",1,10,7,,7,1,2,2,TRUE,-1432.78696331144,2876.56004950955,5,900,9,2.008147290034,0.984772980953127,2.03919819986367,0.952260115163351,0.019491710988971,0,3.74537634849548
"acromioclavicular","horizontal flexion",1,10,7,,7,2,3,3,TRUE,-715.558076756883,1446.49672555512,7,900,9,0.804122134603295,0.426334117551601,1.88613132634399,0.991160542267486,0.00733068304690476,0,4.25226330757141
"acromioclavicular","horizontal flexion",1,10,7,,7,3,4,4,TRUE,-398.868627528862,817.512276253751,9,900,9,0.699887646300607,0.227501376137134,3.07641060544059,0.995986519481839,0.00655803203395822,0,5.47484660148621
"acromioclavicular","horizontal flexion",1,10,7,,7,4,5,5,TRUE,-12.2650471425191,48.6995646357367,11,900,9,0.323660063285426,0.145462104942069,2.22504729609355,0.998497143909191,0.00981229412739171,0,7.53842544555664
"acromioclavicular","horizontal flexion",1,10,7,,7,5,6,6,TRUE,107.907170140053,-187.250420774735,13,900,9,0.259004435702053,0.128536762174991,2.01502224981708,0.998973184373461,-0.000411624709970138,0,10.4186685085297
"acromioclavicular","horizontal flexion",1,10,7,,7,6,7,7,TRUE,267.398191087264,-501.838013514484,15,900,9,0.244025125878347,0.103503514128901,2.35765063565322,0.999345536571802,0.0157056764217244,0,7.40539503097534
"acromioclavicular","horizontal flexion",1,10,7,,7,7,8,8,TRUE,354.263449977666,-671.174082140617,17,900,9,0.23156223005458,0.0627984315107244,3.68738875293462,0.99949411630871,0.0268260656555672,0,10.2498383522034
"acromioclavicular","horizontal flexion",1,10,7,,7,8,9,9,TRUE,427.702467654791,-813.657668340195,19,900,9,0.212607011229097,0.0631119883346031,3.36872624107342,0.999594500140277,0.0246147157072965,0,17.620747089386
"acromioclavicular","horizontal flexion",1,10,7,,7,9,10,10,TRUE,476.640843723141,-907.139971322222,21,900,9,0.19737289189739,0.0574484044164001,3.43565489594424,0.999659209838518,0.0199533403024444,0,15.7055151462555
"acromioclavicular","horizontal flexion",1,10,7,,7,10,11,11,TRUE,539.598490482058,-1028.66081568538,23,900,9,0.182262033168437,0.0485425716814906,3.75468432872363,0.999725847641161,0.0179809257344031,0,12.7667665481567
"scapulothoracic","horizontal flexion",1,10,5,,5,1,2,2,TRUE,-2574.82351262605,5163.81309197238,5,1312,17,2.98306906082602,1.33264319130793,2.23846043733452,0.979688980669682,0.203224375232436,0,4.21853184700012
"scapulothoracic","horizontal flexion",1,10,5,,5,2,3,3,TRUE,-1543.90886532297,3107.65022405433,7,1312,17,1.48829781622362,0.409010967623925,3.63877239006479,0.996282982159849,0.186403735614598,0,8.342529296875
"scapulothoracic","horizontal flexion",1,10,5,,5,3,4,4,TRUE,-732.977620963615,1491.45416202374,9,1312,17,0.573198800655273,0.258344649518114,2.21873687620181,0.999062144750263,0.196149244843351,0,14.9381482601166
"scapulothoracic","horizontal flexion",1,10,5,,5,4,5,5,TRUE,-516.625819170299,1064.41698512522,11,1312,17,0.588703707340841,0.192677579567203,3.05538251343618,0.99939899253881,0.1976369090115,0,13.7659709453583
"scapulothoracic","horizontal flexion",1,10,5,,5,5,6,6,TRUE,-424.217214662587,885.266202797905,13,1312,17,0.501857143410569,0.168091373575748,2.98562105082933,0.999532615819843,0.201010832691499,0,15.2393219470978
"scapulothoracic","horizontal flexion",1,10,5,,5,6,7,7,TRUE,-268.417638826685,579.333477814213,15,1312,17,0.457180189541069,0.126639307535759,3.61009704204184,0.999673554904107,0.202433037101204,0,27.0187132358551
"scapulothoracic","horizontal flexion",1,10,5,,5,7,8,8,TRUE,-198.083034767206,444.330696383368,17,1312,17,0.432335282042563,0.135023777024149,3.20191962905349,0.999731422448345,0.206368287341397,0,35.1512293815613
"scapulothoracic","horizontal flexion",1,10,5,,5,8,9,9,TRUE,-105.015119327808,263.861292192683,19,1312,17,0.417849061957683,0.137157712178164,3.04648608759898,0.999787838677854,0.208849904404332,0,42.4329087734222
"scapulothoracic","horizontal flexion",1,10,5,,5,9,10,10,TRUE,-69.6169497256857,198.731379676552,21,1312,17,0.404809278306167,0.108961238251786,3.71516774956927,0.999817751693844,0.209925861949898,0,55.4878740310669
"scapulothoracic","horizontal flexion",1,10,5,,5,10,11,11,TRUE,5.45618588131797,54.251535150657,23,1312,17,0.392598714386603,0.0892633145981084,4.39820900841747,0.999856532254475,0.209837289469897,0,73.4242520332336
"glenohumeral","horizontal flexion",1,10,5,,5,1,2,2,TRUE,-1624.68278811753,3260.35169912174,5,900,9,2.58370861181178,1.28169067193855,2.01585972994868,0.997855396610723,0.89714467500984,0,4.06576490402222
"glenohumeral","horizontal flexion",1,10,5,,5,2,3,3,TRUE,-950.769574523021,1916.9197210874,7,900,9,1.02459386934863,0.457185446064804,2.24109030190649,0.999566323775839,0.896622948063479,0,10.0120534896851
"glenohumeral","horizontal flexion",1,10,5,,5,3,4,4,TRUE,-561.374369651342,1142.52376049871,9,900,9,0.593477170890486,0.334411044347631,1.7746936918553,0.999834176658889,0.898064570483056,0,11.6231541633606
"glenohumeral","horizontal flexion",1,10,5,,5,4,5,5,TRUE,-295.85995201453,615.889374379759,11,900,9,0.491014497207441,0.177962673356972,2.75908699248704,0.999917909211767,0.898062013487896,0,17.2544820308685
"glenohumeral","horizontal flexion",1,10,5,,5,5,6,6,TRUE,-256.725888046666,542.015695598703,13,900,9,0.482519439315673,0.123267020946147,3.91442443901096,0.999931264608445,0.898136846907188,0,34.0378460884094
"glenohumeral","horizontal flexion",1,10,5,,5,6,7,7,TRUE,-120.15960581681,273.277580293664,15,900,9,0.400021290784591,0.0837080452378885,4.77876755630569,0.999951425316841,0.897965666369006,0,52.0285005569458
"glenohumeral","horizontal flexion",1,10,5,,5,7,8,8,TRUE,-14.411572735966,66.1759632866478,17,900,9,0.320815576999393,0.0648453426189386,4.9473958196914,0.999964135398327,0.897848603391535,0,50.8776693344116
"glenohumeral","horizontal flexion",1,10,5,,5,8,9,9,TRUE,41.950712991624,-42.1541590138598,19,900,9,0.30086824387866,0.0646531674627546,4.65357314553821,0.999970222364971,0.897756528091525,0,67.8459937572479
"glenohumeral","horizontal flexion",1,10,5,,5,9,10,10,TRUE,99.2581407383465,-152.374565352632,21,900,9,0.279100676264522,0.0721043029668517,3.87079085131482,0.999974994968604,0.897956879155715,0,100.080006599426
"glenohumeral","horizontal flexion",1,10,5,,5,10,11,11,TRUE,179.121324124226,-307.706482969718,23,900,9,0.257407044723076,0.061620952713335,4.17726493000769,0.999980457731966,0.897839021912332,0,136.2043364048
"sternoclavicular","internal-external rotation 0 degree-abducted",1,10,4,,4,1,2,2,TRUE,-959.685156020791,1931.79484529052,5,1200,12,1.20725978220818,0.342532688072958,3.52450970154135,0.990434685529455,-0.133546839335012,0,6.23699235916138
"sternoclavicular","internal-external rotation 0 degree-abducted",1,10,4,,4,2,3,3,TRUE,-796.945903991785,1611.28615453209,7,1200,12,1.18241100154215,0.266793970399836,4.43192550330169,0.993178951606038,-0.277452210300454,0,7.05782961845398
"sternoclavicular","internal-external rotation 0 degree-abducted",1,10,4,,4,3,4,4,TRUE,-89.2706781899188,200.90551622793,9,1200,12,0.499833577338524,0.128598892425876,3.88676424741858,0.998175961116705,-0.484310583366027,0,11.7647771835327
"sternoclavicular","internal-external rotation 0 degree-abducted",1,10,4,,4,4,5,5,TRUE,-18.1958815583746,63.7257362644172,11,1200,12,0.543905211687104,0.0972339078589378,5.59378126071179,0.998416622452907,-0.451703648538541,0,19.505763053894
"sternoclavicular","internal-external rotation 0 degree-abducted",1,10,4,,4,5,6,6,TRUE,227.965206521201,-423.626626595158,13,1200,12,0.417372292783535,0.0952581708165782,4.38148548524194,0.998993155968181,-0.591106835101488,0,32.3747918605804
"sternoclavicular","internal-external rotation 0 degree-abducted",1,10,4,,4,6,7,7,TRUE,563.19701896746,-1089.1204381881,15,1200,12,0.222300892123042,0.0847614346164588,2.62266552151863,0.999484721870314,-0.258007219301803,0,38.4066321849823
"sternoclavicular","internal-external rotation 0 degree-abducted",1,10,4,,4,7,8,8,TRUE,671.946654984357,-1301.64989692232,17,1200,12,0.187355118033104,0.0815639207932411,2.29703423046614,0.999629206316781,-0.00973093157850546,0,45.3081483840942
"sternoclavicular","internal-external rotation 0 degree-abducted",1,10,4,,4,8,9,9,TRUE,752.592754442543,-1457.97228253911,19,1200,12,0.144578210125619,0.0728590307775887,1.98435538577176,0.999736830411566,-1.35960771528977,0,122.261817455292
"sternoclavicular","internal-external rotation 0 degree-abducted",1,10,4,,4,9,10,10,TRUE,790.036630529428,-1527.89022141331,21,1200,12,0.228965889917008,0.0662682653246868,3.45513631291193,0.999672919747067,-0.367123697548128,0,77.1442894935608
"sternoclavicular","internal-external rotation 0 degree-abducted",1,10,4,,4,10,11,11,TRUE,990.064042627836,-1922.97523231055,23,1200,12,0.172881682895062,0.0545028488449671,3.17197516384551,0.999779999406234,-0.841022330585071,0,341.062548398972
"acromioclavicular","internal-external rotation 0 degree-abducted",1,9,8,,8,1,2,2,TRUE,-606.006221531515,1224.43697631197,5,1200,12,0.562388339912744,0.359266504080356,1.56537927562252,0.993146938962868,-0.00233798189149259,0,4.30762720108032
"acromioclavicular","internal-external rotation 0 degree-abducted",1,9,8,,8,2,3,3,TRUE,90.8244284071319,-164.254510265748,7,1200,12,0.349118571798487,0.159999351375275,2.1819999193599,0.998121498394421,-0.154007539414938,0,5.0801146030426
"acromioclavicular","internal-external rotation 0 degree-abducted",1,9,8,,8,3,4,4,TRUE,260.279666144187,-498.195172440282,9,1200,12,0.348937923826079,0.12494588452403,2.79271242230448,0.998718923956709,-0.143655204356633,0,13.1780936717987
"acromioclavicular","internal-external rotation 0 degree-abducted",1,9,8,,8,4,5,5,TRUE,465.823171395339,-904.31236964301,11,1200,12,0.311745658047179,0.088573589160245,3.51962318567872,0.999110308044778,-0.352397109141128,0,17.993278503418
"acromioclavicular","internal-external rotation 0 degree-abducted",1,9,8,,8,5,6,6,TRUE,623.926908704945,-1215.55003096265,13,1200,12,0.276897325832854,0.0817497741769448,3.38713260826285,0.999322267982228,-0.0292349269398613,0,34.8289127349854
"acromioclavicular","internal-external rotation 0 degree-abducted",1,9,8,,8,6,7,7,TRUE,761.904073294113,-1486.53454684141,15,1200,12,0.216608754212658,0.064072756605769,3.38066856628976,0.999501811216235,-0.214609902374658,0,26.1558365821838
"acromioclavicular","internal-external rotation 0 degree-abducted",1,9,8,,8,7,8,8,TRUE,902.421839618003,-1762.60026618961,17,1200,12,0.182457955482126,0.0505121580186004,3.6121591838333,0.999600692242178,-0.15185257383581,0,31.6503877639771
"acromioclavicular","internal-external rotation 0 degree-abducted",1,9,8,,8,8,9,9,TRUE,973.476715724483,-1899.74020510299,19,1200,12,0.159067611262792,0.0497870950152288,3.19495666927617,0.999656271492753,-0.355803485677751,0,56.5494661331177
"acromioclavicular","internal-external rotation 0 degree-abducted",1,9,8,,8,9,10,10,TRUE,1108.55319789715,-2164.92335614875,21,1200,12,0.128931243522877,0.0451581150221468,2.85510684977985,0.999748087234205,-0.66465515646795,1,347.137465238571
"acromioclavicular","internal-external rotation 0 degree-abducted",1,9,8,,8,10,11,11,FALSE,,,,1200,,,,,,,,1346.31110024452
"scapulothoracic","internal-external rotation 0 degree-abducted",1,9,7,7,7,1,2,2,TRUE,-4000.32054084501,8017.81101771244,5,2525,31,2.71005549190604,0.54809185529581,4.94452793946992,0.981887776851222,0.0476619858178596,0,8.34902405738831
"scapulothoracic","internal-external rotation 0 degree-abducted",1,9,7,7,7,2,3,3,TRUE,-3309.08845732616,6642.21482508371,7,2525,31,2.5099853985431,0.333712721248926,7.52139561581421,0.990430484194485,-0.00413261318124958,0,12.7113132476807
"scapulothoracic","internal-external rotation 0 degree-abducted",1,9,7,7,7,3,4,4,TRUE,-3015.06036713933,6061.02661911902,9,2525,31,2.42884968614677,0.250249516160509,9.70571181679697,0.992971323176719,-0.0125151777200814,0,18.539192199707
"scapulothoracic","internal-external rotation 0 degree-abducted",1,9,7,7,7,4,5,5,TRUE,-2935.88423857738,5909.5423364041,11,2525,31,2.3208308686346,0.234533862636442,9.89550439559422,0.993743494008883,-0.0503289338218131,0,17.0324711799622
"scapulothoracic","internal-external rotation 0 degree-abducted",1,9,7,7,7,5,6,6,TRUE,-2842.08816833394,5728.81817032618,13,2525,31,2.18425554267879,0.2191229251627,9.96817444389702,0.994259326688272,0.0222635444334642,0,32.2034420967102
"scapulothoracic","internal-external rotation 0 degree-abducted",1,9,7,7,7,6,7,7,TRUE,-2746.72629815079,5544.96240436886,15,2525,31,2.09539347434146,0.196928801736793,10.6403606575644,0.994836813661088,0.0371826498635703,0,39.8023173809052
"scapulothoracic","internal-external rotation 0 degree-abducted",1,9,7,7,7,7,8,8,TRUE,-2747.66290565387,5553.70359378399,17,2525,31,2.10169512542729,0.178761297755319,11.756991875859,0.994966983713457,0.0343836547185875,0,47.9928240776062
"scapulothoracic","internal-external rotation 0 degree-abducted",1,9,7,7,7,8,9,9,TRUE,-2741.85111622501,5548.94798933524,19,2525,31,2.12609835186988,0.171374926613307,12.4061226101484,0.995154734575643,0.0556306579061935,0,76.3721911907196
"scapulothoracic","internal-external rotation 0 degree-abducted",1,9,7,7,7,9,10,10,TRUE,-2720.18375410864,5512.48123951147,21,2525,31,2.09739729880622,0.167356648866059,12.5325005789572,0.995412006090577,0.0593955888890704,0,71.9995393753052
"scapulothoracic","internal-external rotation 0 degree-abducted",1,9,7,7,7,10,11,11,TRUE,-2722.02559493029,5523.03289556374,23,2525,31,2.05239907572729,0.17109276513758,11.9958262061923,0.995593509281147,0.0621767652884918,0,88.4348001480103
"glenohumeral","internal-external rotation 0 degree-abducted",1,10,7,9,7,1,2,2,TRUE,-8495.42447560271,17008.0188872279,5,2525,31,17.8861657542001,3.1588048487535,5.66232059611349,0.982576222040304,-0.00438840545142649,0,8.44602060317993
"glenohumeral","internal-external rotation 0 degree-abducted",1,10,7,9,7,2,3,3,TRUE,-7185.84886620027,14395.7356428319,7,2525,31,11.4249703379924,1.67965038269537,6.80199311457814,0.994669947356217,-0.0258607453419224,0,10.8740344047546
"glenohumeral","internal-external rotation 0 degree-abducted",1,10,7,9,7,3,4,4,TRUE,-6921.55083126484,13874.00754737,9,2525,31,11.3922248488698,1.49331128581511,7.62883462884398,0.995757541110532,-0.00120409329772486,0,16.9909405708313
"glenohumeral","internal-external rotation 0 degree-abducted",1,10,7,9,7,4,5,5,TRUE,-6767.7167760091,13573.2074112675,11,2525,31,10.4277428463404,1.43873770272597,7.24784151175228,0.996533148194629,-0.0231517515948882,0,39.959992647171
"glenohumeral","internal-external rotation 0 degree-abducted",1,10,7,9,7,5,6,6,TRUE,-6615.87060828252,13276.3830502233,13,2525,31,9.29554504438857,1.23381055505285,7.53401322943813,0.996962584427242,-0.00577561982142072,0,48.5761935710907
"glenohumeral","internal-external rotation 0 degree-abducted",1,10,7,9,7,6,7,7,TRUE,-6489.11100305318,13029.7318141736,15,2525,31,8.16634939407614,1.04361737636032,7.82504160917364,0.99740128640408,-0.0223902624157335,0,63.4331166744232
"glenohumeral","internal-external rotation 0 degree-abducted",1,10,7,9,7,7,8,8,TRUE,-6431.2140469107,12920.8058762977,17,2525,31,7.27811693897341,1.06953277401248,6.80494989570881,0.997646568408894,-0.0296499528814742,0,83.851744890213
"glenohumeral","internal-external rotation 0 degree-abducted",1,10,7,9,7,8,9,9,TRUE,-6362.58127721564,12790.4083113165,19,2525,31,6.5250467490872,0.827485757293117,7.88538859016986,0.997899679620183,-0.0663046867243025,0,87.5011456012726
"glenohumeral","internal-external rotation 0 degree-abducted",1,10,7,9,7,9,10,10,TRUE,-6352.51293087406,12777.1395930423,21,2525,31,6.56120543179428,0.66612032071325,9.84988031106581,0.998044684134787,-0.120906867627716,0,154.065896987915
"glenohumeral","internal-external rotation 0 degree-abducted",1,10,7,9,7,10,11,11,TRUE,-6287.38166709382,12653.7450398908,23,2525,31,6.44272564004915,0.931151687487179,6.91909355546097,0.998222650474327,-0.177970788952964,0,154.625080347061
"scapulothoracic","internal-external rotation 90 degree-abducted",1,10,7,,7,1,2,2,TRUE,-3781.87663098586,7579.64353112347,5,2172,24,3.080344770524,0.779871172616052,3.94981232629883,0.977590900477641,0.0476378777363398,0,6.29847073554993
"scapulothoracic","internal-external rotation 90 degree-abducted",1,10,7,,7,2,3,3,TRUE,-2642.0046821246,5306.25574106163,7,2172,24,1.46574408773251,0.62670153759819,2.33882318742973,0.992804427967135,0.0667757058744842,0,11.1685206890106
"scapulothoracic","internal-external rotation 90 degree-abducted",1,10,7,,7,3,4,4,TRUE,-1727.00537328706,3482.61323104726,9,2172,24,0.929514340585924,0.369978480785579,2.51234703870419,0.997188511141706,0.13435042856856,0,31.0900042057037
"scapulothoracic","internal-external rotation 90 degree-abducted",1,10,7,,7,4,5,5,TRUE,-1229.73542096374,2494.42943406132,11,2172,24,0.670388909553263,0.280016036534332,2.39410898693679,0.998279653464727,0.157310516316228,0,32.4746525287628
"scapulothoracic","internal-external rotation 90 degree-abducted",1,10,7,,7,5,6,6,TRUE,-951.119780487947,1943.55426077042,13,2172,24,0.59719074656116,0.263246827331239,2.26855819162343,0.998747433921426,0.180135416566477,0,33.7036266326904
"scapulothoracic","internal-external rotation 90 degree-abducted",1,10,7,,7,6,7,7,TRUE,-780.43953002608,1608.54986750738,15,2172,24,0.492434627295181,0.216823863266441,2.27112744822769,0.999000636698363,0.182437140609056,0,44.1489369869232
"scapulothoracic","internal-external rotation 90 degree-abducted",1,10,7,,7,7,8,8,TRUE,-721.68233844503,1497.39159200597,17,2172,24,0.49423931939448,0.210049705882123,2.35296363457819,0.999079457333175,0.183142637673588,0,80.0105907917023
"scapulothoracic","internal-external rotation 90 degree-abducted",1,10,7,,7,8,9,9,TRUE,-662.449952482312,1385.28292774124,19,2172,24,0.470902800127823,0.199782720863438,2.35707471643511,0.999164656553586,0.186930654858654,0,63.5184137821198
"scapulothoracic","internal-external rotation 90 degree-abducted",1,10,7,,7,9,10,10,TRUE,-569.269402679197,1205.2779357957,21,2172,24,0.460003481754247,0.187129895588058,2.4582041277193,0.99926657253681,0.170439600590853,0,103.987387657166
"scapulothoracic","internal-external rotation 90 degree-abducted",1,10,7,,7,10,11,11,TRUE,-437.336273648279,947.76778539456,23,2172,24,0.349423461324403,0.17925668345756,1.94929112033432,0.999378254581051,0.146157109395336,0,106.383092880249
"glenohumeral","internal-external rotation 90 degree-abducted",1,10,8,,8,1,2,2,TRUE,-5225.64867398186,10466.7525602305,5,2146,22,7.60854174473523,1.45347026357405,5.23474193825333,0.953709259599852,-0.00564626220449083,0,8.63323402404785
"glenohumeral","internal-external rotation 90 degree-abducted",1,10,8,,8,2,3,3,TRUE,-4015.11186813819,8051.86103344989,7,2146,22,3.8914207436641,0.877039269435613,4.43699715540478,0.986313947659989,0.0311621455696154,0,13.5281128883362
"glenohumeral","internal-external rotation 90 degree-abducted",1,10,8,,8,3,4,4,TRUE,-3254.15651302748,6536.13240813518,9,2146,22,2.85462036718947,0.635725287695453,4.4903363487988,0.993885108568343,0.00234814630482238,0,21.4124834537506
"glenohumeral","internal-external rotation 90 degree-abducted",1,10,8,,8,4,5,5,TRUE,-2928.39492065143,5890.79130828981,11,2146,22,2.42591190899128,0.514159110518365,4.71821243534035,0.995596145356031,0.0296685382447652,0,16.0960505008698
"glenohumeral","internal-external rotation 90 degree-abducted",1,10,8,,8,5,6,6,TRUE,-2596.96178670481,5234.10712530328,13,2146,22,1.90174118948733,0.409536609266588,4.64364148761458,0.997017279615411,0.0257575530501419,0,29.906436920166
"glenohumeral","internal-external rotation 90 degree-abducted",1,10,8,,8,6,7,7,TRUE,-2377.18940256248,4800.74444192534,15,2146,22,1.576849951452,0.369443131295211,4.26818045289894,0.997815698764022,0.00886942369317378,0,48.0418186187744
"glenohumeral","internal-external rotation 90 degree-abducted",1,10,8,,8,7,8,8,TRUE,-2197.77416904446,4448.096059796,17,2146,22,1.27424398160126,0.36384122914889,3.50219788060308,0.998288777987328,0.0444762703918488,0,67.4293582439423
"glenohumeral","internal-external rotation 90 degree-abducted",1,10,8,,8,8,9,9,TRUE,-2045.02902651896,4148.78785965173,19,2146,22,1.10810915714522,0.358309784230911,3.09260088870782,0.998523230626184,0.0259354800237059,0,57.6890466213226
"glenohumeral","internal-external rotation 90 degree-abducted",1,10,8,,8,9,10,10,TRUE,-1858.49933942052,3781.91057036157,21,2146,22,0.981504662750048,0.320882432290238,3.0587672118562,0.998843991533691,-0.0212211231523372,0,107.962039709091
"glenohumeral","internal-external rotation 90 degree-abducted",1,10,8,,8,10,11,11,TRUE,-1746.73443890189,3564.56285423102,23,2146,22,0.915219033323221,0.310403664947489,2.94848011371918,0.999025811134256,-0.132087358610421,0,171.863348722458
"sternoclavicular","frontal plane elevation",2,10,5,8,5,1,2,2,TRUE,-2913.92441787054,5842.01490246136,5,1411,17,2.69707404204239,1.471711121127,1.83261103576974,0.956241087587672,0.117917869287764,0,5.21088004112244
"sternoclavicular","frontal plane elevation",2,10,5,8,5,2,3,3,TRUE,-1299.76842141547,2619.36933623934,7,1411,17,0.960916586440779,0.442466140403587,2.17172908544888,0.996131713753235,-0.000697163668320844,0,7.39398980140686
"sternoclavicular","frontal plane elevation",2,10,5,8,5,3,4,4,TRUE,-1054.60031660191,2134.69955330032,9,1411,17,0.722794933027702,0.241543380934839,2.99240215248412,0.997477380554735,-0.0175748137300724,0,19.21044921875
"sternoclavicular","frontal plane elevation",2,10,5,8,5,4,5,5,TRUE,-736.640009052213,1504.44536488904,11,1411,17,0.707436303877808,0.14508273265268,4.87608891108614,0.998517633595725,0.0704614945378219,0,16.8882365226746
"sternoclavicular","frontal plane elevation",2,10,5,8,5,5,6,6,TRUE,-662.697660902141,1362.22709527701,13,1411,17,0.717072210339853,0.130264846729543,5.50472539862306,0.998759426165215,0.150466649895763,0,26.1502256393433
"sternoclavicular","frontal plane elevation",2,10,5,8,5,6,7,7,TRUE,-624.523898923325,1291.54599800749,15,1411,17,0.691141923075568,0.107729446176917,6.41553398446468,0.998897096980562,0.156215109133561,0,31.1817245483398
"sternoclavicular","frontal plane elevation",2,10,5,8,5,7,8,8,TRUE,-570.422222788106,1189.00907242517,17,1411,17,0.660650845315438,0.0834895039499423,7.91298084261639,0.999009282425092,0.110161772858799,0,40.4146430492401
"sternoclavicular","frontal plane elevation",2,10,5,8,5,8,9,9,TRUE,-550.276293727936,1154.38364099294,19,1411,17,0.627124342833258,0.0964481975917145,6.50218830929332,0.999083639713514,0.104195152531159,0,52.5515196323395
"sternoclavicular","frontal plane elevation",2,10,5,8,5,9,10,10,TRUE,-534.396198345673,1128.28987691653,21,1411,17,0.599431048458731,0.0766992696850669,7.81534232229383,0.999143441249067,0.114643066212699,0,71.1670188903809
"sternoclavicular","frontal plane elevation",2,10,5,8,5,10,11,11,TRUE,-509.866508201617,1084.89692331653,23,1411,17,0.5794118386359,0.0655152792534791,8.84391923896334,0.999217563199507,0.114997060430418,0,74.6090369224548
"acromioclavicular","frontal plane elevation",2,10,7,8,7,1,2,2,TRUE,-2480.64239663228,4974.48007991264,5,1210,14,2.77237385963658,1.33577234032801,2.07548380508897,0.977906398824472,0.0582170045309093,0,4.1350793838501
"acromioclavicular","frontal plane elevation",2,10,7,8,7,2,3,3,TRUE,-1471.09209169223,2960.65758469176,7,1210,14,1.27751549335045,0.57363034867761,2.2270709635491,0.996315896903648,0.0811434810243051,0,11.1721727848053
"acromioclavicular","frontal plane elevation",2,10,7,8,7,3,4,4,TRUE,-1107.77391610729,2239.29934818111,9,1210,14,0.933925384355187,0.324696842594529,2.87629955651107,0.998173497208225,0.080647570198957,0,10.4663779735565
"acromioclavicular","frontal plane elevation",2,10,7,8,7,4,5,5,TRUE,-945.359752634144,1919.74913589406,11,1210,14,0.898409730868353,0.210550156237926,4.26696302164283,0.998719230060503,0.0790263921214102,0,16.5184824466705
"acromioclavicular","frontal plane elevation",2,10,7,8,7,5,6,6,TRUE,-848.138439121783,1730.58462352856,13,1210,14,0.885133532425487,0.186983030596426,4.73376396565051,0.998978007176048,0.0840395959809607,0,21.1080636978149
"acromioclavicular","frontal plane elevation",2,10,7,8,7,6,7,7,TRUE,-741.446711238455,1522.47928242114,15,1210,14,0.878925671276344,0.154173443617094,5.7008888862809,0.999212524250711,0.0733741521652261,0,28.5995142459869
"acromioclavicular","frontal plane elevation",2,10,7,8,7,7,8,8,TRUE,-688.439606648062,1421.74318789958,17,1210,14,0.872492716771459,0.142586280359937,6.11905096737909,0.99934102871758,0.0618867365440444,0,28.7639548778534
"acromioclavicular","frontal plane elevation",2,10,7,8,7,8,9,9,TRUE,-677.875583807186,1405.89325687706,19,1210,14,0.841821224882849,0.129621482847569,6.49445760370451,0.999393822788884,0.0729830669597602,0,61.1303973197937
"acromioclavicular","frontal plane elevation",2,10,7,8,7,9,10,10,TRUE,-656.430794453082,1368.28179282808,21,1210,14,0.819441847454361,0.107131631331261,7.64892531992324,0.999446098630801,0.0818750404146243,0,44.1245477199554
"acromioclavicular","frontal plane elevation",2,10,7,8,7,10,11,11,TRUE,-629.354004732479,1319.40632804611,23,1210,14,0.798084426168841,0.115641059952745,6.90139321184852,0.999497617217255,0.0842641173444433,0,64.2218363285065
"scapulothoracic","frontal plane elevation",2,10,7,10,7,1,2,2,TRUE,-8409.96355596514,16838.8480600999,5,3378,44,5.30539552829257,1.63211139452777,3.25063322643342,0.970821193018398,0.684539466145267,0,8.98510003089905
"scapulothoracic","frontal plane elevation",2,10,7,10,7,2,3,3,TRUE,-4857.62073731291,9741.73080206325,7,3378,44,1.51777583337425,0.642508322476231,2.36226641784924,0.996929854451477,0.683702722435664,0,13.7275013923645
"scapulothoracic","frontal plane elevation",2,10,7,10,7,3,4,4,TRUE,-3483.68999478227,7001.4376962698,9,3378,44,1.20805466321606,0.369774553579842,3.26700323621706,0.998785017539375,0.681598846927158,0,11.6140570640564
"scapulothoracic","frontal plane elevation",2,10,7,10,7,4,5,5,TRUE,-2711.6378309259,5464.9017478249,11,3378,44,1.01103187994706,0.298213002727785,3.3903011293909,0.999309034234337,0.685379019825876,0,11.8589577674866
"scapulothoracic","frontal plane elevation",2,10,7,10,7,5,6,6,TRUE,-1984.64260943885,4018.47968411865,13,3378,44,0.774858646904606,0.205497728407742,3.77064336870506,0.999599161742281,0.687859548570458,0,13.9275813102722
"scapulothoracic","frontal plane elevation",2,10,7,10,7,6,7,7,TRUE,-1497.16986785778,3051.10258022432,15,3378,44,0.704983679268386,0.16029247511144,4.39810838767236,0.999744336708894,0.681950342453193,0,26.7748181819916
"scapulothoracic","frontal plane elevation",2,10,7,10,7,7,8,8,TRUE,-1295.20190843989,2654.73504065639,17,3378,44,0.651150345419491,0.147262042879575,4.42171202223494,0.999784966855879,0.687815885254185,0,26.1092576980591
"scapulothoracic","frontal plane elevation",2,10,7,10,7,8,9,9,TRUE,-1026.07653214156,2124.05266732756,19,3378,44,0.617365912316442,0.135587712977199,4.55325854209415,0.999835791875646,0.688203297492919,0,26.355272769928
"scapulothoracic","frontal plane elevation",2,10,7,10,7,9,10,10,TRUE,-797.101488816233,1673.67095994475,21,3378,44,0.60267996307364,0.113337114055854,5.31758698899489,0.999871006457596,0.686570693716833,0,34.3436062335968
"scapulothoracic","frontal plane elevation",2,10,7,10,7,10,11,11,TRUE,-727.541733967491,1542.1198295151,23,3378,44,0.604636646454676,0.103530254864331,5.84019277502028,0.999889188272572,0.684176632035612,0,54.0881881713867
"glenohumeral","frontal plane elevation",2,10,7,9,7,1,2,2,TRUE,-6254.30418917458,12526.0909161565,5,2463,33,4.86636873401361,1.57232774991123,3.0950091253483,0.986044962845143,0.86804720675032,0,9.01391911506653
"glenohumeral","frontal plane elevation",2,10,7,9,7,2,3,3,TRUE,-3309.06990707083,6642.61536707193,7,2463,33,1.49580631770409,0.549440862103658,2.72241549705104,0.998919202381783,0.866728072188239,0,15.8773033618927
"glenohumeral","frontal plane elevation",2,10,7,9,7,3,4,4,TRUE,-2161.73723792689,4354.94304390698,9,2463,33,1.0010182933167,0.326335928304377,3.06744739544288,0.999626623442065,0.866045121429457,0,29.1585223674774
"glenohumeral","frontal plane elevation",2,10,7,9,7,4,5,5,TRUE,-1681.32132380442,3401.10423078496,11,2463,33,0.885433441768086,0.259849478294476,3.40748593216209,0.999773774083581,0.867293227465647,0,44.4373569488525
"glenohumeral","frontal plane elevation",2,10,7,9,7,5,6,6,TRUE,-1152.98362725928,2351.42185281763,13,2463,33,0.657684388618844,0.210890201264572,3.11861046494876,0.999871350120308,0.868701653096789,0,45.4361176490784
"glenohumeral","frontal plane elevation",2,10,7,9,7,6,7,7,TRUE,-839.677644988445,1731.80290339889,15,2463,33,0.436545897587685,0.190685930184013,2.28934508784375,0.999912888476169,0.867132031381384,0,109.077211856842
"glenohumeral","frontal plane elevation",2,10,7,9,7,7,8,8,TRUE,-604.525130687719,1268.49088992037,17,2463,33,0.345609134145972,0.176352073482366,1.95976790814729,0.999939517616549,0.858880560702924,0,78.9130654335022
"glenohumeral","frontal plane elevation",2,10,7,9,7,8,9,9,TRUE,-425.188557206343,916.810758080549,19,2463,33,0.323001919417721,0.152170003670971,2.12263857281709,0.999950942609802,0.868078771877029,0,130.445283174515
"glenohumeral","frontal plane elevation",2,10,7,9,7,9,10,10,TRUE,-378.412778533694,830.252215858185,21,2463,33,0.314016861904974,0.136768045575445,2.29598120367782,0.999957901930961,0.868142618686256,0,212.975960731506
"glenohumeral","frontal plane elevation",2,10,7,9,7,10,11,11,TRUE,-138.041070976654,356.501815867036,23,2463,33,0.288101029605106,0.109889564490708,2.62173238141705,0.999970090741635,0.868452968460228,0,176.588342666626
"sternoclavicular","scapular plane elevation",2,4,4,5,4,1,2,2,TRUE,-625.620207133113,1267.53089695633,5,280,26,2.31853935565564,0.652844195792816,3.55144362253233,0.997187191299177,-0.176484907321169,0,0.439506053924561
"sternoclavicular","scapular plane elevation",2,4,4,5,4,2,3,3,TRUE,-476.918144380234,976.642964526618,7,280,26,0.965049873489692,0.260178029890026,3.70919048736593,0.999505480973243,-0.175135653789032,0,1.05243134498596
"sternoclavicular","scapular plane elevation",2,4,4,5,4,3,4,4,TRUE,-242.525295282416,514.373459407024,9,280,26,0.287027761561496,0.0793874201384606,3.61553204602048,0.99997629925455,-0.174997238507816,0,2.80089402198792
"sternoclavicular","scapular plane elevation",2,4,4,5,4,4,5,5,TRUE,-229.052258725699,493.943579369634,11,280,26,0.13545613750329,0.0315330781692093,4.29568394104821,0.999992060250573,-0.175966303769619,0,2.92436981201172
"sternoclavicular","scapular plane elevation",2,4,4,5,4,5,6,6,TRUE,-265.18913931635,572.73353362698,13,280,26,0.109991688360079,0.0101258936815936,10.8624178584866,0.999995755414511,-0.176849813118303,0,5.58427023887634
"sternoclavicular","scapular plane elevation",2,4,4,5,4,6,7,7,TRUE,-288.153146046781,625.177740163884,15,280,26,0.0645196974266624,0.00305601930155658,21.1123330908936,0.999998683455229,-0.178375637577731,0,12.5546951293945
"sternoclavicular","scapular plane elevation",2,4,4,5,4,7,8,8,TRUE,-379.697781480725,814.783204107816,17,280,26,0.0483886381709229,0.00486239944900923,9.95159667122427,0.999998869713568,-0.178848312314228,0,11.2900834083557
"sternoclavicular","scapular plane elevation",2,4,4,5,4,8,9,9,TRUE,-295.355342813441,652.61451984929,19,280,26,0.0999593764636447,0.00483007634692924,20.6951959521706,0.999998004992727,-0.194050360708914,0,13.8961584568024
"sternoclavicular","scapular plane elevation",2,4,4,5,4,9,10,10,TRUE,-297.564316822404,663.54866094326,21,280,26,0.0636796538338734,0.00221892138059986,28.6984723256208,0.9999987645852,-0.186291560553231,1,41.3946115970612
"sternoclavicular","scapular plane elevation",2,4,4,5,4,10,11,11,TRUE,-311.908130973953,698.752482322401,23,280,26,0.0620832619650138,0.00154039210992459,40.30354450988,0.999998868995746,-0.189826016017082,1,75.5010538101196
"scapulothoracic","scapular plane elevation",2,10,6,,6,1,2,2,TRUE,-4638.67319218217,9297.00551252797,5,2327,51,5.50140736181681,0.973517166916349,5.65106353413646,0.992343476381677,0.78162847917973,0,9.50936532020569
"scapulothoracic","scapular plane elevation",2,10,6,,6,2,3,3,TRUE,-3252.48898426484,6532.50074795876,7,2327,51,1.48082841703924,0.413428480489146,3.58182487884531,0.998051055673127,0.780820636828927,0,11.8551197052002
"scapulothoracic","scapular plane elevation",2,10,6,,6,3,4,4,TRUE,-2360.28006823275,4755.94656716003,9,2327,51,0.898381611886144,0.211723957694324,4.24317409172551,0.999228241004863,0.783290228966854,0,15.5519938468933
"scapulothoracic","scapular plane elevation",2,10,6,,6,4,5,5,TRUE,-1877.97348687784,3799.19705571565,11,2327,51,0.835134629399114,0.155259348910494,5.37896516544433,0.999559803734264,0.784067134222961,0,16.3600039482117
"scapulothoracic","scapular plane elevation",2,10,6,,6,5,6,6,TRUE,-1628.10010263216,3307.31393848973,13,2327,51,0.774856992197099,0.18568736531445,4.17291176965608,0.999678141286431,0.78469862192332,0,45.6861684322357
"scapulothoracic","scapular plane elevation",2,10,6,,6,6,7,7,TRUE,-1523.5767600588,3106.13090460847,15,2327,51,0.743361621892934,0.169151187091413,4.39465802561115,0.999733729630791,0.784510338229431,0,64.8365676403046
"scapulothoracic","scapular plane elevation",2,10,6,,6,7,8,8,TRUE,-1428.61603636601,2924.07310848834,17,2327,51,0.712157219668198,0.0877701632168943,8.11388738002391,0.9997792138859,0.785002307999775,0,47.5082473754883
"scapulothoracic","scapular plane elevation",2,10,6,,6,8,9,9,TRUE,-1363.91654200349,2802.53777102875,19,2327,51,0.677217786115559,0.0587063030101381,11.5356912527537,0.999813888915628,0.784527069243654,0,85.4103760719299
"scapulothoracic","scapular plane elevation",2,10,6,,6,9,10,10,TRUE,-1262.04965825011,2606.66765478742,21,2327,51,0.634155109246152,0.0531609711698078,11.9289601994012,0.999845434836488,0.784035582510933,0,139.428819894791
"scapulothoracic","scapular plane elevation",2,10,6,,6,10,11,11,TRUE,-1214.19298908179,2518.81796771625,23,2327,51,0.584278710167258,0.0563445490454008,10.3697468533551,0.999868176661324,0.784092020591258,0,156.833715200424
"glenohumeral","scapular plane elevation",2,10,6,9,6,1,2,2,TRUE,-3957.6598853762,7930.54238294102,5,1997,21,3.4372141271755,1.46302631016174,2.34938640768224,0.997290732862743,0.948437098498138,0,8.90956974029541
"glenohumeral","scapular plane elevation",2,10,6,9,6,2,3,3,TRUE,-3016.79637177195,6054.90440060796,7,1997,21,1.61946212937274,0.918812635550283,1.76255970664011,0.999031177596641,0.948816698443314,0,10.7139325141907
"glenohumeral","scapular plane elevation",2,10,6,9,6,3,4,4,TRUE,-2249.36522286213,4526.13114766377,9,1997,21,1.32679821076927,0.397789140379411,3.33543095093992,0.999589601889764,0.949276287078304,0,12.9658942222595
"glenohumeral","scapular plane elevation",2,10,6,9,6,4,5,5,TRUE,-1812.11632700264,3657.72240082023,11,1997,21,1.18521533795012,0.379484383036855,3.12322559485935,0.999758715406712,0.949474590634925,0,31.3091943264008
"glenohumeral","scapular plane elevation",2,10,6,9,6,5,6,6,TRUE,-1468.27312621234,2976.12504411509,13,1997,21,1.06924006055246,0.254389594661744,4.20315957488041,0.999843779083806,0.949445240077196,0,38.1895673274994
"glenohumeral","scapular plane elevation",2,10,6,9,6,6,7,7,TRUE,-1346.89748032749,2739.46279722084,15,1997,21,1.01199030588658,0.239150653787716,4.23160166973612,0.999871846949299,0.94942568539232,0,47.9500784873962
"glenohumeral","scapular plane elevation",2,10,6,9,6,7,8,8,TRUE,-1261.45804800202,2574.67297744535,17,1997,21,0.973940478608629,0.203760284442871,4.77983470268318,0.999889838086261,0.949398531099767,0,78.1593594551086
"glenohumeral","scapular plane elevation",2,10,6,9,6,8,9,9,TRUE,-1202.00807147904,2461.86206927482,19,1997,21,0.941878925377706,0.183078460775173,5.14467360818795,0.999903322456789,0.949321439397206,0,97.9488987922668
"glenohumeral","scapular plane elevation",2,10,6,9,6,9,10,10,TRUE,-1174.82893646592,2413.59284412403,21,1997,21,0.907720093166851,0.183490317789541,4.9469645270765,0.999912553663452,0.949319044256338,0,98.170618057251
"glenohumeral","scapular plane elevation",2,10,6,9,6,10,11,11,TRUE,-1158.25593103636,2386.53587814035,23,1997,21,0.8731884443465,0.164029670265196,5.32335670086253,0.999920213618922,0.949363140631708,0,111.722598314285
"sternoclavicular","sagittal plane elevation",2,8,6,9,6,1,2,2,TRUE,-1968.12159837522,3950.10614036165,5,1156,16,2.00814435881743,1.24298847158463,1.6155776217758,0.979039400594729,0.13599348262473,0,1.55504465103149
"sternoclavicular","sagittal plane elevation",2,8,6,9,6,2,3,3,TRUE,-733.797606977917,1487.00333501151,7,1156,16,0.647539566658224,0.343539849960018,1.8849037942282,0.997850137192066,0.151736960728842,0,3.92477345466614
"sternoclavicular","sagittal plane elevation",2,8,6,9,6,3,4,4,TRUE,-457.340916430956,939.63513136207,9,1156,16,0.501268055226659,0.200389946187818,2.50146309614176,0.998781070367618,0.150326669678101,0,5.12015247344971
"sternoclavicular","sagittal plane elevation",2,8,6,9,6,4,5,5,TRUE,-214.285342099499,459.069160143636,11,1156,16,0.464063814070767,0.160231408831893,2.89621003431132,0.999279032631868,0.148598458555458,0,9.97005009651184
"sternoclavicular","sagittal plane elevation",2,8,6,9,6,5,6,6,TRUE,-94.6190041169199,225.281661622957,13,1156,16,0.407823516566881,0.129713679772596,3.14402858111687,0.999464686277495,0.149280773612321,0,21.297089099884
"sternoclavicular","sagittal plane elevation",2,8,6,9,6,6,7,7,TRUE,12.7879198744778,16.0129910846411,15,1156,16,0.416314992230885,0.0911073179111681,4.56950113092784,0.99958666255066,0.148950008816506,0,29.9026882648468
"sternoclavicular","sagittal plane elevation",2,8,6,9,6,7,8,8,TRUE,41.4370894522006,-35.7401706263249,17,1156,16,0.412872317073259,0.0693689824910331,5.95182893343762,0.999632627927009,0.14896158355866,0,27.0277059078217
"sternoclavicular","sagittal plane elevation",2,8,6,9,6,8,9,9,TRUE,197.943714665026,-343.208243607496,19,1156,16,0.348576505997164,0.0628568913921912,5.54555750812182,0.999750965865344,0.149206779702522,0,30.1949996948242
"sternoclavicular","sagittal plane elevation",2,8,6,9,6,9,10,10,TRUE,177.348842945133,-296.47332272323,21,1156,16,0.355701380997839,0.0599816650811589,5.93016850260081,0.999759278310392,0.149364360727996,0,28.5864708423615
"sternoclavicular","sagittal plane elevation",2,8,6,9,6,10,11,11,TRUE,143.848834081244,-223.928127550973,23,1156,16,0.367414362561395,0.0536382266113529,6.84986036588371,0.999761373106235,0.14899213881798,0,47.6264324188232
"acromioclavicular","sagittal plane elevation",2,10,3,6,3,1,2,2,TRUE,-1666.82875441949,3346.48225562628,5,1024,13,2.88123824070587,0.695175484495755,4.14462003474673,0.990081819205649,0.0457964192068367,0,2.55433702468872
"acromioclavicular","sagittal plane elevation",2,10,3,6,3,2,3,3,TRUE,-727.109976710974,1472.17459892418,7,1024,13,0.654660987789476,0.3372874512321,1.94095862564119,0.998622554990697,0.0683059485866172,0,6.80439519882202
"acromioclavicular","sagittal plane elevation",2,10,3,6,3,3,4,4,TRUE,-667.008554446633,1357.10165311042,9,1024,13,0.602074171207742,0.323664926004,1.86017737121229,0.998878630452703,0.0664919343925916,0,7.41117477416992
"acromioclavicular","sagittal plane elevation",2,10,3,6,3,4,5,5,TRUE,-429.302943012532,886.82032895714,11,1024,13,0.411188676371954,0.231939456335847,1.77282762867459,0.999377527168165,0.0671726603489137,0,10.5959181785583
"acromioclavicular","sagittal plane elevation",2,10,3,6,3,5,6,6,TRUE,-139.16930687772,311.68295540244,13,1024,13,0.389085926088499,0.151872864647794,2.56191866131466,0.999691710276706,0.0704686852709062,0,23.6761434078217
"acromioclavicular","sagittal plane elevation",2,10,3,6,3,6,7,7,TRUE,-143.313454051449,325.101148464821,15,1024,13,0.388052205936289,0.134895312296612,2.87669155680539,0.999716412941821,0.0752260769391541,0,32.6946601867676
"acromioclavicular","sagittal plane elevation",2,10,3,6,3,7,8,8,TRUE,-73.985610831996,191.575360740838,17,1024,13,0.37341292728788,0.110139920997683,3.39035041886162,0.999782740581811,0.069744008917588,0,24.7399370670319
"acromioclavicular","sagittal plane elevation",2,10,3,6,3,8,9,9,TRUE,-47.3948143406067,143.523666472983,19,1024,13,0.351705390072535,0.079443980205401,4.42708672404388,0.999819981069982,0.0625173558497875,0,30.6241931915283
"acromioclavicular","sagittal plane elevation",2,10,3,6,3,9,10,10,TRUE,-93.9802290113716,241.824394529435,21,1024,13,0.368325267674172,0.0787873256051416,4.67493045163263,0.999818475624871,0.0653018993689443,0,42.5019953250885
"acromioclavicular","sagittal plane elevation",2,10,3,6,3,10,11,11,TRUE,-7.71541540229825,74.4246660262118,23,1024,13,0.328384928689672,0.0550292264760462,5.96746401355678,0.999854065482961,0.0756036916602154,0,41.2084307670593
"scapulothoracic","sagittal plane elevation",2,10,6,6,6,1,2,2,TRUE,-6927.72759433358,13873.6431194658,5,3022,38,5.68656665354161,1.26182951360518,4.50660457076684,0.979937746664136,0.682168007118102,0,8.55347561836243
"scapulothoracic","sagittal plane elevation",2,10,6,6,6,2,3,3,TRUE,-3742.22010832728,7509.90331977264,7,3022,38,1.32835283951505,0.534998834134998,2.48290791448689,0.997900212899514,0.676923683549519,0,19.6184437274933
"scapulothoracic","sagittal plane elevation",2,10,6,6,6,3,4,4,TRUE,-2959.38311547997,5951.50450639748,9,3022,38,1.14878570993227,0.378292323698544,3.03676717174869,0.99887032896822,0.677929997613992,0,39.3237357139587
"scapulothoracic","sagittal plane elevation",2,10,6,6,6,4,5,5,TRUE,-1900.29680234628,3840.60705244956,11,3022,38,0.836843620994418,0.24482615368482,3.41811366310047,0.999501469664876,0.681452083660214,0,46.8984587192535
"scapulothoracic","sagittal plane elevation",2,10,6,6,6,5,6,6,TRUE,-1270.52829667119,2588.34521341882,13,3022,38,0.821327447734874,0.198915074515247,4.12903571906973,0.999706774707358,0.682874711933606,0,80.5243291854858
"scapulothoracic","sagittal plane elevation",2,10,6,6,6,6,7,7,TRUE,-1223.78934190562,2502.14247620713,15,3022,38,0.795187105417841,0.19235769211455,4.13389813880852,0.999743160599219,0.683665877950519,0,89.3926465511322
"scapulothoracic","sagittal plane elevation",2,10,6,6,6,7,8,8,TRUE,-1153.67048374108,2369.17993219752,17,3022,38,0.779852064256597,0.173243101166457,4.50148986600796,0.999768313165653,0.68281840341816,0,80.5739982128143
"scapulothoracic","sagittal plane elevation",2,10,6,6,6,8,9,9,TRUE,-999.16123632992,2067.43660969464,19,3022,38,0.766070014132473,0.140607351500704,5.44829275252108,0.999803746178332,0.683192295378398,0,146.038973093033
"scapulothoracic","sagittal plane elevation",2,10,6,6,6,9,10,10,TRUE,-940.254851291285,1956.89901193682,21,3022,38,0.747019051579775,0.144849466178583,5.15720955891398,0.999826655957179,0.683427122327074,0,151.333349704742
"scapulothoracic","sagittal plane elevation",2,10,6,6,6,10,11,11,TRUE,-932.566046371122,1948.79657441595,23,3022,38,0.738441818387689,0.119452663085258,6.18187823791449,0.999841502334169,0.683725762656494,0,189.466649532318
"glenohumeral","sagittal plane elevation",2,10,6,8,6,1,2,2,TRUE,-6607.59470450781,13232.8212116387,5,2638,34,5.54063004018618,1.40467492728664,3.94442154021274,0.989097583161355,0.902819345751246,0,11.6762583255768
"glenohumeral","sagittal plane elevation",2,10,6,8,6,2,3,3,TRUE,-3584.6252697123,7193.93506309692,7,2638,34,1.50199377218023,0.592490553228703,2.53505100460303,0.999059959496228,0.903533427028965,0,15.2397608757019
"glenohumeral","sagittal plane elevation",2,10,6,8,6,3,4,4,TRUE,-2697.81765541212,5427.37255554578,9,2638,34,1.1615162267459,0.403826740328032,2.87627368559692,0.999577668187989,0.904518663694454,0,26.6966071128845
"glenohumeral","sagittal plane elevation",2,10,6,8,6,4,5,5,TRUE,-2140.2753227768,4319.34061132437,11,2638,34,0.871431615623875,0.349676292215066,2.49210951678677,0.999758055292291,0.903979055081994,0,36.3708510398865
"glenohumeral","sagittal plane elevation",2,10,6,8,6,5,6,6,TRUE,-1629.43099521239,3304.70467724478,13,2638,34,0.718143890415653,0.243295895135006,2.95173040226244,0.999857482028291,0.904185257164885,0,51.4616575241089
"glenohumeral","sagittal plane elevation",2,10,6,8,6,6,7,7,TRUE,-1487.4039553416,3027.70331855245,15,2638,34,0.682040869248349,0.232411671985947,2.93462399465716,0.999887642226143,0.90459123210988,0,114.122193336487
"glenohumeral","sagittal plane elevation",2,10,6,8,6,7,8,8,TRUE,-1292.31725585335,2644.58264062517,17,2638,34,0.655188433857984,0.179383118417782,3.65245313849464,0.999915099695064,0.904785286467508,0,103.596116781235
"glenohumeral","sagittal plane elevation",2,10,6,8,6,8,9,9,TRUE,-1273.44783183283,2613.89651363336,19,2638,34,0.641438400111369,0.174756428179297,3.6704709909341,0.999926381121841,0.905008439562117,0,128.422183275223
"glenohumeral","sagittal plane elevation",2,10,6,8,6,9,10,10,TRUE,-1296.23622057184,2666.52601216062,21,2638,34,0.603931334486644,0.155751792147781,3.8775241437583,0.999932393777766,0.904424350910139,0,118.718871116638
"glenohumeral","sagittal plane elevation",2,10,6,8,6,10,11,11,TRUE,-1228.33243805479,2537.77116817575,23,2638,34,0.585567028593775,0.142493764281728,4.10942213187685,0.999942895359609,0.903852711315406,0,176.415949344635
"sternoclavicular","horizontal flexion",2,10,9,9,9,1,2,2,TRUE,-1627.04128147545,3265.59548841588,5,917,10,2.73556023653261,1.05329532861786,2.59714456355011,0.916029802111903,0.000199299493557792,0,2.32670068740845
"sternoclavicular","horizontal flexion",2,10,9,9,9,2,3,3,TRUE,-565.50180174398,1147.12169913892,7,917,10,0.795880556293129,0.312303068012216,2.54842375183454,0.992696480403836,0.0236342717402815,0,3.89253187179565
"sternoclavicular","horizontal flexion",2,10,9,9,9,3,4,4,TRUE,-406.819901996917,834.36306983078,9,917,10,0.707070811889116,0.208674713579439,3.38838759982266,0.995231217553268,0.0303923521579172,0,6.04277205467224
"sternoclavicular","horizontal flexion",2,10,9,9,9,4,5,5,TRUE,-77.2698240815038,179.868084185942,11,917,10,0.446806659091046,0.130985153405591,3.4111244478794,0.997912653483413,-0.0520348314251597,0,10.9312889575958
"sternoclavicular","horizontal flexion",2,10,9,9,9,5,6,6,TRUE,162.183946163087,-294.434286117251,13,917,10,0.329328033466948,0.105904153625136,3.10968004741963,0.99885370250991,-0.07380242970219,0,19.0751011371613
"sternoclavicular","horizontal flexion",2,10,9,9,9,6,7,7,TRUE,321.397496098488,-608.256215802066,15,917,10,0.236239732704374,0.0770144348131991,3.06747343244654,0.999333614843955,-0.326524115741713,0,29.7481367588043
"sternoclavicular","horizontal flexion",2,10,9,9,9,7,8,8,TRUE,461.206848037594,-883.269749494289,17,917,10,0.198984890707467,0.0505951263565746,3.93288652557362,0.99949082122652,-0.53431171476768,0,34.4221973419189
"sternoclavicular","horizontal flexion",2,10,9,9,9,8,9,9,TRUE,597.728710420014,-1151.70830407314,19,917,10,0.174193707685679,0.039507755607083,4.40910158041094,0.999654041105163,-0.640490243821508,0,27.962559223175
"sternoclavicular","horizontal flexion",2,10,9,9,9,9,10,10,TRUE,611.055582199091,-1173.75687744531,21,917,10,0.158517024123549,0.0316958875166815,5.00118584911438,0.999677481613623,-0.224678767121838,0,36.357971906662
"sternoclavicular","horizontal flexion",2,10,9,9,9,10,11,11,TRUE,677.19299933815,-1301.42654153744,23,917,10,0.156885408930871,0.030839634670451,5.08713577859566,0.999741718116059,-0.227698353677732,0,40.5828907489777
"acromioclavicular","horizontal flexion",2,10,5,,5,1,2,2,TRUE,-1630.18725109939,3271.36062508546,5,900,9,2.08558422171384,1.29983414133243,1.60450026306891,0.974759095460663,0.00329605585079562,0,3.18973827362061
"acromioclavicular","horizontal flexion",2,10,5,,5,2,3,3,TRUE,-908.191598368719,1831.76376877879,7,900,9,1.04030918207253,0.476734145054205,2.1821579026068,0.995406564373621,-0.0237816704267602,0,5.11705255508423
"acromioclavicular","horizontal flexion",2,10,5,,5,3,4,4,TRUE,-444.819585249913,909.414191695852,9,900,9,0.509253088105487,0.328423263827297,1.55059992453299,0.998522908779179,-0.0208359069990185,0,10.0007691383362
"acromioclavicular","horizontal flexion",2,10,5,,5,4,5,5,TRUE,-246.6000664631,517.369603276899,11,900,9,0.451501563065097,0.226229053568387,1.99577178944707,0.999144687507475,-0.0267483497280614,0,14.4086277484894
"acromioclavicular","horizontal flexion",2,10,5,,5,5,6,6,TRUE,-140.545809509664,309.655538524699,13,900,9,0.327686791316608,0.141586220287971,2.31439747914824,0.999396960643506,-0.0302914987267267,0,16.1769852638245
"acromioclavicular","horizontal flexion",2,10,5,,5,6,7,7,TRUE,79.9472940216392,-126.936219383235,15,900,9,0.288281834419111,0.0860545245308833,3.34999043909252,0.999665229589699,-0.0297399516829131,0,21.9778695106506
"acromioclavicular","horizontal flexion",2,10,5,,5,7,8,8,TRUE,233.180604458514,-429.008391102313,17,900,9,0.246003186084888,0.0750334061637564,3.27858214976939,0.999783268975827,-0.0311940038723437,0,22.5407679080963
"acromioclavicular","horizontal flexion",2,10,5,,5,8,9,9,TRUE,340.064130378015,-638.380993786642,19,900,9,0.207268228483224,0.0599265920342905,3.45870207944786,0.999843099597089,-0.0278600243776321,0,43.1198832988739
"acromioclavicular","horizontal flexion",2,10,5,,5,9,10,10,TRUE,436.720912094131,-827.300108064202,21,900,9,0.167940120752632,0.0446864304667116,3.75819055132935,0.999882063620002,-0.0260904459035054,0,53.0578968524933
"acromioclavicular","horizontal flexion",2,10,5,,5,10,11,11,TRUE,520.888423081194,-991.240680883655,23,900,9,0.158890078931589,0.0373560398564952,4.25339729644714,0.999906662746148,-0.0265116320358154,0,81.5405035018921
"scapulothoracic","horizontal flexion",2,8,5,9,5,1,2,2,TRUE,-2854.86171749286,5723.889501706,5,1312,17,4.19995949715798,0.830341652419363,5.05811009831987,0.970677341380376,-0.0415071071620412,0,2.98695492744446
"scapulothoracic","horizontal flexion",2,8,5,9,5,2,3,3,TRUE,-1285.31431482594,2590.46112306027,7,1312,17,1.19752494048243,0.345912527350293,3.46192995569005,0.997703553445111,-0.0213148013459787,0,5.86096692085266
"scapulothoracic","horizontal flexion",2,8,5,9,5,3,4,4,TRUE,-641.857692478486,1309.21430505348,9,1312,17,0.604194249105212,0.22593015302998,2.67425237845538,0.999237830573541,-0.0207944390040464,0,10.8514933586121
"scapulothoracic","horizontal flexion",2,8,5,9,5,4,5,5,TRUE,-183.215811994591,397.596970773801,11,1312,17,0.430804737870014,0.156436247418922,2.75386775749202,0.999670049694853,-0.0217079580022879,0,14.7877471446991
"scapulothoracic","horizontal flexion",2,8,5,9,5,5,6,6,TRUE,-84.9505657036758,206.732904880083,13,1312,17,0.378750105991622,0.131886963247079,2.87177820056457,0.999744520006075,-0.0197495428389072,0,22.0939311981201
"scapulothoracic","horizontal flexion",2,8,5,9,5,6,7,7,TRUE,254.200004757664,-465.901809354485,15,1312,17,0.291643331330508,0.0993035767622446,2.93688647317073,0.999869944860035,-0.0152263788515767,0,24.0031929016113
"scapulothoracic","horizontal flexion",2,8,5,9,5,7,8,8,TRUE,373.468693598167,-698.772760347379,17,1312,17,0.251688022450602,0.060310518952205,4.17320273184948,0.999906388730501,-0.0137351765124725,0,35.1238420009613
"scapulothoracic","horizontal flexion",2,8,5,9,5,8,9,9,TRUE,437.632935450394,-821.43481736372,19,1312,17,0.238456742616882,0.0663155397988654,3.59578981548096,0.999924943485056,-0.0147986852767512,0,58.2496573925018
"scapulothoracic","horizontal flexion",2,8,5,9,5,9,10,10,TRUE,431.338591024596,-803.179701824012,21,1312,17,0.234923908340225,0.0593083411919624,3.9610601749904,0.9999315459783,-0.0156650023029909,0,45.3962059020996
"scapulothoracic","horizontal flexion",2,8,5,9,5,10,11,11,TRUE,412.285211843775,-759.406516774257,23,1312,17,0.233549401885793,0.0573537262519797,4.07208767673977,0.999936907793443,-0.0166826322887144,0,57.8528304100037
"glenohumeral","horizontal flexion",2,10,8,10,8,1,2,2,TRUE,-2240.87714617558,4492.74041523783,5,900,9,6.03108856470711,1.53110289835194,3.9390484932129,0.907037138884091,0.208364841543779,0,3.92575883865356
"glenohumeral","horizontal flexion",2,10,8,10,8,2,3,3,TRUE,-1245.54975593124,2506.48008390384,7,900,9,1.28313804057255,0.628087134694065,2.04292998486198,0.990932658604242,0.215283954515849,0,6.22514081001282
"glenohumeral","horizontal flexion",2,10,8,10,8,3,4,4,TRUE,-687.460913841033,1394.69684887809,9,900,9,0.591749643825171,0.416626752542791,1.42033520462514,0.997648922788431,0.235732797191193,0,5.42305445671082
"glenohumeral","horizontal flexion",2,10,8,10,8,4,5,5,TRUE,-448.207990033087,920.585450416873,11,900,9,0.520323068833761,0.274276948462478,1.89707181646343,0.998728110228286,0.234769630121136,0,13.3354942798615
"glenohumeral","horizontal flexion",2,10,8,10,8,5,6,6,TRUE,-313.364187731781,655.292294968932,13,900,9,0.514756912866595,0.239515501356884,2.14915907300545,0.999130100423477,0.235617982483154,0,19.9646375179291
"glenohumeral","horizontal flexion",2,10,8,10,8,6,7,7,TRUE,-103.644367333458,240.247103326958,15,900,9,0.429778550601299,0.116619776031184,3.68529734173368,0.999543204195546,0.231606083225558,0,24.3411726951599
"glenohumeral","horizontal flexion",2,10,8,10,8,7,8,8,TRUE,30.327995674061,-23.3031735334063,17,900,9,0.368376833382117,0.0981686619951725,3.75248909270285,0.99966615874772,0.233546710921304,0,29.7981045246124
"glenohumeral","horizontal flexion",2,10,8,10,8,8,9,9,TRUE,134.829479777549,-227.91169258571,19,900,9,0.327712417203624,0.0804969486875413,4.0711160180205,0.999757215495146,0.232826516597042,0,27.4463701248169
"glenohumeral","horizontal flexion",2,10,8,10,8,9,10,10,TRUE,168.699120044906,-291.256523965752,21,900,9,0.309297599744063,0.0715720392009139,4.32148647987821,0.999790295480875,0.234479556615962,0,35.7798247337341
"glenohumeral","horizontal flexion",2,10,8,10,8,10,11,11,TRUE,182.278379939479,-314.020594600226,23,900,9,0.304732469628205,0.0641226825144315,4.75233501904138,0.999810617463451,0.234528535269458,0,39.8053386211395
"sternoclavicular","internal-external rotation 0 degree-abducted",2,8,6,,6,1,2,2,TRUE,219.801971284118,-427.179409319297,5,1200,12,0.317378573264795,0.14796796684514,2.14491406506217,0.998516507667029,0.0140479049731145,0,4.32439994812012
"sternoclavicular","internal-external rotation 0 degree-abducted",2,8,6,,6,2,3,3,TRUE,414.475371696479,-811.556396844442,7,1200,12,0.314616239063131,0.107146847654614,2.93630886908862,0.999032610302963,0.0754441399215661,0,8.45907163619995
"sternoclavicular","internal-external rotation 0 degree-abducted",2,8,6,,6,3,4,4,TRUE,1008.02760143086,-1993.69104301362,9,1200,12,0.125882015209331,0.0714241116988425,1.76245825415525,0.999687586625968,-0.279541530196216,0,17.8690140247345
"sternoclavicular","internal-external rotation 0 degree-abducted",2,8,6,,6,4,5,5,TRUE,1236.95678351461,-2446.57959388155,11,1200,12,0.113909693463729,0.0612892834407336,1.85855808828111,0.999795070165469,-0.148035095972509,0,30.8539712429047
"sternoclavicular","internal-external rotation 0 degree-abducted",2,8,6,,6,5,6,6,TRUE,1498.40962557584,-2964.51546470444,13,1200,12,0.101642858290233,0.0423123600002967,2.40220253111667,0.999869548519747,-0.0913884913606677,0,23.4768657684326
"sternoclavicular","internal-external rotation 0 degree-abducted",2,8,6,,6,6,7,7,TRUE,1533.61030111337,-3029.94700247993,15,1200,12,0.102266851985931,0.0338476296946473,3.02138888035944,0.999884387587376,0.00609189526103082,0,34.9226186275482
"sternoclavicular","internal-external rotation 0 degree-abducted",2,8,6,,6,7,8,8,TRUE,1562.47966672641,-3082.71592040642,17,1200,12,0.103741189746818,0.0273085250052995,3.79885730652555,0.999894373526153,-0.0668009548735264,0,38.580915927887
"sternoclavicular","internal-external rotation 0 degree-abducted",2,8,6,,6,8,9,9,TRUE,1625.58799815785,-3203.96276996972,19,1200,12,0.10268766573716,0.0281419067752336,3.64892352736848,0.999898031169469,-0.0971669173985683,0,49.8002328872681
"sternoclavicular","internal-external rotation 0 degree-abducted",2,8,6,,6,9,10,10,FALSE,,,,1200,,,,,,,,1397.64803266525
"sternoclavicular","internal-external rotation 0 degree-abducted",2,8,6,,6,10,11,11,FALSE,,,,1200,,,,,,,,1220.56765437126
"acromioclavicular","internal-external rotation 0 degree-abducted",2,8,6,6,6,1,2,2,TRUE,-726.215425597169,1464.85538444328,5,1200,12,0.731750629532931,0.274229974418926,2.66838310102117,0.997584764682988,-0.0452441159166475,0,4.65687251091003
"acromioclavicular","internal-external rotation 0 degree-abducted",2,8,6,6,6,2,3,3,TRUE,-117.934652782641,253.263652113799,7,1200,12,0.353951557953173,0.218033438196482,1.62338199535342,0.999196861072152,-0.0161974345499287,0,8.75126767158508
"acromioclavicular","internal-external rotation 0 degree-abducted",2,8,6,6,6,3,4,4,TRUE,170.102969192842,-317.841778537591,9,1200,12,0.236956118498984,0.179340745466495,1.32126203603438,0.999564598329228,-0.0520031000584174,0,13.5138852596283
"acromioclavicular","internal-external rotation 0 degree-abducted",2,8,6,6,6,4,5,5,TRUE,491.30513987571,-955.276306603752,11,1200,12,0.184683975069926,0.123801522377702,1.49177466902612,0.999753817982384,-0.105757835263831,0,20.6188077926636
"acromioclavicular","internal-external rotation 0 degree-abducted",2,8,6,6,6,5,6,6,TRUE,570.766444612301,-1109.22910277736,13,1200,12,0.194447910482669,0.0901740760662962,2.15636155051603,0.999794443046381,-0.0762687779002051,0,37.7744972705841
"acromioclavicular","internal-external rotation 0 degree-abducted",2,8,6,6,6,6,7,7,TRUE,567.986005396059,-1098.6984110453,15,1200,12,0.184666656408305,0.0930004758067705,1.98565281313175,0.999812421480033,-0.139791504258546,0,34.6573355197906
"acromioclavicular","internal-external rotation 0 degree-abducted",2,8,6,6,6,7,8,8,TRUE,666.11782982136,-1289.99224659632,17,1200,12,0.184646147029361,0.0867302177345113,2.12897133032202,0.999849772393032,-0.0782185145763974,0,39.1658627986908
"acromioclavicular","internal-external rotation 0 degree-abducted",2,8,6,6,6,8,9,9,TRUE,705.798070066943,-1364.38291378791,19,1200,12,0.184489113240539,0.0792671420769797,2.32743490438161,0.999841593856557,-0.0218853797331531,0,50.890655040741
"acromioclavicular","internal-external rotation 0 degree-abducted",2,8,6,6,6,9,10,10,FALSE,,,,1200,,,,,,,,1205.00264763832
"acromioclavicular","internal-external rotation 0 degree-abducted",2,8,6,6,6,10,11,11,FALSE,,,,1200,,,,,,,,1064.23108530045
"scapulothoracic","internal-external rotation 0 degree-abducted",2,10,6,,6,1,2,2,TRUE,-2626.270082273,5269.71010056842,5,2525,31,1.6787823316458,0.387489829856631,4.33245520861009,0.994362520731408,0.00750583071172806,0,9.62899947166443
"scapulothoracic","internal-external rotation 0 degree-abducted",2,10,6,,6,2,3,3,TRUE,-1881.76995541129,3787.57782125397,7,2525,31,1.07870605923768,0.279701370897044,3.85663486660116,0.997114390005709,0.00803667015383391,0,13.8108139038086
"scapulothoracic","internal-external rotation 0 degree-abducted",2,10,6,,6,3,4,4,TRUE,-1080.12101949223,2191.14792382484,9,2525,31,0.861371504585273,0.204878103911592,4.20431216484202,0.998621022074463,-0.0037312528172142,0,17.0457091331482
"scapulothoracic","internal-external rotation 0 degree-abducted",2,10,6,,6,4,5,5,TRUE,-790.782111101023,1619.33808145138,11,2525,31,0.796059952480944,0.150406983646996,5.29270605113186,0.998969879118348,-0.070222994191711,0,22.3198065757751
"scapulothoracic","internal-external rotation 0 degree-abducted",2,10,6,,6,5,6,6,TRUE,-650.566569535084,1345.77497272848,13,2525,31,0.788108808733739,0.128046794223902,6.15484997895112,0.999108071610134,-0.0705122465090928,0,34.9541628360748
"scapulothoracic","internal-external rotation 0 degree-abducted",2,10,6,,6,6,7,7,TRUE,-567.172290074854,1185.85438821698,15,2525,31,0.744717934533222,0.116454338351136,6.39493508852997,0.999205824633953,-0.0185494984934393,0,53.9426403045654
"scapulothoracic","internal-external rotation 0 degree-abducted",2,10,6,,6,7,8,8,TRUE,-527.288832518988,1112.95544751422,17,2525,31,0.753319917147689,0.111591897943593,6.75066856133652,0.999260997314736,-0.0203786940940776,0,70.4662878513336
"scapulothoracic","internal-external rotation 0 degree-abducted",2,10,6,,6,8,9,9,TRUE,-451.871941856807,968.989640598832,19,2525,31,0.730895282255352,0.114592439787531,6.3782155577674,0.999337457158647,-0.0199189048439812,0,79.0455060005188
"scapulothoracic","internal-external rotation 0 degree-abducted",2,10,6,,6,9,10,10,TRUE,-389.80769769208,851.729126678349,21,2525,31,0.72151546745149,0.0908911068147383,7.93824052469888,0.999399289754906,-0.0282900699544739,0,107.901313304901
"scapulothoracic","internal-external rotation 0 degree-abducted",2,10,6,,6,10,11,11,TRUE,-352.369608053291,783.720921809739,23,2525,31,0.710952870216388,0.0972468026391698,7.31080972249904,0.999435746115626,-0.0518019423849965,0,124.105510473251
"glenohumeral","internal-external rotation 0 degree-abducted",2,10,5,6,5,1,2,2,TRUE,-4321.90083829601,8660.97161261444,5,2525,31,2.49317597000346,0.780583429367091,3.19399038745284,0.989463026631942,-0.0490443367816451,0,6.95399475097656
"glenohumeral","internal-external rotation 0 degree-abducted",2,10,5,6,5,2,3,3,TRUE,-2835.11200260634,5694.26191564408,7,2525,31,1.31345294514962,0.504655690348612,2.60267142582361,0.997137138764134,0.00968924667229176,0,11.1817338466644
"glenohumeral","internal-external rotation 0 degree-abducted",2,10,5,6,5,3,4,4,TRUE,-2150.97912458863,4332.86413401763,9,2525,31,0.957881630631631,0.366249415348329,2.61538064086906,0.998491635043343,-0.00306367916256733,0,17.1287961006165
"glenohumeral","internal-external rotation 0 degree-abducted",2,10,5,6,5,4,5,5,TRUE,-1765.69364209414,3569.16114343762,11,2525,31,0.821038414243381,0.308130812422923,2.66457744938689,0.998916242276949,-0.0155970904603069,0,28.4209232330322
"glenohumeral","internal-external rotation 0 degree-abducted",2,10,5,6,5,5,6,6,TRUE,-1612.92570254593,3270.49323875017,13,2525,31,0.825936970801634,0.241160744719911,3.4248400242788,0.999109714211783,-0.0348404166717564,0,46.4277768135071
"glenohumeral","internal-external rotation 0 degree-abducted",2,10,5,6,5,6,7,7,TRUE,-1578.7418007674,3208.99340960208,15,2525,31,0.819834084967777,0.227366236904207,3.60578640052518,0.999185133780353,-0.043358525539045,0,63.8837141990662
"glenohumeral","internal-external rotation 0 degree-abducted",2,10,5,6,5,7,8,8,TRUE,-1377.21773189913,2812.81324627451,17,2525,31,0.811268505017284,0.209648678440341,3.86965713808754,0.99932987633266,-0.0195594730739053,0,56.3792409896851
"glenohumeral","internal-external rotation 0 degree-abducted",2,10,5,6,5,8,9,9,TRUE,-1233.58357749178,2532.41291186879,19,2525,31,0.792148758782804,0.178939311291571,4.42691297437736,0.999446857213865,-0.00797246260387019,0,55.8469393253326
"glenohumeral","internal-external rotation 0 degree-abducted",2,10,5,6,5,9,10,10,TRUE,-1232.21674806627,2536.54722742673,21,2525,31,0.752892565625073,0.164417916327405,4.5791394419927,0.999468651667536,-0.00517050472377578,0,77.0278351306915
"glenohumeral","internal-external rotation 0 degree-abducted",2,10,5,6,5,10,11,11,TRUE,-1145.57216257724,2370.12603085763,23,2525,31,0.70899722581387,0.166535718346868,4.25732829480543,0.999523209148247,-0.00641935582301056,0,90.2212300300598
"scapulothoracic","internal-external rotation 90 degree-abducted",2,9,5,10,5,1,2,2,TRUE,-4165.66781479521,8347.22589874217,5,2172,24,2.73088551439732,1.43909894569953,1.89763568555035,0.966630419817805,0.329544242500133,0,6.34838771820068
"scapulothoracic","internal-external rotation 90 degree-abducted",2,9,5,10,5,2,3,3,TRUE,-1924.02508474807,3870.29654630858,7,2172,24,1.3211715385894,0.468029417711885,2.82283866909132,0.996172881858153,0.353675878220777,0,14.4325935840607
"scapulothoracic","internal-external rotation 90 degree-abducted",2,9,5,10,5,3,4,4,TRUE,-728.707011825187,1486.01650812351,9,2172,24,0.442049891294866,0.237803199365447,1.85888958800567,0.998864229756677,0.338826329003733,0,16.9923806190491
"scapulothoracic","internal-external rotation 90 degree-abducted",2,9,5,10,5,4,5,5,TRUE,-432.044531921113,899.047655976053,11,2172,24,0.370873147177867,0.199511121693957,1.85890963886601,0.999204155635378,0.339349953462667,0,21.0576024055481
"scapulothoracic","internal-external rotation 90 degree-abducted",2,9,5,10,5,5,6,6,TRUE,-326.008596122956,693.331892040435,13,2172,24,0.340948395196192,0.189887915139097,1.79552445423628,0.999336462356692,0.333886682358618,0,28.9190104007721
"scapulothoracic","internal-external rotation 90 degree-abducted",2,9,5,10,5,6,7,7,TRUE,-179.965304321303,407.601416097825,15,2172,24,0.364531637884126,0.154822618108354,2.35451151994475,0.999453405746852,0.342448211010596,0,54.3726229667664
"scapulothoracic","internal-external rotation 90 degree-abducted",2,9,5,10,5,7,8,8,TRUE,-103.847687191954,261.722289499822,17,2172,24,0.293638275756412,0.140493589999397,2.09004749439225,0.999515085494657,0.350023285552566,0,85.042013168335
"scapulothoracic","internal-external rotation 90 degree-abducted",2,9,5,10,5,8,9,9,TRUE,6.12722733799524,48.1285681006205,19,2172,24,0.262549530099133,0.140941825705671,1.86282197484383,0.999566604639894,0.340174771610059,0,64.769957780838
"scapulothoracic","internal-external rotation 90 degree-abducted",2,9,5,10,5,9,10,10,TRUE,60.9850133318007,-55.2308962262946,21,2172,24,0.285111198444689,0.133427803137643,2.13682000108006,0.999617203035955,0.343681668235947,0,102.004242658615
"scapulothoracic","internal-external rotation 90 degree-abducted",2,9,5,10,5,10,11,11,TRUE,41.9915475381122,-10.8878569782216,23,2172,24,0.283967173655556,0.13828554096144,2.05348420146643,0.999624968023391,0.343930066342603,0,80.9676713943481
"glenohumeral","internal-external rotation 90 degree-abducted",2,10,5,10,5,1,2,2,TRUE,-3776.73791863788,7568.93104954255,5,2146,22,2.57502052805077,1.04292027211532,2.46904830301931,0.984170674614134,0.0324548600450725,0,4.28325748443604
"glenohumeral","internal-external rotation 90 degree-abducted",2,10,5,10,5,2,3,3,TRUE,-2986.07265556717,5993.78260830785,7,2146,22,1.62396595117964,0.744610284623854,2.18096094657086,0.992994164178053,0.0124545221782433,0,10.4930701255798
"glenohumeral","internal-external rotation 90 degree-abducted",2,10,5,10,5,3,4,4,TRUE,-1751.57346785907,3530.96631779836,9,2146,22,0.913972835773063,0.382172579009257,2.39151861219987,0.998024052069903,0.0443964916282723,0,16.1007146835327
"glenohumeral","internal-external rotation 90 degree-abducted",2,10,5,10,5,4,5,5,TRUE,-1273.19936558745,2580.40019816183,11,2146,22,0.793868102678984,0.263916844375592,3.00802362409727,0.998805535413563,0.0307676367658526,0,23.9189665317535
"glenohumeral","internal-external rotation 90 degree-abducted",2,10,5,10,5,5,6,6,TRUE,-1141.12469591143,2322.43294371651,13,2146,22,0.834432074693918,0.242910320061918,3.43514460184821,0.9990145593208,0.0269795493174437,0,41.605309009552
"glenohumeral","internal-external rotation 90 degree-abducted",2,10,5,10,5,6,7,7,TRUE,-954.381036637565,1955.1277100755,15,2146,22,0.71486911974476,0.22720332916918,3.14638488070945,0.999201361564791,0.0353796989018043,0,46.3941864967346
"glenohumeral","internal-external rotation 90 degree-abducted",2,10,5,10,5,7,8,8,TRUE,-751.210866908999,1554.96945552509,17,2146,22,0.665498694293388,0.180503827417061,3.68689519671916,0.999403564969645,0.0207155412345257,0,63.2819380760193
"glenohumeral","internal-external rotation 90 degree-abducted",2,10,5,10,5,8,9,9,TRUE,-702.613924435635,1463.95765548508,19,2146,22,0.702115757871851,0.188489496540426,3.72495959063303,0.999451135431957,0.00189417636630085,0,78.4851338863373
"glenohumeral","internal-external rotation 90 degree-abducted",2,10,5,10,5,9,10,10,TRUE,-652.351627187826,1369.61514589618,21,2146,22,0.689602672393058,0.164825421753642,4.18383684419615,0.999510214525969,-0.0503472636920705,0,146.078576803207
"glenohumeral","internal-external rotation 90 degree-abducted",2,10,5,10,5,10,11,11,TRUE,-634.025896756792,1339.14576994083,23,2146,22,0.64116949024796,0.151977886182281,4.21883411037145,0.999518704103777,0.000229808304048951,0,173.646254301071
"sternoclavicular","frontal plane elevation",3,9,6,10,6,1,2,2,TRUE,-3126.68231853161,6267.5307037835,5,1411,17,3.61966042015478,1.77885806957502,2.03482249768219,0.97759027257678,-0.115793548826285,0,6.23485946655273
"sternoclavicular","frontal plane elevation",3,9,6,10,6,2,3,3,TRUE,-1635.75708830724,3291.34667002288,7,1411,17,1.14754802495886,0.573450151279601,2.00112951822963,0.997619205094528,-0.286955461557622,0,9.91333389282227
"sternoclavicular","frontal plane elevation",3,9,6,10,6,3,4,4,TRUE,-1286.99365390557,2599.48622790765,9,1411,17,0.95534317664202,0.259824692866166,3.67687599705587,0.998676271465003,-0.369188702540618,0,10.2938621044159
"sternoclavicular","frontal plane elevation",3,9,6,10,6,4,5,5,TRUE,-1051.85826449143,2134.88187576747,11,1411,17,0.824326920620828,0.182691301166075,4.51213010887408,0.999133950831459,-0.345428425733155,0,16.7634651660919
"sternoclavicular","frontal plane elevation",3,9,6,10,6,5,6,6,TRUE,-915.028239863959,1866.88825320065,13,1411,17,0.800169010034102,0.110213311726818,7.26018479525825,0.999344094684215,-0.304166202987594,0,21.2494051456451
"sternoclavicular","frontal plane elevation",3,9,6,10,6,6,7,7,TRUE,-875.336798352226,1793.1717968653,15,1411,17,0.778669284134537,0.1044697023715,7.45354171073973,0.999420731490194,-0.211422694178472,0,24.4524846076965
"sternoclavicular","frontal plane elevation",3,9,6,10,6,7,8,8,TRUE,-799.227016939944,1646.61866072884,17,1411,17,0.754692069265682,0.104129063653088,7.24766019005013,0.999497868273181,-0.116742792737558,0,29.4335236549377
"sternoclavicular","frontal plane elevation",3,9,6,10,6,8,9,9,TRUE,-763.010018465549,1579.85109046817,19,1411,17,0.724298268964704,0.0677687374726479,10.6877934572271,0.999547708329008,-0.121366214604547,0,49.6989953517914
"sternoclavicular","frontal plane elevation",3,9,6,10,6,9,10,10,TRUE,-733.272203593927,1526.04188741304,21,1411,17,0.693128269003567,0.0601998610300647,11.5137852005573,0.999593629043394,-0.104875547928981,0,51.5969910621643
"sternoclavicular","frontal plane elevation",3,9,6,10,6,10,11,11,TRUE,-732.467432695093,1530.09877230348,23,1411,17,0.683088609091116,0.0557442626731411,12.2539715539236,0.999616705391064,-0.0984069211177045,0,75.5358238220215
"acromioclavicular","frontal plane elevation",3,10,8,,8,1,2,2,TRUE,-2551.82418836247,5116.84366337301,5,1210,14,2.94814196288198,1.50126835097318,1.96376747766039,0.941876507436337,0.442136856940279,0,5.2350287437439
"acromioclavicular","frontal plane elevation",3,10,8,,8,2,3,3,TRUE,-1306.78967800004,2632.05275730739,7,1210,14,1.08672304599032,0.583718325214773,1.86172508048376,0.993456423403447,0.463982476885182,0,7.04195261001587
"acromioclavicular","frontal plane elevation",3,10,8,,8,3,4,4,TRUE,-1011.46272217471,2046.67696031596,9,1210,14,0.844276560065393,0.374899717790278,2.25200638997997,0.996282776217932,0.458462346673208,0,9.24468016624451
"acromioclavicular","frontal plane elevation",3,10,8,,8,4,5,5,TRUE,-786.602707301134,1602.23504522804,11,1210,14,0.66636492431149,0.307381985361164,2.16787240647344,0.997648362549147,0.458233373124579,0,10.290652513504
"acromioclavicular","frontal plane elevation",3,10,8,,8,5,6,6,TRUE,-592.520910321598,1219.3495659282,13,1210,14,0.54245604549332,0.285854278281132,1.89766635208386,0.998430802035102,0.462908933607618,0,16.8157432079315
"acromioclavicular","frontal plane elevation",3,10,8,,8,6,7,7,TRUE,-292.400800764216,624.387461472661,15,1210,14,0.336597743649105,0.196325679521089,1.71448658407903,0.999126576190881,0.470673493031853,0,21.8309116363525
"acromioclavicular","frontal plane elevation",3,10,8,,8,7,8,8,TRUE,-105.046107236011,254.956189075482,17,1210,14,0.318712808885167,0.160459925349341,1.98624552635987,0.999421659408432,0.47087544968232,0,32.31578540802
"acromioclavicular","frontal plane elevation",3,10,8,,8,8,9,9,TRUE,-11.9781616429594,74.0984125486088,19,1210,14,0.307575800459704,0.127803947327987,2.4066220714636,0.99954030205181,0.455155295160934,0,30.7258005142212
"acromioclavicular","frontal plane elevation",3,10,8,,8,9,10,10,TRUE,47.5247757748143,-39.6293476277081,21,1210,14,0.298126841452159,0.0924719675127008,3.22396991727479,0.999608263339194,0.437716176342257,0,47.7051615715027
"acromioclavicular","frontal plane elevation",3,10,8,,8,10,11,11,TRUE,106.327993400488,-151.957668219824,23,1210,14,0.29009804497311,0.0990517789858394,2.9287514867813,0.99966551927066,0.464044480476169,0,41.3728666305542
"scapulothoracic","frontal plane elevation",3,10,7,,7,1,2,2,TRUE,-6144.29485202367,12307.5106522169,5,3378,44,4.481590710822,0.860651606528272,5.20720658257992,0.986953151613484,0.209075183878304,0,18.5938923358917
"scapulothoracic","frontal plane elevation",3,10,7,,7,2,3,3,TRUE,-4165.00832031323,8356.50596806388,7,3378,44,1.69796458655739,0.451944161173149,3.75702295201655,0.996404339379538,0.213235463719227,0,12.4459037780762
"scapulothoracic","frontal plane elevation",3,10,7,,7,3,4,4,TRUE,-2976.84817133209,5987.75404936944,9,3378,44,1.44859211668309,0.301230203262902,4.80892055641186,0.998410259771915,0.220788991105283,0,22.425350189209
"scapulothoracic","frontal plane elevation",3,10,7,,7,4,5,5,TRUE,-2100.570168437,4242.7664228471,11,3378,44,0.941003473450923,0.233530437869214,4.02946820139104,0.999160061953014,0.224978086586512,0,38.1662974357605
"scapulothoracic","frontal plane elevation",3,10,7,,7,5,6,6,TRUE,-1738.27821236493,3525.75088997081,13,3378,44,0.838619223208868,0.208026594116833,4.0313077602851,0.999385737827283,0.228717561053586,0,28.5982165336609
"scapulothoracic","frontal plane elevation",3,10,7,,7,6,7,7,TRUE,-1343.03228132413,2742.82740715704,15,3378,44,0.715902993061542,0.17381754006859,4.11870397417337,0.999576425013982,0.224347780267375,0,54.5829758644104
"scapulothoracic","frontal plane elevation",3,10,7,,7,7,8,8,TRUE,-1185.69601973723,2435.72326325106,17,3378,44,0.576338489962515,0.164554874123193,3.50240910841111,0.999641203041684,0.231551998847137,0,66.2942662239075
"scapulothoracic","frontal plane elevation",3,10,7,,7,8,9,9,TRUE,-910.008071309426,1891.9157456633,19,3378,44,0.487708340492094,0.158656054400117,3.07399766328574,0.99972939102935,0.232229803553631,0,112.808482885361
"scapulothoracic","frontal plane elevation",3,10,7,,7,9,10,10,TRUE,-841.826963384009,1763.1219090803,21,3378,44,0.430090662158209,0.137165317049636,3.13556423306754,0.999767905281401,0.231584512161639,0,143.558542251587
"scapulothoracic","frontal plane elevation",3,10,7,,7,10,11,11,TRUE,-717.551844799683,1522.14005117949,23,3378,44,0.388754159966711,0.132908428338643,2.92497748130906,0.999808466098603,0.231810156530343,0,135.943099975586
"glenohumeral","frontal plane elevation",3,10,7,7,7,1,2,2,TRUE,-6655.75346747482,13328.989472757,5,2463,33,7.7817163159093,2.34193904622964,3.32276637534069,0.991972758733431,-0.0329320876728776,0,6.54246163368225
"glenohumeral","frontal plane elevation",3,10,7,7,7,2,3,3,TRUE,-5525.66354885946,11075.8026506492,7,2463,33,4.59767385636038,1.37742625295495,3.33787296887737,0.99714991609752,-0.0307972596008055,0,10.1387448310852
"glenohumeral","frontal plane elevation",3,10,7,7,7,3,4,4,TRUE,-4599.58547169081,9230.63951143481,9,2463,33,2.82399767268877,1.08072173147104,2.61306642630833,0.998827209835727,-0.0260567535953891,0,20.5666246414185
"glenohumeral","frontal plane elevation",3,10,7,7,7,4,5,5,TRUE,-4097.36399551683,8233.1895742098,11,2463,33,1.96686253939622,0.821155118812324,2.39523872449457,0.99932126223842,-0.0317064253274499,0,32.3159854412079
"glenohumeral","frontal plane elevation",3,10,7,7,7,5,6,6,TRUE,-3865.44324256956,7776.34108343819,13,2463,33,1.72365567859559,0.75110996766499,2.29481134960038,0.999507000006671,-0.0318993586727347,0,50.0876934528351
"glenohumeral","frontal plane elevation",3,10,7,7,7,6,7,7,TRUE,-3589.56847766148,7231.58456874496,15,2463,33,1.581344439545,0.604855223260124,2.61441809334418,0.999657616198246,-0.0293549526779484,0,42.8421783447266
"glenohumeral","frontal plane elevation",3,10,7,7,7,7,8,8,TRUE,-3590.52474400704,7240.49011655902,17,2463,33,1.46417981369694,0.574055534827104,2.55058914141108,0.999695053623161,-0.0288315016170708,0,83.7641110420227
"glenohumeral","frontal plane elevation",3,10,7,7,7,8,9,9,TRUE,-3394.10381814776,6854.64127996339,19,2463,33,1.23899059628413,0.480103533727005,2.58067376981366,0.999770033286094,-0.0346688137455706,0,80.325692653656
"glenohumeral","frontal plane elevation",3,10,7,7,7,9,10,10,TRUE,-3267.15331285302,6607.73328449683,21,2463,33,1.04339742726651,0.434676803628953,2.40039822358951,0.9998197871777,-0.0343731830709315,0,92.2025878429413
"glenohumeral","frontal plane elevation",3,10,7,7,7,10,11,11,TRUE,-3227.226829173,6534.87333225972,23,2463,33,0.932834838998503,0.394874056652348,2.3623604115876,0.999846879078971,-0.0348568035167034,0,133.488825798035
"sternoclavicular","scapular plane elevation",3,3,4,4,4,1,2,2,TRUE,-689.581804370627,1395.45409143136,5,280,26,3.39275310194719,0.691895683705782,4.90356159439477,0.97209595902229,0.296732536135142,0,0.360905408859253
"sternoclavicular","scapular plane elevation",3,3,4,4,4,2,3,3,TRUE,-490.588300765745,1003.98327729764,7,280,26,1.05840848837874,0.223700130246409,4.73137180212139,0.996978297545781,0.299829826420024,0,0.601888656616211
"sternoclavicular","scapular plane elevation",3,3,4,4,4,3,4,4,TRUE,-307.186252511539,643.695373865271,9,280,26,0.34028642286018,0.127064388831385,2.67806287811877,0.999758409974674,0.299931091732725,0,1.600581407547
"sternoclavicular","scapular plane elevation",3,3,4,4,4,4,5,5,TRUE,-336.263345824631,708.365753567499,11,280,26,0.25506464688689,0.0440111971679964,5.7954489607105,0.999848165769345,0.299701842050355,0,2.03628134727478
"sternoclavicular","scapular plane elevation",3,3,4,4,4,5,6,6,TRUE,-350.918829617431,744.19291422914,13,280,26,0.181700920603726,0.0242408693776621,7.4956437317864,0.999929905240913,0.299848557463669,0,5.42218255996704
"sternoclavicular","scapular plane elevation",3,3,4,4,4,6,7,7,TRUE,-316.747446196139,682.3663404626,15,280,26,0.0614018573549259,0.0036498694545584,16.8230283629021,0.999992045063688,0.300072802956993,0,8.08821988105774
"sternoclavicular","scapular plane elevation",3,3,4,4,4,7,8,8,TRUE,-399.436875168129,854.261391482623,17,280,26,0.0479143219587602,0.00423205955424337,11.3217504018151,0.999995059155504,0.300130912287836,0,11.9215886592865
"sternoclavicular","scapular plane elevation",3,3,4,4,4,8,9,9,TRUE,-294.092185618345,650.088205459098,19,280,26,0.0598723871664062,0.00304331882170732,19.6733864159581,0.999993141603341,0.298275221879579,0,18.740204334259
"sternoclavicular","scapular plane elevation",3,3,4,4,4,9,10,10,TRUE,-300.700702510833,669.821432320117,21,280,26,0.066784772977259,0.00174085423347765,38.3632194430461,0.99999474976442,0.296876823485728,1,22.5982320308685
"sternoclavicular","scapular plane elevation",3,3,4,4,4,10,11,11,TRUE,-320.563576303749,716.063372981992,23,280,26,0.123272392215927,0.00400139059636668,30.8073878935638,0.99998898991829,0.292801827240535,2,31.5760984420776
"scapulothoracic","scapular plane elevation",3,10,7,,7,1,2,2,TRUE,-4505.01925906839,9029.6976463004,5,2327,51,2.94720590129047,0.992875257985762,2.96835466246731,0.982450027825211,0.359730504890286,0,5.36281728744507
"scapulothoracic","scapular plane elevation",3,10,7,,7,2,3,3,TRUE,-2977.71248766985,5982.94775476876,7,2327,51,1.49821108863521,0.362696802725361,4.13075350369073,0.9960651238424,0.361890606853649,0,7.51005029678345
"scapulothoracic","scapular plane elevation",3,10,7,,7,3,4,4,TRUE,-2278.61069481575,4592.60782032602,9,2327,51,1.18020467807365,0.130667984050743,9.03208759703021,0.998161399477409,0.36783841225068,0,12.1307375431061
"scapulothoracic","scapular plane elevation",3,10,7,,7,4,5,5,TRUE,-2026.07158907307,4095.39326010612,11,2327,51,0.787329929816205,0.0937091525957388,8.40184665005718,0.998707681257702,0.37052780887192,0,23.9304115772247
"scapulothoracic","scapular plane elevation",3,10,7,,7,5,6,6,TRUE,-1797.70121793086,3646.51616908714,13,2327,51,0.72264667776068,0.137131503947381,5.26973494025099,0.999053251315632,0.372469779694646,0,31.6951675415039
"scapulothoracic","scapular plane elevation",3,10,7,,7,6,7,7,TRUE,-1593.05323078399,3245.08384605884,15,2327,51,0.589763161007044,0.135974998259957,4.33729118260061,0.999286488652761,0.372918201198741,0,30.8895974159241
"scapulothoracic","scapular plane elevation",3,10,7,,7,7,8,8,TRUE,-1485.24085089148,3037.32273753927,17,2327,51,0.56808726629348,0.094717320269924,5.99771261132129,0.999423428881781,0.373051861691256,0,37.8046412467957
"scapulothoracic","scapular plane elevation",3,10,7,,7,8,9,9,TRUE,-1420.17851470105,2915.06171642386,19,2327,51,0.51994633340934,0.0525311350376863,9.89786976878239,0.999516045320881,0.373875950730335,0,46.2942101955414
"scapulothoracic","scapular plane elevation",3,10,7,,7,9,10,10,TRUE,-1280.34103554707,2643.25040938135,21,2327,51,0.480362761561944,0.0482551354002808,9.95464539840766,0.999607381131461,0.377633296196867,0,62.0712535381317
"scapulothoracic","scapular plane elevation",3,10,7,,7,10,11,11,TRUE,-1227.62398112947,2545.67995181161,23,2327,51,0.473252391145062,0.0423810110206015,11.1666140034983,0.999667010108298,0.378216667042871,0,89.4474713802338
"glenohumeral","scapular plane elevation",3,10,9,,9,1,2,2,TRUE,-7383.29696157653,14781.8165353417,5,1997,21,21.47421141493,6.34559509310637,3.38411308944985,0.777205585229853,0.241932019127621,0,4.30578923225403
"glenohumeral","scapular plane elevation",3,10,9,,9,2,3,3,TRUE,-6298.18474810393,12617.6811532719,7,1997,21,12.938137149014,3.19072681660838,4.05491848492587,0.930918120130191,0.324082513965336,0,7.04142498970032
"glenohumeral","scapular plane elevation",3,10,9,,9,3,4,4,TRUE,-5764.40532096147,11556.2113438625,9,1997,21,9.77493883782365,2.04294850002747,4.78472112130688,0.962396379969965,0.337467292632711,0,13.1967527866364
"glenohumeral","scapular plane elevation",3,10,9,,9,4,5,5,TRUE,-5279.50130653685,10592.4923598887,11,1997,21,7.40173365692978,1.48274434329524,4.99191495175777,0.978930789333556,0.336377370336933,0,15.6159014701843
"glenohumeral","scapular plane elevation",3,10,9,,9,5,6,6,TRUE,-4733.15586230579,9505.89051630198,13,1997,21,5.70494149276108,1.15905231850431,4.92207418222758,0.989047947484668,0.339853991558138,0,20.5081565380096
"glenohumeral","scapular plane elevation",3,10,9,,9,6,7,7,TRUE,-4431.68396792885,8909.03577242355,15,1997,21,4.45991267559804,1.02995055236959,4.33022018905393,0.992690859624398,0.339152471878315,0,34.4188570976257
"glenohumeral","scapular plane elevation",3,10,9,,9,7,8,8,TRUE,-4126.43475362294,8304.62638868718,17,1997,21,3.12446463715223,0.939681809277421,3.32502407336673,0.995180250279631,0.338379759837273,0,61.7097368240356
"glenohumeral","scapular plane elevation",3,10,9,,9,8,9,9,TRUE,-3921.64121759793,7901.12836151261,19,1997,21,2.40252080344759,0.850285097556662,2.82554734917895,0.996446500988182,0.339940326540329,0,60.9082627296448
"glenohumeral","scapular plane elevation",3,10,9,,9,9,10,10,TRUE,-3792.20274188113,7648.34045495444,21,1997,21,2.27025178583054,0.851802861104835,2.66523146316496,0.997174311963819,0.339328223716079,0,61.7605106830597
"glenohumeral","scapular plane elevation",3,10,9,,9,10,11,11,TRUE,-3701.75924742049,7473.54251090862,23,1997,21,2.30211595293577,0.65565327753894,3.51117889866576,0.99767134737527,0.336737002872532,0,70.8530323505402
"sternoclavicular","sagittal plane elevation",3,8,6,6,6,1,2,2,TRUE,-2285.52733835697,4584.91762032515,5,1156,16,2.66333356038454,1.27360314847953,2.09118010077481,0.983965801402911,0.15031276371736,0,3.36254835128784
"sternoclavicular","sagittal plane elevation",3,8,6,6,6,2,3,3,TRUE,-1080.55777430489,2180.52366966547,7,1156,16,0.853209475936104,0.459695539551373,1.85603166123554,0.998292456231705,0.158834975988259,0,7.35136461257935
"sternoclavicular","sagittal plane elevation",3,8,6,6,6,3,4,4,TRUE,-848.042107488195,1721.03751347655,9,1156,16,0.836900732335844,0.247981424106816,3.37485251304693,0.998975736849106,0.156708947835067,0,7.08933448791504
"sternoclavicular","sagittal plane elevation",3,8,6,6,6,4,5,5,TRUE,-432.001959429795,894.502394804227,11,1156,16,0.533772689104282,0.170467869824705,3.13122167627935,0.999569885200887,0.155870926455907,0,9.64060807228088
"sternoclavicular","sagittal plane elevation",3,8,6,6,6,5,6,6,TRUE,-154.852693502624,345.749040394365,13,1156,16,0.477921180618086,0.105939076512533,4.51128324269983,0.999765847722765,0.157532009752687,0,15.6455159187317
"sternoclavicular","sagittal plane elevation",3,8,6,6,6,6,7,7,TRUE,-129.6603280735,300.909486980597,15,1156,16,0.456016947609515,0.0982539959925634,4.64120510319021,0.99979641674032,0.157082937224072,0,16.0786566734314
"sternoclavicular","sagittal plane elevation",3,8,6,6,6,7,8,8,TRUE,-56.8342203637058,160.802449005488,17,1156,16,0.415182977944781,0.0861232973184979,4.82079751788145,0.999838212005372,0.156013227274442,0,23.4642333984375
"sternoclavicular","sagittal plane elevation",3,8,6,6,6,8,9,9,TRUE,104.958951186977,-157.238716651398,19,1156,16,0.331342733075389,0.075280703100714,4.40142984095278,0.999892888485586,0.155784388028332,0,36.6517961025238
"sternoclavicular","sagittal plane elevation",3,8,6,6,6,9,10,10,TRUE,77.7066745391257,-97.1889859112161,21,1156,16,0.355545020056072,0.0575456295838585,6.17848866416437,0.999896898147589,0.156106509725569,0,42.6100568771362
"sternoclavicular","sagittal plane elevation",3,8,6,6,6,10,11,11,TRUE,96.6737219167162,-129.577903221917,23,1156,16,0.331503650401932,0.0509490684669572,6.50656941091921,0.999910185629044,0.156007166414854,0,58.6022572517395
"acromioclavicular","sagittal plane elevation",3,8,5,7,5,1,2,2,TRUE,-1716.20609466164,3445.23693611059,5,1024,13,2.24236553001142,1.03334642282531,2.17000367009594,0.969490680009899,0.436965644657183,0,2.12331223487854
"acromioclavicular","sagittal plane elevation",3,8,5,7,5,2,3,3,TRUE,-840.30282390662,1698.56029331547,7,1024,13,0.722722506739625,0.401618946128979,1.79952294010433,0.9951264867617,0.459740654647001,0,7.89942288398743
"acromioclavicular","sagittal plane elevation",3,8,5,7,5,3,4,4,TRUE,-685.069414280841,1393.22337277883,9,1024,13,0.74021383406718,0.346271983580044,2.1376659653901,0.99666639111718,0.458696380840432,0,9.51527738571167
"acromioclavicular","sagittal plane elevation",3,8,5,7,5,4,5,5,TRUE,-354.902346974868,738.019136881812,11,1024,13,0.405030179840699,0.198910203066549,2.03624637447677,0.998444564460136,0.456081481673387,0,5.149747133255
"acromioclavicular","sagittal plane elevation",3,8,5,7,5,5,6,6,TRUE,-272.351530045839,578.047401738678,13,1024,13,0.421198631751858,0.16615419170521,2.53498649314335,0.998768603120158,0.455495165488395,0,6.77138996124268
"acromioclavicular","sagittal plane elevation",3,8,5,7,5,6,7,7,TRUE,-134.084397072445,306.643034506814,15,1024,13,0.383938538719169,0.163844226168446,2.34331442552297,0.999118660671545,0.455718428049211,0,16.2038044929504
"acromioclavicular","sagittal plane elevation",3,8,5,7,5,7,8,8,TRUE,-139.0533210259,321.710781128646,17,1024,13,0.398610169550336,0.138119112145485,2.8859885019422,0.999166779586841,0.455946370986386,0,23.6972754001617
"acromioclavicular","sagittal plane elevation",3,8,5,7,5,8,9,9,TRUE,70.9883643362167,-93.2426908806642,19,1024,13,0.266962296401076,0.106515270716395,2.50632885412162,0.999552299678389,0.454212651990568,0,27.4891803264618
"acromioclavicular","sagittal plane elevation",3,8,5,7,5,9,10,10,TRUE,53.7167378380728,-53.5695391694533,21,1024,13,0.270699183679119,0.0974332786161426,2.77830313753057,0.999583324459976,0.452072915546171,0,33.7136149406433
"acromioclavicular","sagittal plane elevation",3,8,5,7,5,10,11,11,TRUE,45.4018352412002,-31.809835260785,23,1024,13,0.264966479255313,0.0892614950931937,2.96842976894656,0.999559098396797,0.453889634683798,0,42.9238259792328
"scapulothoracic","sagittal plane elevation",3,10,8,,8,1,2,2,TRUE,-4459.45193058608,8937.0917919708,5,3022,38,1.8687483845969,0.90467412592542,2.06565914846443,0.990070362039545,0.489427282448168,0,9.24891376495361
"scapulothoracic","sagittal plane elevation",3,10,8,,8,2,3,3,TRUE,-3279.42143865046,6584.305980419,7,3022,38,1.44162346389169,0.414123744600493,3.48114176665342,0.995907585524194,0.493635871091448,0,11.8738570213318
"scapulothoracic","sagittal plane elevation",3,10,8,,8,3,4,4,TRUE,-1958.50071970208,3949.73971484169,9,3022,38,0.792671008135284,0.30666764337101,2.5847885333514,0.998492635295609,0.493878669097879,0,22.5891962051392
"scapulothoracic","sagittal plane elevation",3,10,8,,8,4,5,5,TRUE,-1591.27001692681,3222.55348161061,11,3022,38,0.626167869963672,0.254648171518123,2.45895293977836,0.998940494138571,0.489476206356368,0,27.886134147644
"scapulothoracic","sagittal plane elevation",3,10,8,,8,5,6,6,TRUE,-1158.06776208026,2363.42414423697,13,3022,38,0.662688758160151,0.187840804671338,3.52792759443108,0.99928225881742,0.504045297529028,0,42.4333281517029
"scapulothoracic","sagittal plane elevation",3,10,8,,8,6,7,7,TRUE,-830.299425812341,1715.16264402058,15,3022,38,0.445162436599707,0.167470258750778,2.65815817041389,0.999478244230161,0.506739617711212,0,64.0014152526855
"scapulothoracic","sagittal plane elevation",3,10,8,,8,7,8,8,TRUE,-622.417490973886,1306.67394666312,17,3022,38,0.499210075864361,0.140075648519158,3.56386053637355,0.999585532387593,0.517071175913698,0,56.5019977092743
"scapulothoracic","sagittal plane elevation",3,10,8,,8,8,9,9,TRUE,-521.567418893232,1112.24897482127,19,3022,38,0.410309893019336,0.130422677030705,3.14600115839318,0.999646464995232,0.516381325337122,0,47.3449401855469
"scapulothoracic","sagittal plane elevation",3,10,8,,8,9,10,10,TRUE,-476.083164363845,1028.55563808194,21,3022,38,0.378804844209927,0.116757722029206,3.24436651920267,0.999685709321362,0.520626533168108,0,58.9645338058472
"scapulothoracic","sagittal plane elevation",3,10,8,,8,10,11,11,TRUE,-363.106185803516,809.87685328074,23,3022,38,0.356212032183554,0.107204137843095,3.32274517896791,0.999737548869114,0.52435868464026,0,77.0269839763641
"glenohumeral","sagittal plane elevation",3,10,10,,10,1,2,2,TRUE,-8766.88036907486,17551.3925407728,5,2638,34,16.1219429189056,3.72329937547479,4.33001520777517,0.964736410569131,-0.00432674822763057,0,5.6108705997467
"glenohumeral","sagittal plane elevation",3,10,10,,10,2,3,3,TRUE,-8157.22056110628,16339.1256458849,7,2638,34,12.4577264614648,2.32509491276728,5.35794319322558,0.979616435143897,-0.00515521169473088,0,7.0959300994873
"glenohumeral","sagittal plane elevation",3,10,10,,10,3,4,4,TRUE,-7447.27068436669,14926.2786134549,9,2638,34,9.66589951628942,1.29946234448305,7.43838369563119,0.989403846686655,-0.00276677889783827,0,11.3369083404541
"glenohumeral","sagittal plane elevation",3,10,10,,10,4,5,5,TRUE,-6837.91089805199,13714.6117618748,11,2638,34,7.54620824396973,0.991653380239607,7.60972371429459,0.99416380884772,-0.01300910989531,0,18.5052103996277
"glenohumeral","sagittal plane elevation",3,10,10,,10,5,6,6,TRUE,-6440.77447667008,12927.3916401602,13,2638,34,6.38802886446682,0.809074460290307,7.89547708893778,0.996315813724188,-0.0164224617090871,0,33.0856118202209
"glenohumeral","sagittal plane elevation",3,10,10,,10,6,7,7,TRUE,-6181.22816976586,12415.351747401,15,2638,34,5.22815398220121,0.636696855529213,8.21137082239184,0.997432665521667,-0.030416373782441,0,44.0273637771606
"glenohumeral","sagittal plane elevation",3,10,10,,10,7,8,8,TRUE,-5960.98896856349,11981.9260660455,17,2638,34,4.20998295170388,0.558383074283838,7.53959628361489,0.99819302986055,-0.0467556180775712,0,88.4995782375336
"glenohumeral","sagittal plane elevation",3,10,10,,10,8,9,9,TRUE,-5704.16796372283,11475.3367774134,19,2638,34,3.46473883880294,0.528829291334459,6.55171507247632,0.998516988096515,-0.0258050034630406,0,64.2010922431946
"glenohumeral","sagittal plane elevation",3,10,10,,10,9,10,10,TRUE,-5367.9770068701,10810.0075847571,21,2638,34,2.79871404396982,0.427125477373803,6.55243995553208,0.999033004018647,-0.025103941935172,0,71.3977513313293
"glenohumeral","sagittal plane elevation",3,10,10,,10,10,11,11,TRUE,-5255.7292336414,10592.564759349,23,2638,34,2.36243128497339,0.403039889930815,5.8615321807946,0.999238969612731,-0.0323431379744619,0,97.2817552089691
"sternoclavicular","horizontal flexion",3,10,6,,6,1,2,2,TRUE,-1649.99906918468,3311.51106383433,5,917,10,2.18293841255218,0.910190265783834,2.39833196927489,0.968671727507397,-0.0980233659396235,0,2.56372261047363
"sternoclavicular","horizontal flexion",3,10,6,,6,2,3,3,TRUE,-1063.75528453726,2143.62866472547,7,917,10,1.43021251898706,0.3737859131353,3.82628790633254,0.992027770169394,0.0811576859127191,0,10.9529650211334
"sternoclavicular","horizontal flexion",3,10,6,,6,3,4,4,TRUE,-308.248803915533,637.220873668012,9,917,10,0.576539810476125,0.20610942445359,2.79725108157752,0.998662587279375,-0.146319003511635,0,8.51091599464417
"sternoclavicular","horizontal flexion",3,10,6,,6,4,5,5,TRUE,-67.520814222405,160.370064467744,11,917,10,0.356129451548067,0.181169288472719,1.96572749471108,0.999284953957323,-0.1648239269595,0,11.5091640949249
"sternoclavicular","horizontal flexion",3,10,6,,6,5,6,6,TRUE,233.610478719874,-437.287351230826,13,917,10,0.222742590335808,0.127351706529075,1.74903498670396,0.999680719689366,-0.0484969937313426,0,17.6923022270203
"sternoclavicular","horizontal flexion",3,10,6,,6,6,7,7,TRUE,352.797758226105,-671.056740057299,15,917,10,0.212600266475063,0.0987560428674896,2.15278235439556,0.999784306493008,-0.0697939325779069,0,17.8014228343964
"sternoclavicular","horizontal flexion",3,10,6,,6,7,8,8,TRUE,470.403671700299,-901.663396819699,17,917,10,0.21259867592173,0.0716689638102625,2.96639806994513,0.999851658371934,-0.0607365104765463,0,21.3257420063019
"sternoclavicular","horizontal flexion",3,10,6,,6,8,9,9,TRUE,608.945694988626,-1174.14227321036,19,917,10,0.212598342582155,0.0577473456738671,3.68152579311301,0.999902150262706,0.00669861736584976,0,130.023509740829
"sternoclavicular","horizontal flexion",3,10,6,,6,9,10,10,TRUE,655.97567128293,-1263.59705561298,21,917,10,0.212598244551195,0.044197947119818,4.81013844319181,0.999920150972045,0.0170101097276683,0,36.136590719223
"sternoclavicular","horizontal flexion",3,10,6,,6,10,11,11,TRUE,753.840002100864,-1454.72054706286,23,917,10,0.212598274220945,0.0455584288529983,4.6664970582486,0.999940626819748,0.0477732229471822,0,63.1749448776245
"acromioclavicular","horizontal flexion",3,10,7,9,7,1,2,2,TRUE,-1798.90216683763,3608.79045656193,5,900,9,2.64887809014512,1.58231255628704,1.6740549012395,0.890771699242581,0.0376796789724786,0,4.81423497200012
"acromioclavicular","horizontal flexion",3,10,7,9,7,2,3,3,TRUE,-971.133991435658,1957.64855491267,7,900,9,1.30626540165202,0.497736160825529,2.62441330259287,0.984227016575975,0.0395586378526922,0,4.20519232749939
"acromioclavicular","horizontal flexion",3,10,7,9,7,3,4,4,TRUE,-636.205277776989,1292.18557675,9,900,9,0.88477680839233,0.288038775672745,3.07172812523536,0.993163259351949,0.030372800293459,0,9.50630068778992
"acromioclavicular","horizontal flexion",3,10,7,9,7,4,5,5,TRUE,-269.227525744468,562.624521839635,11,900,9,0.50217829952916,0.19618817989893,2.5596766318331,0.997284810533906,0.0362713567216468,0,11.7685289382935
"acromioclavicular","horizontal flexion",3,10,7,9,7,5,6,6,TRUE,147.682342443661,-266.800765381952,13,900,9,0.284329146413269,0.112235590771546,2.53332427315339,0.999096263248309,0.0492586688420125,0,17.9927935600281
"acromioclavicular","horizontal flexion",3,10,7,9,7,6,7,7,TRUE,341.466112525754,-649.973856391465,15,900,9,0.167564565725255,0.0768663415564931,2.17994719577102,0.999531063926753,0.0659950661413911,0,23.228667974472
"acromioclavicular","horizontal flexion",3,10,7,9,7,7,8,8,TRUE,453.284836886409,-869.216855958103,17,900,9,0.18894768316612,0.0618514834518812,3.05486097699041,0.999611274392505,0.0437183758381322,0,16.5216219425201
"acromioclavicular","horizontal flexion",3,10,7,9,7,8,9,9,TRUE,536.955133966058,-1032.16300096273,19,900,9,0.149275440193236,0.0623159840402327,2.39545988869983,0.999707904736676,0.0425505835641673,0,28.739403963089
"acromioclavicular","horizontal flexion",3,10,7,9,7,9,10,10,TRUE,530.876873488021,-1015.61203085198,21,900,9,0.146631213026395,0.0551751810825796,2.65755744067128,0.999723932966768,0.0433539364287374,0,30.1558556556702
"acromioclavicular","horizontal flexion",3,10,7,9,7,10,11,11,TRUE,546.473488480454,-1042.41081168217,23,900,9,0.142965729072987,0.0505403437892093,2.82874468898075,0.999745776884736,0.0346109343817933,0,39.345664024353
"scapulothoracic","horizontal flexion",3,9,6,10,6,1,2,2,TRUE,-1604.60798347975,3223.38203367978,5,1312,17,1.42213443650019,0.598515397143897,2.37610334385144,0.990979766466194,0.0485685026820908,0,6.64149880409241
"scapulothoracic","horizontal flexion",3,9,6,10,6,2,3,3,TRUE,-881.383766390354,1782.6000261891,7,1312,17,0.758152334570208,0.28849559471201,2.62795116621116,0.997295658671891,0.0440409628915338,0,5.78757262229919
"scapulothoracic","horizontal flexion",3,9,6,10,6,3,4,4,TRUE,-262.076549496682,549.65201908987,9,1312,17,0.466327903694393,0.208009222567568,2.24186167295018,0.999069569964614,0.0439658278416616,0,10.1821534633636
"scapulothoracic","horizontal flexion",3,9,6,10,6,4,5,5,TRUE,87.3527311705029,-143.540115556387,11,1312,17,0.371977958357146,0.151989225429665,2.44739689478374,0.999518691058623,0.0434114056798105,0,13.3440637588501
"scapulothoracic","horizontal flexion",3,9,6,10,6,5,6,6,TRUE,359.549265061095,-682.266756649459,13,1312,17,0.313951021910708,0.113057517503437,2.77691416584628,0.999723967796888,0.0428648080962121,0,14.1271674633026
"scapulothoracic","horizontal flexion",3,9,6,10,6,6,7,7,TRUE,435.639266016468,-828.780331872093,15,1312,17,0.269861127888717,0.0925461868506007,2.91596160870852,0.999784082062721,0.0422812431473087,0,33.412029504776
"scapulothoracic","horizontal flexion",3,9,6,10,6,7,8,8,TRUE,504.71845073073,-961.272274612504,17,1312,17,0.249436796561745,0.0759154243398975,3.28571958506004,0.999803237361793,0.044274089840448,0,18.6448290348053
"scapulothoracic","horizontal flexion",3,9,6,10,6,8,9,9,TRUE,584.054897638321,-1114.27874173957,19,1312,17,0.241131647983039,0.0632565863479517,3.81196112380553,0.999836607040794,0.0442512187491613,0,36.0215764045715
"scapulothoracic","horizontal flexion",3,9,6,10,6,9,10,10,TRUE,632.797997554052,-1206.09851488292,21,1312,17,0.237965921188246,0.0621831774429021,3.8268536760887,0.999862607546284,0.044292073582772,0,36.1031260490417
"scapulothoracic","horizontal flexion",3,9,6,10,6,10,11,11,TRUE,615.610099638599,-1166.05629236391,23,1312,17,0.236661602559176,0.0595317253286697,3.97538625417938,0.999870596858548,0.0445187759068408,0,61.9071097373962
"glenohumeral","horizontal flexion",3,10,7,7,7,1,2,2,TRUE,-1668.00435153018,3346.99482594704,5,900,9,2.46821987425355,1.07389031970678,2.29839102649467,0.992430914427447,0.315020328147822,0,2.25359463691711
"glenohumeral","horizontal flexion",3,10,7,7,7,2,3,3,TRUE,-1385.89075455812,2787.16208115759,7,900,9,1.74104617732391,0.738253168959865,2.35833214204404,0.996265453085289,0.316584531033206,0,3.06960582733154
"glenohumeral","horizontal flexion",3,10,7,7,7,3,4,4,TRUE,-846.534577500913,1712.84417619785,9,900,9,1.04818576133955,0.342049181910945,3.06442996145639,0.998992403399407,0.309588242477925,0,4.72247219085693
"glenohumeral","horizontal flexion",3,10,7,7,7,4,5,5,TRUE,-498.476858115365,1021.12318658143,11,900,9,0.729620099623973,0.269005633398939,2.71228557709027,0.999585009972427,0.308865266415346,0,19.8528640270233
"glenohumeral","horizontal flexion",3,10,7,7,7,5,6,6,TRUE,-334.840318924666,698.244557354703,13,900,9,0.540794033780061,0.258187040984455,2.09458240707217,0.999738138756066,0.309427521080369,0,21.0891668796539
"glenohumeral","horizontal flexion",3,10,7,7,7,6,7,7,TRUE,-199.731193991328,432.4207566427,15,900,9,0.471526727985663,0.103027699719495,4.57669858950019,0.999826471878827,0.30400959569209,0,23.3847532272339
"glenohumeral","horizontal flexion",3,10,7,7,7,7,8,8,TRUE,-209.777455316988,456.907728448691,17,900,9,0.450320032576681,0.0963319940862395,4.67466740254064,0.99983627195464,0.304608038818653,0,33.3021624088287
"glenohumeral","horizontal flexion",3,10,7,7,7,8,9,9,TRUE,-167.146388651301,376.040044271989,19,900,9,0.438791432031824,0.0575096302414153,7.6298774690405,0.999863734299901,0.306935287716886,0,25.3814885616302
"glenohumeral","horizontal flexion",3,10,7,7,7,9,10,10,TRUE,-89.4350092510893,225.011734626239,21,900,9,0.423341960612859,0.0552687886331038,7.65969313029766,0.999892876555257,0.310808008794007,0,28.5085682868958
"glenohumeral","horizontal flexion",3,10,7,7,7,10,11,11,TRUE,-33.7375487184644,118.011262715662,23,900,9,0.405466948455353,0.0560050435691652,7.23982917635996,0.999908473035436,0.311951208321208,0,47.5210950374603
"sternoclavicular","internal-external rotation 0 degree-abducted",3,10,4,4,4,1,2,2,TRUE,-270.601772481729,553.628078212397,5,1200,12,0.686828424001594,0.175574671913169,3.91188783961543,0.998127059796463,-0.0139116076812194,0,4.43271493911743
"sternoclavicular","internal-external rotation 0 degree-abducted",3,10,4,4,4,2,3,3,TRUE,-62.8977176366103,143.189781821737,7,1200,12,0.673521154560908,0.108680986806643,6.19723076087989,0.998755920438894,-0.0494446280776628,0,6.26030135154724
"sternoclavicular","internal-external rotation 0 degree-abducted",3,10,4,4,4,3,4,4,TRUE,515.270572563786,-1008.17698527948,9,1200,12,0.318072685161215,0.0855360775551616,3.71857927382855,0.999572195593673,-0.1134281927365,0,9.75722742080688
"sternoclavicular","internal-external rotation 0 degree-abducted",3,10,4,4,4,4,5,5,TRUE,523.616568827042,-1019.89916450642,11,1200,12,0.344959656460953,0.073766762901033,4.67635616495409,0.999595363339049,-0.115292535608311,0,16.9369711875916
"sternoclavicular","internal-external rotation 0 degree-abducted",3,10,4,4,4,5,6,6,TRUE,799.187793010553,-1566.07179957386,13,1200,12,0.250699492357881,0.0534784564268837,4.68785954397618,0.999747521542871,-0.0322109411243214,0,26.266316652298
"sternoclavicular","internal-external rotation 0 degree-abducted",3,10,4,4,4,6,7,7,TRUE,1019.09570077303,-2000.91780179924,15,1200,12,0.167219690879788,0.0457212625420015,3.6573725567218,0.99984837893829,-0.00117626025476913,0,30.6409702301025
"sternoclavicular","internal-external rotation 0 degree-abducted",3,10,4,4,4,7,8,8,TRUE,1074.02538480528,-2105.80735656416,17,1200,12,0.167245985943071,0.0408885753847632,4.09028645212701,0.999881231312204,-0.0131923168373411,0,29.6152555942535
"sternoclavicular","internal-external rotation 0 degree-abducted",3,10,4,4,4,8,9,9,TRUE,1097.77337607909,-2148.3335258122,19,1200,12,0.153938494752829,0.0325092467342752,4.73522182814922,0.999907138084185,-1.81402949870918,0,429.94569849968
"sternoclavicular","internal-external rotation 0 degree-abducted",3,10,4,4,4,9,10,10,TRUE,1086.05957850896,-2119.93611737237,21,1200,12,0.154610490623774,0.0307829737854403,5.02259761195983,0.99987063242299,-0.0199300751976506,1,122.892449617386
"sternoclavicular","internal-external rotation 0 degree-abducted",3,10,4,4,4,10,11,11,TRUE,1193.83209717897,-2330.51134141282,23,1200,12,0.152888276887273,0.0241311326607481,6.33572733765465,0.999900780823958,-0.0408371091917028,0,107.714449167252
"acromioclavicular","internal-external rotation 0 degree-abducted",3,10,6,7,6,1,2,2,TRUE,-654.469880269074,1321.36429378709,5,1200,12,0.724620216708608,0.265205184843336,2.73230033996757,0.995553351672671,-0.000298258234675552,0,3.78657841682434
"acromioclavicular","internal-external rotation 0 degree-abducted",3,10,6,7,6,2,3,3,TRUE,-34.0349702723611,85.4642870932383,7,1200,12,0.371948432565262,0.167618090250567,2.21902320930425,0.998579811361673,-0.0306509833224065,0,6.01319694519043
"acromioclavicular","internal-external rotation 0 degree-abducted",3,10,6,7,6,3,4,4,TRUE,380.59694914372,-738.829738439348,9,1200,12,0.253955881161156,0.121279305435285,2.09397539217165,0.999372309970526,-0.399948395406547,0,9.22812366485596
"acromioclavicular","internal-external rotation 0 degree-abducted",3,10,6,7,6,4,5,5,TRUE,734.294779124288,-1441.25558510091,11,1200,12,0.162488688668643,0.101381968559583,1.60273755754847,0.999681103479291,-1.68202980856045,0,12.9506783485413
"acromioclavicular","internal-external rotation 0 degree-abducted",3,10,6,7,6,5,6,6,TRUE,874.810168115284,-1717.31654978332,13,1200,12,0.138584677057942,0.0879309387085076,1.57606274985136,0.999743093381972,-0.165594055660619,0,13.480545759201
"acromioclavicular","internal-external rotation 0 degree-abducted",3,10,6,7,6,6,7,7,TRUE,899.416971218618,-1761.56034269042,15,1200,12,0.138582543445846,0.0830153175146873,1.66936112026949,0.999764407325363,-0.0793818106062063,0,35.3735105991364
"acromioclavicular","internal-external rotation 0 degree-abducted",3,10,6,7,6,7,8,8,TRUE,908.185081831711,-1774.12675061703,17,1200,12,0.138600249852753,0.0788038155233085,1.75880125768477,0.999775884118102,-0.0609856991168252,0,47.6037993431091
"acromioclavicular","internal-external rotation 0 degree-abducted",3,10,6,7,6,8,9,9,TRUE,930.201004304112,-1813.18878226225,19,1200,12,0.139098082267966,0.0859152146261705,1.61901571070039,0.999781505280991,-0.0255594699054542,0,37.0168662071228
"acromioclavicular","internal-external rotation 0 degree-abducted",3,10,6,7,6,9,10,10,FALSE,,,,1200,,,,,,,,1033.07490181923
"acromioclavicular","internal-external rotation 0 degree-abducted",3,10,6,7,6,10,11,11,TRUE,1172.89383965569,-2288.63482636625,23,1200,12,0.127204927844205,0.050206455123222,2.53363691047308,0.999868552312956,0.00310391826117995,1,1032.64668107033
"scapulothoracic","internal-external rotation 0 degree-abducted",3,9,5,7,5,1,2,2,TRUE,-2259.50144714183,4536.17283030608,5,2525,31,1.16408548837636,0.332701885015005,3.49888455944233,0.994416205496738,-0.0144300324826594,0,7.89725637435913
"scapulothoracic","internal-external rotation 0 degree-abducted",3,9,5,7,5,2,3,3,TRUE,-1235.66071149392,2495.35933341924,7,2525,31,0.886841851092324,0.188680143042801,4.70023944645382,0.997847347398748,-0.0651929744053965,0,7.21934819221497
"scapulothoracic","internal-external rotation 0 degree-abducted",3,9,5,7,5,3,4,4,TRUE,-784.858009646994,1600.62190413435,9,2525,31,0.866224449908867,0.134029206183078,6.46295292330272,0.998559527855526,-0.0703304053176255,0,20.8175849914551
"scapulothoracic","internal-external rotation 0 degree-abducted",3,9,5,7,5,4,5,5,TRUE,-672.782444146631,1383.3387475426,11,2525,31,0.833202217754584,0.115270699481271,7.22822210244297,0.998771337689687,-0.0803820668653705,0,24.6425802707672
"scapulothoracic","internal-external rotation 0 degree-abducted",3,9,5,7,5,5,6,6,TRUE,-578.590790655988,1201.82341497028,13,2525,31,0.791881630485025,0.109304378515851,7.24473841978974,0.99890113843355,-0.0976696716494225,0,54.4396932125092
"scapulothoracic","internal-external rotation 0 degree-abducted",3,9,5,7,5,6,7,7,TRUE,-450.382004393867,952.27381685501,15,2525,31,0.762155414532572,0.109039189085693,6.98973846855742,0.999026964026352,-0.0366550816495432,0,68.0736207962036
"scapulothoracic","internal-external rotation 0 degree-abducted",3,9,5,7,5,7,8,8,TRUE,-442.54387961702,943.465541710288,17,2525,31,0.761047470225933,0.115358314952042,6.59724849953229,0.999048346152508,-0.023365669796213,0,64.8131539821625
"scapulothoracic","internal-external rotation 0 degree-abducted",3,9,5,7,5,8,9,9,TRUE,-453.928738370522,973.103233626262,19,2525,31,0.770063376560823,0.109407916381242,7.03846121954709,0.99908289497478,-0.0248049474905647,0,80.6572091579437
"scapulothoracic","internal-external rotation 0 degree-abducted",3,9,5,7,5,9,10,10,TRUE,-385.106585785778,842.326902865743,21,2525,31,0.765851171813691,0.10441379571614,7.33476995602898,0.999157978510728,-0.0094173553861594,0,93.6989622116089
"scapulothoracic","internal-external rotation 0 degree-abducted",3,9,5,7,5,10,11,11,TRUE,-389.556089237676,858.09388417851,23,2525,31,0.748959855332315,0.10136690716854,7.38860320643937,0.999183063960848,-0.00280485523183382,0,78.5033578872681
"glenohumeral","internal-external rotation 0 degree-abducted",3,10,7,9,7,1,2,2,TRUE,-8568.3062451696,17153.7824263616,5,2525,31,18.7562741661727,2.03631409725751,9.21089442509557,0.985171289410786,0.0296051261262557,0,8.37492918968201
"glenohumeral","internal-external rotation 0 degree-abducted",3,10,7,9,7,2,3,3,TRUE,-7278.70584047975,14581.4495913909,7,2525,31,11.1547413966149,1.40296882399848,7.95081202504827,0.995407038449877,-0.0694205518820177,0,19.1811621189117
"glenohumeral","internal-external rotation 0 degree-abducted",3,10,7,9,7,3,4,4,TRUE,-7110.45498149447,14251.8158478293,9,2525,31,11.1804208380058,0.917616828506727,12.1841933263147,0.995959566490863,0.0817646859881886,0,20.463859796524
"glenohumeral","internal-external rotation 0 degree-abducted",3,10,7,9,7,4,5,5,TRUE,-6854.88178163397,13747.5374225173,11,2525,31,10.2325897194962,0.921020359501615,11.1100581153638,0.997014208617562,0.024430108868669,0,35.2927446365356
"glenohumeral","internal-external rotation 0 degree-abducted",3,10,7,9,7,5,6,6,TRUE,-6671.88127035602,13388.4043743703,13,2525,31,9.18691899498854,0.875869288004718,10.4889155503065,0.997371260287574,0.0523458063083823,0,47.0048940181732
"glenohumeral","internal-external rotation 0 degree-abducted",3,10,7,9,7,6,7,7,TRUE,-6540.53691002539,13132.583628118,15,2525,31,8.18889174884888,0.635476645651312,12.8862198239495,0.997787602518596,0.0649364208466512,0,72.059823513031
"glenohumeral","internal-external rotation 0 degree-abducted",3,10,7,9,7,7,8,8,TRUE,-6507.96318678485,13074.3041560459,17,2525,31,7.32278338496269,0.727799366103546,10.0615413065925,0.997970793430556,0.0758596335930707,0,86.4557046890259
"glenohumeral","internal-external rotation 0 degree-abducted",3,10,7,9,7,8,9,9,TRUE,-6455.57223108051,12976.3902190462,19,2525,31,6.81061642698829,0.6013925760746,11.3247431011577,0.998175305083657,0.0673666627811222,0,113.6066198349
"glenohumeral","internal-external rotation 0 degree-abducted",3,10,7,9,7,9,10,10,TRUE,-6438.99934523735,12950.1124217689,21,2525,31,6.49513948590734,0.601831528752292,10.7922884986982,0.998309047288223,0.0688615533849488,0,127.883617639542
"glenohumeral","internal-external rotation 0 degree-abducted",3,10,7,9,7,10,11,11,TRUE,-6311.9295802415,12702.8408661862,23,2525,31,6.25730711444486,0.596380797895243,10.492133778499,0.998534117462723,0.0404782809173365,0,130.566919565201
"scapulothoracic","internal-external rotation 90 degree-abducted",3,10,6,9,6,1,2,2,TRUE,-4481.02548377804,8977.94123670782,5,2172,24,4.21786904921717,1.14398908040238,3.68698366223356,0.965980163060457,0.32618455375298,0,6.48255181312561
"scapulothoracic","internal-external rotation 90 degree-abducted",3,10,6,9,6,2,3,3,TRUE,-2672.90051235167,5368.04740151578,7,2172,24,1.82979348707221,0.469391617922374,3.89822360946977,0.994169414499129,0.336848932159777,0,10.2176492214203
"scapulothoracic","internal-external rotation 90 degree-abducted",3,10,6,9,6,3,4,4,TRUE,-1492.04659718384,3012.69567884081,9,2172,24,0.7499564482121,0.289231398563,2.59292888648376,0.998231553709755,0.398913229295057,0,14.4651854038239
"scapulothoracic","internal-external rotation 90 degree-abducted",3,10,6,9,6,4,5,5,TRUE,-986.076641527726,2007.11187518928,11,2172,24,0.625049036442842,0.260116635708344,2.40295679182811,0.998926547924833,0.395664785353985,0,24.4945487976074
"scapulothoracic","internal-external rotation 90 degree-abducted",3,10,6,9,6,5,6,6,TRUE,-750.773571765851,1542.86184332623,13,2172,24,0.546539264235903,0.214540360542991,2.54748925960896,0.999196974431232,0.408879464461707,0,37.7365510463715
"scapulothoracic","internal-external rotation 90 degree-abducted",3,10,6,9,6,6,7,7,TRUE,-619.322728111555,1286.31626367833,15,2172,24,0.459178510432258,0.211132592643283,2.17483480254543,0.999319943108671,0.413838591423086,0,41.2035336494446
"scapulothoracic","internal-external rotation 90 degree-abducted",3,10,6,9,6,7,8,8,TRUE,-437.420724927035,928.868364969985,17,2172,24,0.390697566702845,0.189070074043769,2.06641674352124,0.999460101879821,0.397163507370105,0,42.8851892948151
"scapulothoracic","internal-external rotation 90 degree-abducted",3,10,6,9,6,8,9,9,TRUE,-375.855540298172,812.094103372955,19,2172,24,0.341670670375539,0.187126814347827,1.82587766251634,0.999512786234927,0.40276276175233,0,51.8764312267303
"scapulothoracic","internal-external rotation 90 degree-abducted",3,10,6,9,6,9,10,10,TRUE,-375.081334787784,816.901800012874,21,2172,24,0.356052092268675,0.186981832285566,1.90420688425439,0.999536820839317,0.410925896982972,0,68.3897964954376
"scapulothoracic","internal-external rotation 90 degree-abducted",3,10,6,9,6,10,11,11,TRUE,-349.405201535747,771.905641169496,23,2172,24,0.327511564247845,0.183190293447358,1.78782160388842,0.999561896029681,0.417212637795619,0,75.9197535514832
"glenohumeral","internal-external rotation 90 degree-abducted",3,10,6,10,6,1,2,2,TRUE,-5416.89206738351,10849.2393470338,5,2146,22,6.65163492455554,2.04860598472245,3.24690788475693,0.993418521311914,0.914464746089909,0,6.92506670951843
"glenohumeral","internal-external rotation 90 degree-abducted",3,10,6,10,6,2,3,3,TRUE,-3735.23780931312,7492.11291579975,7,2146,22,3.40429486766303,0.793128130389167,4.2922382112366,0.998752312382325,0.918403920194033,0,21.4601986408234
"glenohumeral","internal-external rotation 90 degree-abducted",3,10,6,10,6,3,4,4,TRUE,-2709.97700719314,5447.7733964665,9,2146,22,2.30097936881983,0.477699368210934,4.81679382879947,0.999570020292277,0.924191269819189,0,30.5518074035645
"glenohumeral","internal-external rotation 90 degree-abducted",3,10,6,10,6,4,5,5,TRUE,-2303.67608118822,4641.35362936339,11,2146,22,1.93565429218437,0.38660364435247,5.00681853484966,0.999711602973077,0.923830459728939,0,33.7015829086304
"glenohumeral","internal-external rotation 90 degree-abducted",3,10,6,10,6,5,6,6,TRUE,-2037.87620701891,4115.93596593148,13,2146,22,1.5926761119388,0.350488149063854,4.54416537675468,0.999790030739292,0.924871489376455,0,67.454288482666
"glenohumeral","internal-external rotation 90 degree-abducted",3,10,6,10,6,6,7,7,TRUE,-1866.85635387919,3780.07834455875,15,2146,22,1.30867227933135,0.337794306059938,3.87416914925481,0.999833187199822,0.925098766405495,0,60.7654712200165
"glenohumeral","internal-external rotation 90 degree-abducted",3,10,6,10,6,7,8,8,TRUE,-1622.25596645879,3297.05965462467,17,2146,22,1.08021605722023,0.310352038139081,3.48061531574714,0.999871012948296,0.923636375738677,0,131.249549150467
"glenohumeral","internal-external rotation 90 degree-abducted",3,10,6,10,6,8,9,9,TRUE,-1438.32651879782,2935.38284420945,19,2146,22,0.930440301227344,0.293590544506885,3.16917665992994,0.999897240702752,0.923378608499064,0,159.574788093567
"glenohumeral","internal-external rotation 90 degree-abducted",3,10,6,10,6,9,10,10,TRUE,-1331.24031179133,2727.39251510319,21,2146,22,0.812813223883939,0.269268420712705,3.01859839981446,0.999912831744171,0.919977319835718,0,125.75844335556
"glenohumeral","internal-external rotation 90 degree-abducted",3,10,6,10,6,10,11,11,TRUE,-1314.60068426309,2700.29534495343,23,2146,22,0.733336297146448,0.265211832893068,2.76509644817442,0.999919080023932,0.90968471082596,0,161.209089040756
