"joint","motion","dof","K","shoulder","condition","n","rmse","max_abs","r2_marg","r2_ss","ratio_to_median","robust_z","flagged"
"sternoclavicular","frontal plane elevation",1,6,"Begon et al._2.0","in vivo",100,0.3745678723639,2.32540178625605,0.834743101743986,0.995521215529651,3.36431626493479,1.37295455708167,FALSE
"sternoclavicular","frontal plane elevation",1,6,"Gutierrez Delgado et al._1.0","ex vivo",97,0.323237849050511,0.970081163429406,0.0891295255249593,0.997962297604566,2.90327717147793,1.20616571617578,FALSE
"sternoclavicular","frontal plane elevation",1,6,"Moissenet et al._5.0","ex vivo",100,0.219618692471231,0.540203424612898,-0.109719080693756,0.999533436540496,1.97258439305454,0.768785177290002,FALSE
"sternoclavicular","frontal plane elevation",1,6,"Moissenet et al._8.0","ex vivo",100,0.203059315220369,0.460206554868911,0.173887264009153,0.999513363116064,1.82385038159042,0.680069251996418,FALSE
"sternoclavicular","frontal plane elevation",1,6,"Begon et al._1.0","in vivo",100,0.199848988425116,0.571529214486752,0.827906103575485,0.999334546986507,1.79501567511956,0.662035042390784,FALSE
"sternoclavicular","frontal plane elevation",1,6,"Moissenet et al._9.0","ex vivo",100,0.149472560999859,0.281367391727862,0.280673869414788,0.99976768724878,1.34254164661707,0.333346122455561,FALSE
"sternoclavicular","frontal plane elevation",1,6,"Fung et al._","ex vivo",69,0.147756629079754,0.35053002057159,0.001990796772947,0.999729785826531,1.3271293859982,0.320279651232731,FALSE
"sternoclavicular","frontal plane elevation",1,6,"Moissenet et al._4.0","ex vivo",100,0.139338312320443,0.295306315263794,0.578164874771335,0.999299841003618,1.25151724174786,0.25389477729004,FALSE
"sternoclavicular","frontal plane elevation",1,6,"Moissenet et al._7.0","ex vivo",100,0.111335511547444,0.243145983138774,-0.437713662286442,0.999667211633414,1,0,FALSE
"sternoclavicular","frontal plane elevation",1,6,"Moissenet et al._2.0","ex vivo",100,0.0827745637612107,0.165702265500421,0.769374124160335,0.999935192306937,0.743469559808308,-0.335454272060116,FALSE
"sternoclavicular","frontal plane elevation",1,6,"Moissenet et al._6.0","ex vivo",100,0.0761237754006244,0.155207940100794,0.765667485260545,0.999942237649067,0.683733108534608,-0.430242078219149,FALSE
"sternoclavicular","frontal plane elevation",1,6,"Moissenet et al._10.0","ex vivo",100,0.0701718125806652,0.160297912323955,0.119140519942987,0.99994870059196,0.630273410570918,-0.522374750551362,FALSE
"sternoclavicular","frontal plane elevation",1,6,"Oki et al._","ex vivo",21,0.0613458729220548,0.122432073367435,-1.87159817559354,0.999880210981545,0.551000054424804,-0.674490759476595,FALSE
"sternoclavicular","frontal plane elevation",1,6,"Moissenet et al._1.0","ex vivo",100,0.0583693808069662,0.146960225207387,0.914783738226968,0.999959347109853,0.524265618361066,-0.730775368837225,FALSE
"sternoclavicular","frontal plane elevation",1,6,"Ludewig et al._","in vivo",19,0.0543669747897277,0.121347845224221,-0.184019475379625,0.999785446982846,0.488316567051117,-0.811162144920491,FALSE
"sternoclavicular","frontal plane elevation",1,6,"Moissenet et al._3.0","ex vivo",100,0.0306189707678085,0.0782089448894823,0.455973018097528,0.999984955831647,0.275015314900321,-1.46088855599672,FALSE
"sternoclavicular","frontal plane elevation",1,6,"Sahara et al._","in vivo",5,0.00679117733632707,0.01131804333221,0.840391024160744,0.999999471934684,0.060997405427406,-3.16515919696984,FALSE
"acromioclavicular","frontal plane elevation",1,4,"Moissenet et al._10.0","ex vivo",100,0.778389314847411,1.68710218556227,-0.8934545694451,0.937023459297019,3.63474295218549,2.07704292075,FALSE
"acromioclavicular","frontal plane elevation",1,4,"Moissenet et al._4.0","ex vivo",100,0.490477632398106,1.30403202150264,-31.5129848299414,0.821032299316079,2.29031936019461,1.33407769011534,FALSE
"acromioclavicular","frontal plane elevation",1,4,"Moissenet et al._9.0","ex vivo",100,0.348373065115736,0.630154074665057,-7.841303835113,0.972819583495038,1.62675221641359,0.783738284820119,FALSE
"acromioclavicular","frontal plane elevation",1,4,"Begon et al._1.0","in vivo",94,0.334513007812912,0.969362429436558,-13.5412449199675,0.966571698581088,1.562031716482,0.718428740403838,FALSE
"acromioclavicular","frontal plane elevation",1,4,"Moissenet et al._7.0","ex vivo",100,0.316730010729365,0.755447326215716,0.608813147320881,0.994097927112426,1.47899277685983,0.630552778549353,FALSE
"acromioclavicular","frontal plane elevation",1,4,"Moissenet et al._2.0","ex vivo",100,0.241467081622323,0.682074786349567,-1.07417117810007,0.98999303589077,1.12754730360551,0.194090680685947,FALSE
"acromioclavicular","frontal plane elevation",1,4,"Moissenet et al._5.0","ex vivo",100,0.221613265989557,0.622011831674868,-1.75237878101634,0.997178834512763,1.03483853298302,0.056066816750551,FALSE
"acromioclavicular","frontal plane elevation",1,4,"Moissenet et al._8.0","ex vivo",100,0.206691747645249,0.57565290719333,-6.34423068259696,0.986943444510902,0.965161467016982,-0.0560668167505507,FALSE
"acromioclavicular","frontal plane elevation",1,4,"Moissenet et al._1.0","ex vivo",100,0.186379220790598,0.480623230053389,-64.2733684203232,0.941416552347969,0.870310712493851,-0.222477138177608,FALSE
"acromioclavicular","frontal plane elevation",1,4,"Begon et al._2.0","in vivo",93,0.182851360466769,0.738007923588448,-3.84541832444178,0.947345171667656,0.853837123759085,-0.253218788151781,FALSE
"acromioclavicular","frontal plane elevation",1,4,"Ludewig et al._","in vivo",19,0.167939307120065,0.437327586522557,-241.602816136837,0.932931895487454,0.784204255256551,-0.390070887619008,FALSE
"acromioclavicular","frontal plane elevation",1,4,"Moissenet et al._6.0","ex vivo",100,0.115517174962979,0.323112100530466,-14.7371129628802,0.998396379210271,0.539415469282713,-0.99201308827152,FALSE
"acromioclavicular","frontal plane elevation",1,4,"Moissenet et al._3.0","ex vivo",100,0.103202928613426,0.213928665080516,-0.0785506517718837,0.999540988395591,0.481913240928915,-1.17334694040991,FALSE
"acromioclavicular","frontal plane elevation",1,4,"Sahara et al._","in vivo",4,0.0271123318264803,0.0387700680566212,-2.24883605974797,0.999911940475589,0.126602915975192,-3.32368613868254,FALSE
"scapulothoracic","frontal plane elevation",1,6,"Henninger et al._8.0","in vivo",81,0.551770529723679,1.49872086534512,-4.60097596046302,0.896811145703148,2.81632500724837,1.30206296071413,FALSE
"scapulothoracic","frontal plane elevation",1,6,"Henninger et al._10.0","in vivo",94,0.429910880845506,1.36112420961696,-0.159302674196094,0.990889022490771,2.1943338750254,0.988248181760942,FALSE
"scapulothoracic","frontal plane elevation",1,6,"Henninger et al._18.0","in vivo",100,0.395082494711466,1.25776922288741,-3.58704529885856,0.976391365394192,2.01656422342671,0.882010302840509,FALSE
"scapulothoracic","frontal plane elevation",1,6,"Moissenet et al._5.0","ex vivo",100,0.379804429350152,1.15914761179805,-38.1865854356697,0.89846029194957,1.93858253498642,0.832416819455535,FALSE
"scapulothoracic","frontal plane elevation",1,6,"Moissenet et al._10.0","ex vivo",100,0.354428549315039,0.816953229775901,0.347081005628087,0.992940082198548,1.80905998589412,0.74546102472979,FALSE
"scapulothoracic","frontal plane elevation",1,6,"Henninger et al._9.0","in vivo",100,0.339785527719515,0.997718116395436,-2.31225128342048,0.955337307995172,1.73431966237266,0.692404352877121,FALSE
"scapulothoracic","frontal plane elevation",1,6,"Henninger et al._1.0","in vivo",73,0.338967756580915,1.25658585378702,-0.21779067823766,0.998496394155897,1.73014562772642,0.689374243244151,FALSE
"scapulothoracic","frontal plane elevation",1,6,"Henninger et al._11.0","in vivo",99,0.336896636660328,0.971388006625915,-316.426504715033,0.769996466807433,1.71957430049681,0.681667243665799,FALSE
"scapulothoracic","frontal plane elevation",1,6,"Moissenet et al._4.0","ex vivo",100,0.333073199416638,0.949122878534382,0.329094571493413,0.982274527877363,1.70005886546906,0.667314275287392,FALSE
"scapulothoracic","frontal plane elevation",1,6,"Henninger et al._15.0","in vivo",93,0.305891393039191,0.829454993564415,-5.32424692932183,0.988586020752072,1.56131857957282,0.560260496144463,FALSE
"scapulothoracic","frontal plane elevation",1,6,"Henninger et al._20.0","in vivo",95,0.280837546804069,0.981652073039637,-0.38891970708766,0.990427915650051,1.4334397424862,0.452802345342628,FALSE
"scapulothoracic","frontal plane elevation",1,6,"Henninger et al._2.0","in vivo",83,0.275841008197415,0.696736277250086,-5.19983151562589,0.957325150954823,1.40793661053269,0.430228023316296,FALSE
"scapulothoracic","frontal plane elevation",1,6,"Henninger et al._14.0","in vivo",100,0.256841606623345,0.945637698683701,0.34744086929872,0.989490225059538,1.31096062705165,0.340486391505422,FALSE
"scapulothoracic","frontal plane elevation",1,6,"Henninger et al._17.0","in vivo",93,0.254123427205012,0.838018678437717,-12.1331861198427,0.99269426674529,1.2970866046861,0.327107216585073,FALSE
"scapulothoracic","frontal plane elevation",1,6,"Henninger et al._13.0","in vivo",85,0.253301741632377,0.863984325930208,-9.45750040930836,0.860481373242355,1.29289259014265,0.32303461118076,FALSE
"scapulothoracic","frontal plane elevation",1,6,"Moissenet et al._9.0","ex vivo",100,0.241883726712798,0.570681147964507,-4.62482038203702,0.987357144971862,1.23461321634708,0.265033275196782,FALSE
"scapulothoracic","frontal plane elevation",1,6,"Bourne et al._6.0","in vivo",50,0.236681130007732,1.03684627063059,-24.4385623242488,0.995682420274891,1.20805833091229,0.237690992760209,FALSE
"scapulothoracic","frontal plane elevation",1,6,"Henninger et al._3.0","in vivo",78,0.232817136668617,0.62614719293374,-15.2724189965847,0.99722200031779,1.18833589108891,0.216991939666395,FALSE
"scapulothoracic","frontal plane elevation",1,6,"Begon et al._2.0","in vivo",100,0.232630197629607,1.33636310306646,-86.0120461237567,0.971759795456008,1.1873817243438,0.215981831740792,FALSE
"scapulothoracic","frontal plane elevation",1,6,"Henninger et al._6.0","in vivo",66,0.21654292363821,0.743458042495237,-36.1040200005368,0.9975198975881,1.10526970566981,0.125867722540837,FALSE
"scapulothoracic","frontal plane elevation",1,6,"Henninger et al._7.0","in vivo",92,0.212349925303109,0.540594801612171,-2.78443600668239,0.996663317912845,1.08386797174174,0.101279449991336,FALSE
"scapulothoracic","frontal plane elevation",1,6,"Henninger et al._16.0","in vivo",78,0.196483927820539,0.657552429966934,-25.3763358539329,0.974025661580012,1.00288538374909,0.00362838270320816,FALSE
"scapulothoracic","frontal plane elevation",1,6,"Henninger et al._5.0","in vivo",92,0.19535332697327,0.53894697492148,-17.7044706954723,0.984957822832422,0.997114616250911,-0.00362838270320816,FALSE
"scapulothoracic","frontal plane elevation",1,6,"Bourne et al._5.0","in vivo",51,0.178402345839917,0.759031518247433,-20.4426855006041,0.998898320010861,0.910594098224759,-0.117769830656551,FALSE
"scapulothoracic","frontal plane elevation",1,6,"Moissenet et al._7.0","ex vivo",100,0.171800802985477,0.443609430707113,-33.5811944294244,0.995652614054051,0.876898767963662,-0.165184764242455,FALSE
"scapulothoracic","frontal plane elevation",1,6,"Henninger et al._4.0","in vivo",54,0.154345868528511,0.350000374379963,-6.07008028455136,0.995894656852584,0.787805991595823,-0.299913032157393,FALSE
"scapulothoracic","frontal plane elevation",1,6,"Henninger et al._19.0","in vivo",73,0.151100819646602,0.516371836169853,-85.0223055135149,0.966061339952913,0.771242743246113,-0.326633278618497,FALSE
"scapulothoracic","frontal plane elevation",1,6,"Begon et al._1.0","in vivo",100,0.148539958096422,0.476717213945104,-33.9032918667074,0.980882682073544,0.758171696433438,-0.348128110613181,FALSE
"scapulothoracic","frontal plane elevation",1,6,"Moissenet et al._1.0","ex vivo",100,0.134576753938493,0.375853111470782,-0.305401553963876,0.999296693108584,0.686901269810648,-0.472267721552427,FALSE
"scapulothoracic","frontal plane elevation",1,6,"Moissenet et al._6.0","ex vivo",100,0.133044899223047,0.271823092654984,-64.1414905221734,0.998255335998262,0.67908243841213,-0.486663639700959,FALSE
"scapulothoracic","frontal plane elevation",1,6,"Bourne et al._3.0","in vivo",55,0.113692578043253,0.354299624918529,-1.21824266345089,0.999669635812691,0.580305096834549,-0.684328365498781,FALSE
"scapulothoracic","frontal plane elevation",1,6,"Bourne et al._4.0","in vivo",54,0.107123385825355,0.243702548681838,-1.21646565807913,0.999840412202242,0.546774889394963,-0.75917081122078,FALSE
"scapulothoracic","frontal plane elevation",1,6,"Moissenet et al._3.0","ex vivo",100,0.106687714000951,0.283959228151129,-53.5270289074067,0.961865430573455,0.544551150742888,-0.764295507420691,FALSE
"scapulothoracic","frontal plane elevation",1,6,"Fung et al._","ex vivo",69,0.096251544502874,0.253211364611222,0.0495690900225867,0.999793894888441,0.491283272967616,-0.893743889735284,FALSE
"scapulothoracic","frontal plane elevation",1,6,"Bourne et al._2.0","in vivo",48,0.0917792573138553,0.243142444699917,-23.9677875056553,0.999674339227638,0.468456004073176,-0.95357415101848,FALSE
"scapulothoracic","frontal plane elevation",1,6,"Bourne et al._7.0","in vivo",49,0.0868810225856843,0.273612954139733,-2.5834658851428,0.999125407409273,0.443454630833418,-1.02254391341248,FALSE
"scapulothoracic","frontal plane elevation",1,6,"Matsumura et al._","ex vivo",11,0.0754481103333864,0.130535949124553,-5.0947423408021,0.996058748233297,0.385099218669692,-1.19997035594594,FALSE
"scapulothoracic","frontal plane elevation",1,6,"Moissenet et al._2.0","ex vivo",100,0.0721440847288328,0.168968109228143,-2.36314246389104,0.999800149410093,0.368234943697715,-1.2562810490215,FALSE
"scapulothoracic","frontal plane elevation",1,6,"Moissenet et al._8.0","ex vivo",100,0.0695167489586264,0.168747398206264,-4.05696485769093,0.999444559398148,0.354824601837348,-1.30293128937348,FALSE
"scapulothoracic","frontal plane elevation",1,6,"Ludewig et al._","in vivo",19,0.0674057087309967,0.209623356470956,-153.205164896675,0.999073286378266,0.344049514977674,-1.34171010452908,FALSE
"scapulothoracic","frontal plane elevation",1,6,"Henninger et al._12.0","in vivo",64,0.0620087485735668,0.235695570294684,-1.79663957445467,0.99890611671726,0.316502567404913,-1.44665387619884,FALSE
"scapulothoracic","frontal plane elevation",1,6,"Chu et al._","in vivo",12,0.0554235716916037,0.108127870717329,-1.18343897489949,0.999430386725489,0.282890771684119,-1.58783412496583,FALSE
"scapulothoracic","frontal plane elevation",1,6,"Oki et al._","ex vivo",21,0.0492847694809473,0.13357506531127,-0.663328379545133,0.999626843897832,0.251557343657288,-1.73545201267844,FALSE
"scapulothoracic","frontal plane elevation",1,6,"Bourne et al._1.0","in vivo",46,0.0339310531617866,0.0873634450390899,-28.2371111195292,0.99969353806388,0.17318952063219,-2.20485757903139,FALSE
"glenohumeral","frontal plane elevation",1,7,"Moissenet et al._5.0","ex vivo",100,0.671597290662828,1.89565548383812,0.335762529790713,0.995770123035003,1.69484903684302,1.40583825549852,FALSE
"glenohumeral","frontal plane elevation",1,7,"Henninger et al._2.0","in vivo",53,0.642222502445555,1.62882878673646,-6.8551943896674,0.971456044524019,1.62071855387401,1.28666546725216,FALSE
"glenohumeral","frontal plane elevation",1,7,"Begon et al._2.0","in vivo",93,0.630344673323506,4.82751394743056,-51.0977060471047,0.919034077843561,1.59074355616754,1.23692215017734,FALSE
"glenohumeral","frontal plane elevation",1,7,"Henninger et al._10.0","in vivo",69,0.600346463459569,2.01479490992151,-1.11646339823327,0.994658815266552,1.51503980065546,1.10699555020927,FALSE
"glenohumeral","frontal plane elevation",1,7,"Henninger et al._15.0","in vivo",61,0.593965119466249,1.26209048201833,-0.472559641513811,0.998005942103149,1.49893578285907,1.07852050521681,FALSE
"glenohumeral","frontal plane elevation",1,7,"Henninger et al._5.0","in vivo",67,0.585149770473333,2.03404584392474,0.296785679960289,0.983307330778405,1.47668928788687,1.03867702623735,FALSE
"glenohumeral","frontal plane elevation",1,7,"Henninger et al._6.0","in vivo",53,0.572214631847603,2.02484150588887,-1.42722782546853,0.997513775397207,1.44404605429131,0.97911289323395,FALSE
"glenohumeral","frontal plane elevation",1,7,"Henninger et al._14.0","in vivo",78,0.535063603659096,1.89347597462691,-0.986310534900108,0.996055752996058,1.35029138133711,0.800240675529733,FALSE
"glenohumeral","frontal plane elevation",1,7,"Henninger et al._7.0","in vivo",80,0.526181285269663,1.309832944973,-0.260269358573454,0.997690537444583,1.32787588178617,0.755635357493018,FALSE
"glenohumeral","frontal plane elevation",1,7,"Henninger et al._12.0","in vivo",51,0.515585783220164,1.39491950100212,-0.172007974446797,0.996037343987745,1.30113697635411,0.701431316550711,FALSE
"glenohumeral","frontal plane elevation",1,7,"Henninger et al._3.0","in vivo",54,0.503881635404733,1.17701836222124,-3.51199348492067,0.996118332832149,1.27160028237419,0.640245423508059,FALSE
"glenohumeral","frontal plane elevation",1,7,"Henninger et al._16.0","in vivo",59,0.493818329645693,1.73628052477764,-3.577239435068,0.993648037209446,1.24620443234578,0.586490132915222,FALSE
"glenohumeral","frontal plane elevation",1,7,"Moissenet et al._9.0","ex vivo",100,0.470040418175123,0.945471869932184,-0.0411662266165163,0.999648320469794,1.18619827848792,0.454993627544768,FALSE
"glenohumeral","frontal plane elevation",1,7,"Henninger et al._4.0","in vivo",42,0.461943770850499,1.30519715751923,-6.34242655161712,0.996681362112345,1.16576550558877,0.408694439145749,FALSE
"glenohumeral","frontal plane elevation",1,7,"Henninger et al._13.0","in vivo",55,0.455239165289807,1.70727894361777,-0.33160742999155,0.99828868398232,1.14884570195803,0.369736966313045,FALSE
"glenohumeral","frontal plane elevation",1,7,"Ludewig et al._","in vivo",19,0.453402184737882,1.09668817855409,-4.1433855121785,0.999592069069389,1.14420988111358,0.358962930185118,FALSE
"glenohumeral","frontal plane elevation",1,7,"Henninger et al._18.0","in vivo",86,0.396257882598091,1.03255184665536,-1.10519848280338,0.999437061605501,1,0,FALSE
"glenohumeral","frontal plane elevation",1,7,"Henninger et al._8.0","in vivo",64,0.385720865118551,0.817881652987867,-0.159828156890904,0.99268033573569,0.973408686761122,-0.0718149415603095,FALSE
"glenohumeral","frontal plane elevation",1,7,"Henninger et al._9.0","in vivo",71,0.382862908180916,1.27192445900141,-0.490491289595832,0.995696045851091,0.966196320614871,-0.0916316831036671,FALSE
"glenohumeral","frontal plane elevation",1,7,"Henninger et al._20.0","in vivo",72,0.363300922365513,1.04144634455868,-32.2547401451595,0.983203384002487,0.916829515121581,-0.231379183763944,FALSE
"glenohumeral","frontal plane elevation",1,7,"Moissenet et al._6.0","ex vivo",100,0.356234565545899,0.786073730275426,-26.287537115733,0.995089291538241,0.898996792720496,-0.283717901890466,FALSE
"glenohumeral","frontal plane elevation",1,7,"Henninger et al._19.0","in vivo",38,0.355188674669816,0.809497558833331,-1.13903555544626,0.993599041077094,0.896357372983971,-0.291552638719513,FALSE
"glenohumeral","frontal plane elevation",1,7,"Begon et al._1.0","in vivo",94,0.350777846852563,0.918445798902418,-18.9163501746956,0.996042968597974,0.885226167748801,-0.324849816404497,FALSE
"glenohumeral","frontal plane elevation",1,7,"Moissenet et al._4.0","ex vivo",100,0.343851153796279,0.80747967238746,-3.45516135493687,0.994589035057023,0.867745902092335,-0.3779936893963,FALSE
"glenohumeral","frontal plane elevation",1,7,"Henninger et al._17.0","in vivo",67,0.33509816807489,0.855341256058045,-0.0153540356181321,0.999146449115661,0.845656787639898,-0.446701909322487,FALSE
"glenohumeral","frontal plane elevation",1,7,"Henninger et al._1.0","in vivo",52,0.310163271851476,0.704546077244384,-9.31173652274676,0.998448354370252,0.782730856526739,-0.652743048194978,FALSE
"glenohumeral","frontal plane elevation",1,7,"Henninger et al._11.0","in vivo",85,0.307642131194108,0.742124045475992,-1.84926082890013,0.999590501157271,0.776368483011699,-0.674490759476595,FALSE
"glenohumeral","frontal plane elevation",1,7,"Moissenet et al._7.0","ex vivo",100,0.274034663619027,0.681798239095018,-21.5845319686049,0.97360915587047,0.691556371881615,-0.982741247872106,FALSE
"glenohumeral","frontal plane elevation",1,7,"Moissenet et al._10.0","ex vivo",100,0.25249732986504,0.626260234213611,-0.144455314054591,0.999851619100218,0.637204560347227,-1.2008511262986,FALSE
"glenohumeral","frontal plane elevation",1,7,"Moissenet et al._2.0","ex vivo",100,0.245590020018991,0.661129607108746,-15.9967945252335,0.996332756989645,0.619773210336572,-1.27476007797441,FALSE
"glenohumeral","frontal plane elevation",1,7,"Moissenet et al._1.0","ex vivo",100,0.215291762332078,0.49659272700795,-10.4734931978457,0.99945075281866,0.543312251406844,-1.62560944261303,FALSE
"glenohumeral","frontal plane elevation",1,7,"Moissenet et al._8.0","ex vivo",100,0.189767326492889,0.402434003575691,0.110845557062409,0.999457484442733,0.478898552752229,-1.96187266052074,FALSE
"glenohumeral","frontal plane elevation",1,7,"Moissenet et al._3.0","ex vivo",100,0.10416349930157,0.223095907348322,-1.29201268962605,0.99969822659019,0.262867955127139,-3.56021201865938,FALSE
"sternoclavicular","scapular plane elevation",1,4,"Matsuki et al._10.0","in vivo",8,0.482141277736358,0.908351367108994,0.63907955505423,0.987744516771005,17.8283723472199,3.66569272245204,TRUE
"sternoclavicular","scapular plane elevation",1,4,"Matsuki et al._23.0","in vivo",8,0.420908501929488,0.782273887180721,-5.58654226351121,0.959688892452791,15.5641382371181,3.49286498288441,TRUE
"sternoclavicular","scapular plane elevation",1,4,"Matsuki et al._22.0","in vivo",8,0.35260459151798,0.663390883047551,0.2443295211532,0.989669446550715,13.0384313461736,3.2675527310623,TRUE
"sternoclavicular","scapular plane elevation",1,4,"Fung et al._","ex vivo",69,0.323811161810258,0.743049710020699,-22.9943496447507,0.998168945094295,11.9737227022821,3.15915592687011,TRUE
"sternoclavicular","scapular plane elevation",1,4,"Matsuki et al._11.0","in vivo",8,0.306461103234244,0.578462367581429,-37.1294584062136,0.980768659644574,11.3321611541991,3.08908195124238,TRUE
"sternoclavicular","scapular plane elevation",1,4,"Ludewig et al._","in vivo",19,0.15395157003317,0.430430620861472,-172.283830845016,0.997625392151456,5.69274202548426,2.21305306386855,FALSE
"sternoclavicular","scapular plane elevation",1,4,"Matsuki et al._8.0","in vivo",8,0.0365285791315179,0.0744769259019691,0.151902378521468,0.99993553551208,1.35073502341299,0.382563894340298,FALSE
"sternoclavicular","scapular plane elevation",1,4,"Matsuki et al._3.0","in vivo",8,0.0357120324279492,0.0891390745572598,0.487327449547493,0.999965290477125,1.32054117911393,0.353797039306902,FALSE
"sternoclavicular","scapular plane elevation",1,4,"Matsuki et al._19.0","in vivo",8,0.0344422696898889,0.0639612766669586,-15.2451116078944,0.999103251129378,1.27358854524477,0.307730034842667,FALSE
"sternoclavicular","scapular plane elevation",1,4,"Matsuki et al._21.0","in vivo",8,0.0330925806725115,0.0624855544877789,-205.115623882075,0.974890552692041,1.22368043850118,0.256862829971069,FALSE
"sternoclavicular","scapular plane elevation",1,4,"Matsuki et al._15.0","in vivo",8,0.0316504830081385,0.0678601241151817,-2.18788923882064,0.999944745540153,1.17035529230709,0.200167467255377,FALSE
"sternoclavicular","scapular plane elevation",1,4,"Matsuki et al._16.0","in vivo",8,0.0300302694760103,0.0690794536705006,-322.175637981196,0.99892460527202,1.11044386910681,0.133302785652621,FALSE
"sternoclavicular","scapular plane elevation",1,4,"Matsuki et al._9.0","in vivo",8,0.0270521968832948,0.0582826755124408,0.576093953705569,0.999573427792956,1.00032223150453,0.000410026844408876,FALSE
"sternoclavicular","scapular plane elevation",1,4,"Matsuki et al._14.0","in vivo",8,0.0270347683591092,0.0552626445518953,-28.5220725196209,0.999604416369576,0.999677768495469,-0.000410026844409441,FALSE
"sternoclavicular","scapular plane elevation",1,4,"Matsuki et al._12.0","in vivo",8,0.0262273652855949,0.0659535315149027,0.602846505445261,0.999943176476928,0.969822032648739,-0.0389915510122837,FALSE
"sternoclavicular","scapular plane elevation",1,4,"Matsuki et al._5.0","in vivo",8,0.0210154060137891,0.0441539618033282,-3.3206044718115,0.999972135146427,0.777096881646196,-0.320902040637264,FALSE
"sternoclavicular","scapular plane elevation",1,4,"Matsuki et al._6.0","in vivo",8,0.019458442940529,0.0406307067860752,-2.97842086881641,0.999967722173497,0.719524301403167,-0.418849334375468,FALSE
"sternoclavicular","scapular plane elevation",1,4,"Matsuki et al._7.0","in vivo",8,0.0191295075117782,0.040445681176065,-0.0675764199115574,0.999906833640017,0.707361096191831,-0.44054353900948,FALSE
"sternoclavicular","scapular plane elevation",1,4,"Matsuki et al._20.0","in vivo",8,0.0163612277774146,0.0271954573489861,-0.112196275111454,0.999981821325278,0.604997071072032,-0.639451575459663,FALSE
"sternoclavicular","scapular plane elevation",1,4,"Matsuki et al._2.0","in vivo",8,0.0154845267804525,0.0384292332005121,-0.864929471344337,0.999784132299275,0.572578872231224,-0.709529943493527,FALSE
"sternoclavicular","scapular plane elevation",1,4,"Matsuki et al._18.0","in vivo",8,0.0126799662569591,0.0204335600736769,-3.59902646181919,0.999980231703322,0.468873274739328,-0.963790392093196,FALSE
"sternoclavicular","scapular plane elevation",1,4,"Matsuki et al._13.0","in vivo",8,0.0113004278030593,0.0247210651397474,-24.1517370733154,0.999964011450238,0.417861410874641,-1.11035582233884,FALSE
"sternoclavicular","scapular plane elevation",1,4,"Matsuki et al._24.0","in vivo",8,0.0111079091798401,0.0277282736268489,-6.07078449632605,0.999986570015796,0.410742556179934,-1.13222075169,FALSE
"sternoclavicular","scapular plane elevation",1,4,"Matsuki et al._4.0","in vivo",8,0.00613545520695267,0.0113064178768525,-36.1423465879573,0.999991964499847,0.226873709014922,-1.88751904277353,FALSE
"sternoclavicular","scapular plane elevation",1,4,"Matsuki et al._17.0","in vivo",8,0.00594849204816798,0.0114407635422449,-5.23178147968595,0.999987996678318,0.219960281428561,-1.92689726869839,FALSE
"sternoclavicular","scapular plane elevation",1,4,"Matsuki et al._1.0","in vivo",8,0.00387465502015513,0.00692522046081834,-0.105481206940485,0.999997484584388,0.143275001760218,-2.47237701747382,FALSE
"scapulothoracic","scapular plane elevation",1,6,"Henninger et al._3.0","in vivo",100,0.642146639739285,1.72193678219967,0.29543110228165,0.963071711000258,4.53608814569802,1.43864356059342,FALSE
"scapulothoracic","scapular plane elevation",1,6,"Henninger et al._14.0","in vivo",100,0.559437934674206,1.40360689830007,-27.847565394681,0.928303936481694,3.95183845353415,1.30745471081421,FALSE
"scapulothoracic","scapular plane elevation",1,6,"Henninger et al._18.0","in vivo",100,0.493831812000762,2.32687332554016,-62.071019688412,0.95866835733823,3.48840045210656,1.1887740083108,FALSE
"scapulothoracic","scapular plane elevation",1,6,"Henninger et al._19.0","in vivo",100,0.491838306442733,1.50109192345614,-235.798696578406,0.884547451287691,3.47431843972722,1.18492544005226,FALSE
"scapulothoracic","scapular plane elevation",1,6,"Henninger et al._10.0","in vivo",100,0.427530692803971,1.41916351472727,-4.48551922688599,0.996137394236452,3.02005303389507,1.05160551185053,FALSE
"scapulothoracic","scapular plane elevation",1,6,"Henninger et al._6.0","in vivo",78,0.376702769454654,1.02676809497812,-2.93592683712577,0.995949849284342,2.66100741050149,0.931181745583167,FALSE
"scapulothoracic","scapular plane elevation",1,6,"Henninger et al._2.0","in vivo",100,0.357944900546658,0.871295135629047,-18.5644735473621,0.987586495604987,2.52850286788383,0.882584513170386,FALSE
"scapulothoracic","scapular plane elevation",1,6,"Kim et al._","in vivo",13,0.325485919350404,0.57241779438602,-0.594634855323201,0.999360991219482,2.29921443014391,0.792140477831925,FALSE
"scapulothoracic","scapular plane elevation",1,6,"Henninger et al._7.0","in vivo",100,0.312014067955245,0.971775068386975,-3.55776201884194,0.992042785408701,2.20405002121856,0.751922104119003,FALSE
"scapulothoracic","scapular plane elevation",1,6,"Henninger et al._11.0","in vivo",100,0.287627203363246,1.11575830946002,-62.909932996883,0.987609604867552,2.03178256618459,0.674490759476595,FALSE
"scapulothoracic","scapular plane elevation",1,6,"Henninger et al._15.0","in vivo",100,0.278857049023476,0.915262086104722,-78.7711692348392,0.974536538556186,1.96983068374115,0.645028446578217,FALSE
"scapulothoracic","scapular plane elevation",1,6,"Henninger et al._20.0","in vivo",100,0.275088882962365,0.724430246738414,-7.38649041820975,0.994056663926039,1.94321256827805,0.632084041462179,FALSE
"scapulothoracic","scapular plane elevation",1,6,"Henninger et al._13.0","in vivo",100,0.252713802861417,0.804504885416787,-71.1247751137638,0.97121011397079,1.78515624698956,0.551366837021116,FALSE
"scapulothoracic","scapular plane elevation",1,6,"Henninger et al._9.0","in vivo",100,0.245200334696228,0.663748514330823,-20.5694526077061,0.991798558471012,1.73208152578409,0.522650324143834,FALSE
"scapulothoracic","scapular plane elevation",1,6,"Henninger et al._16.0","in vivo",100,0.23258106142476,0.558684943800934,-41.05104015776,0.990678296638719,1.64293968130248,0.472379168305243,FALSE
"scapulothoracic","scapular plane elevation",1,6,"Matsuki et al._17.0","in vivo",8,0.229763148737746,0.373343282706887,-1.32687972125465,0.998415153326196,1.62303410281908,0.460781245121633,FALSE
"scapulothoracic","scapular plane elevation",1,6,"Henninger et al._17.0","in vivo",100,0.219183158935247,0.554760313314846,-0.718861354994523,0.997592667568951,1.54829764333343,0.415929018932847,FALSE
"scapulothoracic","scapular plane elevation",1,6,"Henninger et al._1.0","in vivo",100,0.205076278623088,0.817250659348456,-0.955653681249846,0.999332630188451,1.44864742545992,0.352633591037427,FALSE
"scapulothoracic","scapular plane elevation",1,6,"Henninger et al._5.0","in vivo",100,0.201463667371695,0.594764723572027,-3.03874529869541,0.996875435406111,1.4231281405204,0.335723646694305,FALSE
"scapulothoracic","scapular plane elevation",1,6,"Kijima et al._","in vivo",8,0.196770752082583,0.33437476850748,0.124847379126087,0.999799650608164,1.38997764794701,0.313298423846142,FALSE
"scapulothoracic","scapular plane elevation",1,6,"Henninger et al._4.0","in vivo",100,0.184456687083759,0.512578678178549,-10.1698089486163,0.995447206501828,1.30299177772709,0.251811730009336,FALSE
"scapulothoracic","scapular plane elevation",1,6,"Henninger et al._8.0","in vivo",100,0.149655896821361,0.405441148910015,-58.4086446490425,0.995784604517746,1.05716093099981,0.0528878088694266,FALSE
"scapulothoracic","scapular plane elevation",1,6,"Fung et al._","ex vivo",69,0.148147341739157,0.440318542304819,-15.909290506605,0.998864155043778,1.04650458180783,0.0432484486040016,FALSE
"scapulothoracic","scapular plane elevation",1,6,"Henninger et al._12.0","in vivo",100,0.146371479607211,0.460449467665732,-69.4356084854654,0.993154662415195,1.0339599904846,0.0317744657263666,FALSE
"scapulothoracic","scapular plane elevation",1,6,"Matsuki et al._13.0","in vivo",8,0.143377023899158,0.207887548912147,-1.49746367838149,0.999486846947967,1.01280732192025,0.0121080644734577,FALSE
"scapulothoracic","scapular plane elevation",1,6,"Karduna et al._","in vivo",25,0.14156396858123,0.488024325993941,-269.422448991548,0.995955402612064,1,0,FALSE
"scapulothoracic","scapular plane elevation",1,6,"Matsuki et al._14.0","in vivo",8,0.133308637312842,0.192651070520332,-14.0222875391751,0.998275601852596,0.941684799097368,-0.0571671334312296,FALSE
"scapulothoracic","scapular plane elevation",1,6,"Matsuki et al._5.0","in vivo",8,0.121017428612196,0.189684999746511,-6.20164290940466,0.999123150578032,0.854860384496463,-0.149202537485414,FALSE
"scapulothoracic","scapular plane elevation",1,6,"Matsuki et al._3.0","in vivo",8,0.11741323749184,0.202345240273446,-5.00000262713231,0.999261928019554,0.829400578894251,-0.17796933550637,FALSE
"scapulothoracic","scapular plane elevation",1,6,"Chu et al._","in vivo",12,0.107993068763393,0.180186729207792,-44.9926146424972,0.998585997525419,0.762857030964248,-0.257540991021874,FALSE
"scapulothoracic","scapular plane elevation",1,6,"Matsumura et al._","ex vivo",11,0.10464414339464,0.178755186362082,-89.8640216335647,0.99549857857291,0.739200408432985,-0.287512930930297,FALSE
"scapulothoracic","scapular plane elevation",1,6,"Ludewig et al._","in vivo",19,0.0889432275087291,0.245758815147148,-607.735118497447,0.997327055716173,0.628290011929787,-0.442186354908754,FALSE
"scapulothoracic","scapular plane elevation",1,6,"Matsuki et al._23.0","in vivo",8,0.0783675705691637,0.130766365620365,-29.0858304456178,0.999003819727188,0.553584159546897,-0.562627681644336,FALSE
"scapulothoracic","scapular plane elevation",1,6,"Matsuki et al._19.0","in vivo",8,0.0774924075262057,0.114013898799353,-17.7364328310761,0.999295819777026,0.547402056489679,-0.573312611229803,FALSE
"scapulothoracic","scapular plane elevation",1,6,"Matsuki et al._2.0","in vivo",8,0.0750171856426226,0.140787982989282,-49.5587355301515,0.997854353292439,0.529917226780608,-0.604199051072006,FALSE
"scapulothoracic","scapular plane elevation",1,6,"Matsuki et al._11.0","in vivo",8,0.0632130660938408,0.101143318538804,-38.5916398808152,0.99919370068834,0.446533582855645,-0.767091987578537,FALSE
"scapulothoracic","scapular plane elevation",1,6,"Matsuki et al._1.0","in vivo",8,0.0601650517131702,0.0916156331950067,-36.5684724289789,0.999244593983403,0.425002578806959,-0.81411170217899,FALSE
"scapulothoracic","scapular plane elevation",1,6,"Matsuki et al._12.0","in vivo",8,0.0571608927100884,0.101958794569163,-73.7111628041694,0.998665324646327,0.40378136670624,-0.862846204634353,FALSE
"scapulothoracic","scapular plane elevation",1,6,"Matsuki et al._10.0","in vivo",8,0.0566039055202548,0.106820290346025,-536.537941748655,0.993440913224754,0.399846840177945,-0.872162720276596,FALSE
"scapulothoracic","scapular plane elevation",1,6,"Matsuki et al._4.0","in vivo",8,0.0545761600413819,0.0882103801120957,-43.0410520791756,0.999303698093616,0.385522958902256,-0.906872145235797,FALSE
"scapulothoracic","scapular plane elevation",1,6,"Matsuki et al._15.0","in vivo",8,0.0470708752193936,0.0806017696632342,-25.8556683802612,0.999686551364896,0.332506044377981,-1.04763119042011,FALSE
"scapulothoracic","scapular plane elevation",1,6,"Matsuki et al._22.0","in vivo",8,0.0333959049917119,0.0636326996547216,-144.600760948289,0.999388357040938,0.235906815317551,-1.37418654003596,FALSE
"scapulothoracic","scapular plane elevation",1,6,"Matsuki et al._16.0","in vivo",8,0.031246987907784,0.0542943676875383,-269.074776738731,0.998782296563759,0.22072698456355,-1.43746729779286,FALSE
"scapulothoracic","scapular plane elevation",1,6,"Matsuki et al._24.0","in vivo",8,0.0297689602020576,0.049567475742687,-274.185916682987,0.999167103880922,0.210286279061017,-1.48357111871074,FALSE
"scapulothoracic","scapular plane elevation",1,6,"Matsuki et al._7.0","in vivo",8,0.0283614432926509,0.0544067096511101,-126.895106141676,0.999561727961832,0.200343657901742,-1.52965487999279,FALSE
"scapulothoracic","scapular plane elevation",1,6,"Matsuki et al._18.0","in vivo",8,0.0176964265490182,0.0254117463921351,-7602.11471570678,0.990789252774419,0.125006572833283,-1.97841993591241,FALSE
"scapulothoracic","scapular plane elevation",1,6,"Matsuki et al._8.0","in vivo",8,0.016800007344415,0.024862579737122,-595.660287876375,0.999248030439811,0.118674317432511,-2.02787918004652,FALSE
"scapulothoracic","scapular plane elevation",1,6,"Matsuki et al._21.0","in vivo",8,0.0166089257464728,0.0326255756997611,-767.190254529778,0.999262125772292,0.11732452765297,-2.03876280918615,FALSE
"scapulothoracic","scapular plane elevation",1,6,"Matsuki et al._20.0","in vivo",8,0.0156393392851868,0.0265856657440269,-412.70190527675,0.999627776826671,0.110475422820693,-2.09599282235642,FALSE
"scapulothoracic","scapular plane elevation",1,6,"Matsuki et al._6.0","in vivo",8,0.0150220178825694,0.0269074260359199,-905.51479745009,0.99918628679754,0.106114698769198,-2.13430981304869,FALSE
"scapulothoracic","scapular plane elevation",1,6,"Matsuki et al._9.0","in vivo",8,0.0117566780434558,0.019526943440062,-437.440812704927,0.999748713163502,0.0830485197701258,-2.36750425246116,FALSE
"glenohumeral","scapular plane elevation",1,10,"Henninger et al._19.0","in vivo",100,2.08508059337655,7.3089150506936,-3.26912828479621,0.971331174841101,3.57369192230005,2.69932453024044,FALSE
"glenohumeral","scapular plane elevation",1,10,"Henninger et al._4.0","in vivo",100,1.42965337119918,4.71093746122995,0.730388664933865,0.996049115811947,2.45033248142695,1.89949762233259,FALSE
"glenohumeral","scapular plane elevation",1,10,"Henninger et al._16.0","in vivo",100,1.32342915769073,3.83042387330337,0.919043643378618,0.995080632408444,2.26827111891957,1.73586410716156,FALSE
"glenohumeral","scapular plane elevation",1,10,"Henninger et al._5.0","in vivo",100,0.918667722825635,6.02325894743924,-3.43719823119505,0.992763171307999,1.57453646193275,0.962145572804409,FALSE
"glenohumeral","scapular plane elevation",1,10,"Henninger et al._3.0","in vivo",100,0.844189676532031,2.9476512322259,0.71844753490443,0.99745302358388,1.44688595610884,0.782952175403803,FALSE
"glenohumeral","scapular plane elevation",1,10,"Henninger et al._15.0","in vivo",100,0.802075531263304,2.3227300662669,0.758802741936647,0.99905112339392,1.37470506236329,0.674490759476595,FALSE
"glenohumeral","scapular plane elevation",1,10,"Henninger et al._7.0","in vivo",100,0.716134955862374,1.8699199837565,0.845409181573456,0.999066466737919,1.22740853047683,0.434285175197497,FALSE
"glenohumeral","scapular plane elevation",1,10,"Henninger et al._17.0","in vivo",100,0.702163894357863,4.02184765804395,-1.8528579145446,0.99692443329219,1.20346304376364,0.392528297619089,FALSE
"glenohumeral","scapular plane elevation",1,10,"Henninger et al._2.0","in vivo",100,0.671448364137927,1.96672611163176,-0.168792025336739,0.998175720682344,1.1508186315597,0.297726062938293,FALSE
"glenohumeral","scapular plane elevation",1,10,"Henninger et al._11.0","in vivo",100,0.648031447963648,2.92897036498212,0.823453857868888,0.999387140631654,1.11068356702405,0.22249020678093,FALSE
"glenohumeral","scapular plane elevation",1,10,"Henninger et al._18.0","in vivo",100,0.583452809786296,2.46791820139676,0.718603338250232,0.999390163471663,1,0,FALSE
"glenohumeral","scapular plane elevation",1,10,"Henninger et al._10.0","in vivo",100,0.551469323824531,2.49676334382477,0.667538148666889,0.999617586605691,0.945182394487947,-0.11948876020067,FALSE
"glenohumeral","scapular plane elevation",1,10,"Henninger et al._14.0","in vivo",100,0.55030112306363,2.00820672622307,0.615118221735556,0.998973457762613,0.943180174700318,-0.123983233900773,FALSE
"glenohumeral","scapular plane elevation",1,10,"Henninger et al._13.0","in vivo",100,0.527319726769445,1.90114967587458,-0.639047694491145,0.998625760013549,0.903791562787382,-0.214395757880991,FALSE
"glenohumeral","scapular plane elevation",1,10,"Henninger et al._9.0","in vivo",100,0.522745361459392,1.83501421133028,-1.12741025712614,0.993395683077283,0.89595139948141,-0.232861624192605,FALSE
"glenohumeral","scapular plane elevation",1,10,"Henninger et al._12.0","in vivo",100,0.483541637184278,1.89446239579667,0.424063721134621,0.99856197307693,0.828758777186089,-0.398087341611965,FALSE
"glenohumeral","scapular plane elevation",1,10,"Henninger et al._20.0","in vivo",100,0.416936851687687,1.61315697236758,-0.163484386548949,0.997693845003309,0.7146025260216,-0.712194832746639,FALSE
"glenohumeral","scapular plane elevation",1,10,"Henninger et al._6.0","in vivo",78,0.415458734008902,1.85667256650186,0.13101029721948,0.999243523725955,0.712069128883062,-0.719722007767307,FALSE
"glenohumeral","scapular plane elevation",1,10,"Henninger et al._8.0","in vivo",100,0.412475480234317,1.28860556464496,0.309657332222953,0.987813303258708,0.706956026804288,-0.734995859241987,FALSE
"glenohumeral","scapular plane elevation",1,10,"Henninger et al._1.0","in vivo",100,0.400225518507898,1.1711294820593,-3.67716350138292,0.995776146155289,0.685960392674244,-0.798894136144131,FALSE
"glenohumeral","scapular plane elevation",1,10,"Ludewig et al._","in vivo",19,0.309769156575312,0.910706583983099,-2.51436954439748,0.998004776089805,0.530924097681135,-1.34189789474474,FALSE
"sternoclavicular","sagittal plane elevation",1,4,"Moissenet et al._10.0","ex vivo",86,0.355274212246262,0.82355556114522,-2.72447912912842,0.99673797401422,1.43040040317657,1.03954990410201,FALSE
"sternoclavicular","sagittal plane elevation",1,4,"Begon et al._1.0","in vivo",100,0.333356683789874,0.938045320987442,-0.660373763707596,0.994341999726157,1.34215633574923,0.854648635047342,FALSE
"sternoclavicular","sagittal plane elevation",1,4,"Moissenet et al._6.0","ex vivo",82,0.302886067163904,0.645153061599306,0.820372823139782,0.999019365905482,1.21947593620305,0.576306558198627,FALSE
"sternoclavicular","sagittal plane elevation",1,4,"Moissenet et al._3.0","ex vivo",73,0.280143941893081,0.69693013798107,-0.550262720952685,0.997280280163323,1.12791188782814,0.349660248034627,FALSE
"sternoclavicular","sagittal plane elevation",1,4,"Moissenet et al._1.0","ex vivo",87,0.269332610309488,0.564071273913623,0.917307830448651,0.998607405842812,1.08438344550672,0.235379208897427,FALSE
"sternoclavicular","sagittal plane elevation",1,4,"Ludewig et al._","in vivo",19,0.267902801447097,0.675042284473527,-7.91203916991134,0.991555475200808,1.07862676769918,0.21992301761377,FALSE
"sternoclavicular","sagittal plane elevation",1,4,"Begon et al._2.0","in vivo",100,0.25974290513325,0.800288922674916,-2.08869088436218,0.995127173283271,1.04577349950556,0.130104690479579,FALSE
"sternoclavicular","sagittal plane elevation",1,4,"Moissenet et al._9.0","ex vivo",70,0.25083418698911,0.628089039657979,-3.2674729206372,0.998587061947146,1.00990533461795,0.0287634824084611,FALSE
"sternoclavicular","sagittal plane elevation",1,4,"Moissenet et al._2.0","ex vivo",92,0.245913732624568,0.793080716667347,0.705962206351404,0.998927521439499,0.990094665382054,-0.0287634824084604,FALSE
"sternoclavicular","sagittal plane elevation",1,4,"Moissenet et al._4.0","ex vivo",67,0.201438346765284,0.406837210033338,-2.5566815493075,0.997379970729329,0.811028446468155,-0.60805266234243,FALSE
"sternoclavicular","sagittal plane elevation",1,4,"Moissenet et al._5.0","ex vivo",100,0.192428189240602,0.416897641240851,-0.118299596336858,0.999659037905024,0.774751867668632,-0.74092885661076,FALSE
"sternoclavicular","sagittal plane elevation",1,4,"Gutierrez Delgado et al._1.0","ex vivo",60,0.178950962846357,0.430739972349347,-9.98775784917234,0.981469527557915,0.720490034404282,-0.951773156358886,FALSE
"sternoclavicular","sagittal plane elevation",1,4,"Fung et al._","ex vivo",51,0.177855237605432,0.501643542168544,-10.8004706954658,0.997883787906305,0.716078439719488,-0.969607566244481,FALSE
"sternoclavicular","sagittal plane elevation",1,4,"Moissenet et al._7.0","ex vivo",80,0.145034856716021,0.424984016505071,0.85709595583429,0.998569822072732,0.583937449919528,-1.56195897650929,FALSE
"sternoclavicular","sagittal plane elevation",1,4,"Moissenet et al._8.0","ex vivo",68,0.0903361861673802,0.241426407532749,0.648191882437117,0.999680715156566,0.363710375425971,-2.93669521367004,FALSE
"sternoclavicular","sagittal plane elevation",1,4,"Oki et al._","ex vivo",21,0.0895126138928646,0.168098816416952,-78.9163184306557,0.997385978260936,0.360394519467657,-2.96328931468354,FALSE
"acromioclavicular","sagittal plane elevation",1,7,"Begon et al._1.0","in vivo",100,0.229445792955055,0.785177545534793,0.838263807466987,0.99321439895379,2.52850506424463,1.69069887427706,FALSE
"acromioclavicular","sagittal plane elevation",1,7,"Moissenet et al._3.0","ex vivo",73,0.192842858865382,0.411849654231716,0.113895311837489,0.998665084400329,2.12513874830577,1.3739464415531,FALSE
"acromioclavicular","sagittal plane elevation",1,7,"Begon et al._2.0","in vivo",100,0.17535722594053,0.510624472173404,-0.32685062970655,0.989511701689149,1.93244612652093,1.20070708220938,FALSE
"acromioclavicular","sagittal plane elevation",1,7,"Moissenet et al._10.0","ex vivo",86,0.13138190812801,0.557352081308586,-2.59275283609819,0.996352814390342,1.44783574269706,0.674490759476595,FALSE
"acromioclavicular","sagittal plane elevation",1,7,"Ludewig et al._","in vivo",19,0.123878349224993,0.431144881163732,-173.774195637476,0.98733836848711,1.36514611722263,0.56730637252806,FALSE
"acromioclavicular","sagittal plane elevation",1,7,"Moissenet et al._2.0","ex vivo",92,0.110224368464307,0.326035039180766,-1.65655438169641,0.996806971882056,1.21467850979408,0.354458991080895,FALSE
"acromioclavicular","sagittal plane elevation",1,7,"Moissenet et al._1.0","ex vivo",87,0.0907436556879509,0.322311537327117,-30.2651972660913,0.991106982480136,1,0,FALSE
"acromioclavicular","sagittal plane elevation",1,7,"Moissenet et al._8.0","ex vivo",68,0.0816967038754531,0.301388492620092,-8.33780798624658,0.995314414676033,0.900302101079016,-0.191418801908949,FALSE
"acromioclavicular","sagittal plane elevation",1,7,"Moissenet et al._6.0","ex vivo",82,0.0756562199923924,0.206620998650322,-25.9918855354673,0.998676356494529,0.833735641558885,-0.33142029812715,FALSE
"acromioclavicular","sagittal plane elevation",1,7,"Moissenet et al._5.0","ex vivo",100,0.0733451446058022,0.178951171501041,0.720470599847113,0.999280375991166,0.808267465639927,-0.387963577413943,FALSE
"acromioclavicular","sagittal plane elevation",1,7,"Moissenet et al._7.0","ex vivo",80,0.0602819358635404,0.15923554318114,0.543669678500105,0.999534484256275,0.664310197848297,-0.745456072124461,FALSE
"acromioclavicular","sagittal plane elevation",1,7,"Moissenet et al._9.0","ex vivo",70,0.0529655607260325,0.140640520639423,-19.1646543174653,0.998876827558,0.583683347606915,-0.981283855959335,FALSE
"acromioclavicular","sagittal plane elevation",1,7,"Moissenet et al._4.0","ex vivo",67,0.0517186196542805,0.147252203867836,-127.957781481941,0.993335503656427,0.569941989466794,-1.02470564463135,FALSE
"scapulothoracic","sagittal plane elevation",1,7,"Karduna et al._","in vivo",25,1.01589622349896,4.0026902849559,-47.4992532725973,0.933905600279528,6.64007773526363,1.93427875719639,FALSE
"scapulothoracic","sagittal plane elevation",1,7,"Henninger et al._16.0","in vivo",100,0.491467039047865,1.56583803199017,0.158355212486512,0.962042171603176,3.21231565598098,1.19236167295594,FALSE
"scapulothoracic","sagittal plane elevation",1,7,"Henninger et al._18.0","in vivo",100,0.460978822555283,1.12453455945523,-2.02924782302533,0.984425269222146,3.01303927042358,1.12692666648021,FALSE
"scapulothoracic","sagittal plane elevation",1,7,"Yoshida et al._","in vivo",13,0.407352092032597,1.03578668501909,-4.1442579375996,0.985388253761381,2.66252545698283,1.00056389388218,FALSE
"scapulothoracic","sagittal plane elevation",1,7,"Henninger et al._3.0","in vivo",85,0.397798989975721,1.38500622334334,-22.5046328185904,0.992594434841756,2.60008468911376,0.976316925578936,FALSE
"scapulothoracic","sagittal plane elevation",1,7,"Henninger et al._9.0","in vivo",97,0.390648151810781,0.947942727024422,0.472180416627248,0.995565842565691,2.55334554372748,0.957783047500086,FALSE
"scapulothoracic","sagittal plane elevation",1,7,"Henninger et al._1.0","in vivo",88,0.383449579350388,0.984262127047394,-2.70584132180311,0.917314269631211,2.50629439852753,0.938779567739096,FALSE
"scapulothoracic","sagittal plane elevation",1,7,"Henninger et al._8.0","in vivo",95,0.343736748758788,1.08989261907592,-3.21927134224896,0.976486682660343,2.24672430060221,0.827070744886927,FALSE
"scapulothoracic","sagittal plane elevation",1,7,"Henninger et al._19.0","in vivo",50,0.327422210884757,1.11901640609908,-18.8631188541004,0.967280619294311,2.14008959009472,0.777388069760459,FALSE
"scapulothoracic","sagittal plane elevation",1,7,"Henninger et al._10.0","in vivo",100,0.327166115503257,1.20324837578185,-0.311468764192362,0.997291223436798,2.13841570530071,0.776588597241732,FALSE
"scapulothoracic","sagittal plane elevation",1,7,"Henninger et al._5.0","in vivo",79,0.31850775326857,1.00417068130083,-5.32228938161201,0.987853920370325,2.08182311545883,0.749184304241446,FALSE
"scapulothoracic","sagittal plane elevation",1,7,"Henninger et al._15.0","in vivo",86,0.304528571664846,0.889646746764697,-0.529558997219573,0.988824804067161,1.99045270736302,0.703326706484245,FALSE
"scapulothoracic","sagittal plane elevation",1,7,"Henninger et al._20.0","in vivo",92,0.300512760642309,0.808997359983746,-8.12946963921624,0.989522395309309,1.96420465491143,0.689763429572842,FALSE
"scapulothoracic","sagittal plane elevation",1,7,"Henninger et al._7.0","in vivo",92,0.234775436389888,0.674329891430464,-5.36339937090236,0.997892852302175,1.5345338548361,0.437536138052779,FALSE
"scapulothoracic","sagittal plane elevation",1,7,"Henninger et al._11.0","in vivo",90,0.188779649137715,0.557298849835568,-15.8763506414414,0.997187349338808,1.23389723882707,0.214746929274973,FALSE
"scapulothoracic","sagittal plane elevation",1,7,"Begon et al._2.0","in vivo",100,0.16923130725649,0.76189481137957,-29.8200144394814,0.995167834577449,1.10612581229319,0.103056540466929,FALSE
"scapulothoracic","sagittal plane elevation",1,7,"Moissenet et al._10.0","ex vivo",100,0.169153141124482,0.481077044683124,-4.90762533037851,0.999209838451033,1.10561490460323,0.102584501054097,FALSE
"scapulothoracic","sagittal plane elevation",1,7,"Henninger et al._4.0","in vivo",63,0.155668555883195,0.47853184127209,-12.0500088554483,0.993211979855362,1.01747726597558,0.0177031540263398,FALSE
"scapulothoracic","sagittal plane elevation",1,7,"Henninger et al._2.0","in vivo",69,0.153090392281579,0.41537851474461,-1.33050811509305,0.991919515054989,1.00062593182061,0.000639539125592569,FALSE
"scapulothoracic","sagittal plane elevation",1,7,"Moissenet et al._1.0","ex vivo",100,0.152898863869389,0.462153751464299,-1.67015487225371,0.998704860997606,0.99937406817939,-0.000639539125592342,FALSE
"scapulothoracic","sagittal plane elevation",1,7,"Moissenet et al._2.0","ex vivo",100,0.152073025107044,0.629369953911947,0.129676881895227,0.998690890838954,0.993976239688721,-0.00617312357975273,FALSE
"scapulothoracic","sagittal plane elevation",1,7,"Henninger et al._17.0","in vivo",80,0.14971196514626,0.419842836837635,0.807132784274115,0.998717708181568,0.978543933401345,-0.0221609074745809,FALSE
"scapulothoracic","sagittal plane elevation",1,7,"Moissenet et al._9.0","ex vivo",100,0.141368957280501,0.328679660606362,-42.3561707795507,0.997591984825221,0.924012555596087,-0.0807474551758748,FALSE
"scapulothoracic","sagittal plane elevation",1,7,"Henninger et al._6.0","in vivo",63,0.115768618046589,0.370370233741198,-5.93511676263347,0.99939704340863,0.756684201941202,-0.28487015783841,FALSE
"scapulothoracic","sagittal plane elevation",1,7,"Moissenet et al._4.0","ex vivo",100,0.104552143963072,0.286807341097095,-18.2914954059352,0.998842648801421,0.683371339753758,-0.388993136473303,FALSE
"scapulothoracic","sagittal plane elevation",1,7,"Begon et al._1.0","in vivo",100,0.10406017545733,0.35266013069019,-1.89978364837569,0.998088845366129,0.680155746422608,-0.393812261372357,FALSE
"scapulothoracic","sagittal plane elevation",1,7,"Matsumura et al._","ex vivo",11,0.103543524901347,0.187889723355887,-0.450426370852316,0.997865108122743,0.676778826837376,-0.398897750554485,FALSE
"scapulothoracic","sagittal plane elevation",1,7,"Henninger et al._13.0","in vivo",85,0.0965837858510531,0.276670531452297,-1.11192712503263,0.99610708397831,0.6312887391275,-0.469991561657768,FALSE
"scapulothoracic","sagittal plane elevation",1,7,"Moissenet et al._7.0","ex vivo",100,0.0913712694982025,0.218752935009064,-0.654934882711772,0.995413862008116,0.597218808578834,-0.526677432554685,FALSE
"scapulothoracic","sagittal plane elevation",1,7,"Moissenet et al._5.0","ex vivo",100,0.0896647064045547,0.198568179030186,-5.17000442468404,0.999554634929122,0.586064409792977,-0.545941161274054,FALSE
"scapulothoracic","sagittal plane elevation",1,7,"Ludewig et al._","in vivo",19,0.0890477524570071,0.267097778676487,-206.660268602534,0.998197195138552,0.582031889466557,-0.55299571702203,FALSE
"scapulothoracic","sagittal plane elevation",1,7,"Moissenet et al._6.0","ex vivo",100,0.079493881545539,0.225305356499909,-4.82401646530147,0.9997802328852,0.51958609622763,-0.668955664661815,FALSE
"scapulothoracic","sagittal plane elevation",1,7,"Henninger et al._14.0","in vivo",87,0.0786372419566658,0.235523278352296,-13.1048358332704,0.997269759180349,0.513986948076817,-0.680025854291375,FALSE
"scapulothoracic","sagittal plane elevation",1,7,"Henninger et al._12.0","in vivo",63,0.0728796893345139,0.191068857652766,-1.81339761310421,0.998355605334935,0.476354563890679,-0.757714212243415,FALSE
"scapulothoracic","sagittal plane elevation",1,7,"Moissenet et al._3.0","ex vivo",100,0.0718967512916219,0.194194205943155,-6.09872647656557,0.998889305783813,0.469929906664106,-0.771588316359721,FALSE
"scapulothoracic","sagittal plane elevation",1,7,"Moissenet et al._8.0","ex vivo",100,0.0666349671266492,0.179978041658455,-0.0114535749975557,0.999796177892198,0.435537952965074,-0.849242134507861,FALSE
"scapulothoracic","sagittal plane elevation",1,7,"Fung et al._","ex vivo",69,0.0659009605486428,0.178433247295672,-7.26371541699333,0.998365854572781,0.430740355904056,-0.860559381579563,FALSE
"scapulothoracic","sagittal plane elevation",1,7,"Oki et al._","ex vivo",21,0.0492097167442433,0.114574667627672,-0.214733807092558,0.999826340162218,0.321643428682766,-1.15897047589189,FALSE
"glenohumeral","sagittal plane elevation",1,10,"Moissenet et al._10.0","ex vivo",100,2.69367953484759,9.51190546903844,0.0812022724216405,0.989901011166812,8.35089361649601,4.35442406925342,TRUE
"glenohumeral","sagittal plane elevation",1,10,"Moissenet et al._9.0","ex vivo",100,2.25645548151798,13.0939925269771,-0.428180415717479,0.971922959605874,6.99541999437659,3.99122637226092,TRUE
"glenohumeral","sagittal plane elevation",1,10,"Moissenet et al._2.0","ex vivo",100,1.67996480553229,9.56832467372698,-1.90899420048247,0.983821194552196,5.20819466048746,3.38623689142343,TRUE
"glenohumeral","sagittal plane elevation",1,10,"Henninger et al._9.0","in vivo",69,1.29249496861123,9.08980638077183,0.13079894747574,0.959916346098115,4.00696810555803,2.84855806644511,FALSE
"glenohumeral","sagittal plane elevation",1,10,"Moissenet et al._7.0","ex vivo",100,0.977808808489291,3.11331951705809,-0.260270545839684,0.995675954318399,3.03138410910813,2.27639305566354,FALSE
"glenohumeral","sagittal plane elevation",1,10,"Henninger et al._20.0","in vivo",84,0.888647153705086,3.98217192462159,-0.18390325320706,0.982998659364533,2.7549668574859,2.08032179866565,FALSE
"glenohumeral","sagittal plane elevation",1,10,"Moissenet et al._5.0","ex vivo",100,0.821741618177827,2.60872786570588,-1.50511935137064,0.998497842642721,2.54754759980703,1.91980823031366,FALSE
"glenohumeral","sagittal plane elevation",1,10,"Moissenet et al._1.0","ex vivo",100,0.63967359991835,2.14498060283788,-0.123300924197672,0.998940804730197,1.98310382251963,1.40618451254704,FALSE
"glenohumeral","sagittal plane elevation",1,10,"Moissenet et al._3.0","ex vivo",100,0.552062460194089,2.07313095923827,0.765802404646021,0.996848355687578,1.71149344794007,1.10412928880929,FALSE
"glenohumeral","sagittal plane elevation",1,10,"Henninger et al._16.0","in vivo",81,0.486287723505691,1.18113340877078,0.63202251534601,0.998324774919225,1.5075798711274,0.843981551816236,FALSE
"glenohumeral","sagittal plane elevation",1,10,"Henninger et al._5.0","in vivo",67,0.446447645934374,1.18196053485606,-0.252087746719648,0.999573802259727,1.38406842696081,0.668694867569434,FALSE
"glenohumeral","sagittal plane elevation",1,10,"Moissenet et al._8.0","ex vivo",100,0.429559872500717,1.61014006237403,-0.875784873590641,0.999118473496372,1.33171327574868,0.589619495098675,FALSE
"glenohumeral","sagittal plane elevation",1,10,"Henninger et al._11.0","in vivo",81,0.398072690695605,1.40032795943298,0.443948117211797,0.99951371655049,1.23409731878867,0.433510199455852,FALSE
"glenohumeral","sagittal plane elevation",1,10,"Henninger et al._18.0","in vivo",100,0.380973062749319,1.04642190186939,0.103841761519188,0.999688369648566,1.18108538028085,0.343474170584136,FALSE
"glenohumeral","sagittal plane elevation",1,10,"Henninger et al._19.0","in vivo",42,0.372940546879821,1.05856837716479,-1.22711771821665,0.996666079924793,1.15618312868366,0.299775389901305,FALSE
"glenohumeral","sagittal plane elevation",1,10,"Henninger et al._10.0","in vivo",82,0.362227767308109,1.56378374876175,-0.487143369890427,0.999761194466483,1.12297157497692,0.240007350950874,FALSE
"glenohumeral","sagittal plane elevation",1,10,"Henninger et al._15.0","in vivo",61,0.3374122729909,1.06349447430987,0.219174263818155,0.999319924511096,1.04603905557256,0.0944770689898747,FALSE
"glenohumeral","sagittal plane elevation",1,10,"Begon et al._1.0","in vivo",100,0.307711388871253,1.01278744336908,-0.441111071262747,0.999807325033145,0.953960944427437,-0.0944770689898747,FALSE
"glenohumeral","sagittal plane elevation",1,10,"Ludewig et al._","in vivo",19,0.307177212584256,0.605806463508472,-0.165133275998839,0.999687110625892,0.952304901350501,-0.0980400306414118,FALSE
"glenohumeral","sagittal plane elevation",1,10,"Henninger et al._3.0","in vivo",73,0.306220534690653,0.979950408714956,-4.57992273366593,0.999601733338915,0.949339026898333,-0.104436595240163,FALSE
"glenohumeral","sagittal plane elevation",1,10,"Henninger et al._13.0","in vivo",67,0.289909079202042,1.07149253150284,-4.93461439448617,0.995825773837482,0.898770565522949,-0.216685810702518,FALSE
"glenohumeral","sagittal plane elevation",1,10,"Henninger et al._1.0","in vivo",74,0.278920172456916,0.715209843523667,0.0448436719210981,0.999407264032025,0.86470296765061,-0.295926724979585,FALSE
"glenohumeral","sagittal plane elevation",1,10,"Henninger et al._8.0","in vivo",75,0.275288616050871,1.08325497539935,0.622029752708169,0.999241812947523,0.853444486150916,-0.322801725277254,FALSE
"glenohumeral","sagittal plane elevation",1,10,"Henninger et al._6.0","in vivo",59,0.266826854350712,0.930691477466425,-0.435009162549484,0.999318474253849,0.827211494864455,-0.386823416001365,FALSE
"glenohumeral","sagittal plane elevation",1,10,"Moissenet et al._6.0","ex vivo",100,0.265770619087805,0.946906194298416,-12.0394259843954,0.999399117981372,0.82393697456595,-0.394957057120182,FALSE
"glenohumeral","sagittal plane elevation",1,10,"Henninger et al._12.0","in vivo",56,0.258323068041836,0.979562550917024,-0.187205965290647,0.999666700664618,0.800848219692282,-0.453242039782778,FALSE
"glenohumeral","sagittal plane elevation",1,10,"Henninger et al._7.0","in vivo",67,0.246042653915361,0.655369620696391,0.441810973609268,0.99948985780636,0.762776715413467,-0.553121496059737,FALSE
"glenohumeral","sagittal plane elevation",1,10,"Henninger et al._17.0","in vivo",80,0.231248521106456,0.816541514067957,-2.22980462315341,0.997591301059167,0.716912228700325,-0.680286651383756,FALSE
"glenohumeral","sagittal plane elevation",1,10,"Henninger et al._2.0","in vivo",59,0.224480636788885,0.655120404713557,-0.467721229802937,0.99977715827922,0.695930563578834,-0.7411983789062,FALSE
"glenohumeral","sagittal plane elevation",1,10,"Henninger et al._4.0","in vivo",54,0.200273904063594,0.566260041905544,-0.65876757990882,0.999881586812564,0.620885315182834,-0.975185448558505,FALSE
"glenohumeral","sagittal plane elevation",1,10,"Henninger et al._14.0","in vivo",75,0.186320505259632,0.779695667427106,-9.51455786802468,0.998965862336565,0.577627255902586,-1.12327895205648,FALSE
"glenohumeral","sagittal plane elevation",1,10,"Begon et al._2.0","in vivo",100,0.174240466457494,0.508889916608883,-0.671315489068345,0.999770530222237,0.540176951360142,-1.26073854858132,FALSE
"glenohumeral","sagittal plane elevation",1,10,"Moissenet et al._4.0","ex vivo",100,0.116062547081696,0.565902698637878,-0.512049359454026,0.999679591833218,0.359814881837323,-2.09393475286798,FALSE
"glenohumeral","sagittal plane elevation",1,10,"Yoshida et al._","in vivo",13,0.084804138468406,0.17706051408895,-1.60018137185733,0.999945691485686,0.262908163137648,-2.73739974154013,FALSE
"sternoclavicular","horizontal flexion",1,8,"Oki et al._","ex vivo",17,0.185798929381909,0.394285485494258,-300.611630874221,0.995535535350066,3.12287434425788,1.2132430302532,FALSE
"sternoclavicular","horizontal flexion",1,8,"Moissenet et al._1.0","ex vivo",100,0.185178649407333,0.491350955764954,-0.235836488847068,0.997794792735102,3.11244879215537,1.20990831201721,FALSE
"sternoclavicular","horizontal flexion",1,8,"Moissenet et al._8.0","ex vivo",100,0.140113900719868,0.651075377815864,-18.465788640609,0.97757465733966,2.35500875751858,0.931819688990816,FALSE
"sternoclavicular","horizontal flexion",1,8,"Moissenet et al._2.0","ex vivo",100,0.123394923915934,0.469990337361352,0.38341871009067,0.999297893874755,2.07399926033289,0.805107919582045,FALSE
"sternoclavicular","horizontal flexion",1,8,"Moissenet et al._9.0","ex vivo",100,0.082091494760847,0.199115475841701,-33.540386888418,0.996490708782061,1.37977879486851,0.398687547718933,FALSE
"sternoclavicular","horizontal flexion",1,8,"Moissenet et al._3.0","ex vivo",100,0.036900759745674,0.0691346737546965,-4.1076944437537,0.999526975283468,0.620221205131494,-0.398687547718933,FALSE
"sternoclavicular","horizontal flexion",1,8,"Moissenet et al._6.0","ex vivo",100,0.035395580641732,0.0715502316159835,-37.0248426119733,0.998591159625885,0.594922430682953,-0.440216719403866,FALSE
"sternoclavicular","horizontal flexion",1,8,"Moissenet et al._7.0","ex vivo",100,0.0333361956967977,0.0804894235759726,-649.955686203567,0.985000430194987,0.560308666056425,-0.499992963230899,FALSE
"sternoclavicular","horizontal flexion",1,8,"Moissenet et al._5.0","ex vivo",100,0.0319011022882461,0.0895763654196244,-13.337009602522,0.99964814421601,0.536187879127845,-0.543873599371146,FALSE
"sternoclavicular","horizontal flexion",1,8,"Moissenet et al._10.0","ex vivo",100,0.0177752317903772,0.0415967405567343,-13.1513350648385,0.999941351538713,0.298762837364395,-1.12707917301805,FALSE
"acromioclavicular","horizontal flexion",1,7,"Moissenet et al._1.0","ex vivo",100,0.23156223005458,0.672347254544732,-1.99581415506582,0.992134897550765,3.68738875293462,1.30010722165136,FALSE
"acromioclavicular","horizontal flexion",1,7,"Moissenet et al._8.0","ex vivo",100,0.145135492465024,0.45856424976936,-20.9859700482142,0.881654367967935,2.31113244349484,0.834648839275597,FALSE
"acromioclavicular","horizontal flexion",1,7,"Moissenet et al._9.0","ex vivo",100,0.127192525874217,0.282437400700125,-18.7316136559816,0.987792427121519,2.02540927877308,0.703169560500599,FALSE
"acromioclavicular","horizontal flexion",1,7,"Moissenet et al._2.0","ex vivo",100,0.126551334805008,0.317857021218728,0.38864516005784,0.991242966719459,2.01519897488834,0.698134338694713,FALSE
"acromioclavicular","horizontal flexion",1,7,"Moissenet et al._7.0","ex vivo",100,0.0627984315107244,0.125868957453022,0.213422234947148,0.998942517249891,1,0,FALSE
"acromioclavicular","horizontal flexion",1,7,"Moissenet et al._5.0","ex vivo",100,0.0454788768876674,0.0986265985232251,-0.807601101111039,0.999561602899033,0.724204025380804,-0.321492370515976,FALSE
"acromioclavicular","horizontal flexion",1,7,"Moissenet et al._10.0","ex vivo",100,0.0447717354893742,0.122501817299352,-2.05050944802067,0.999202225012988,0.712943530790706,-0.33710552848627,FALSE
"acromioclavicular","horizontal flexion",1,7,"Moissenet et al._6.0","ex vivo",100,0.0360394263093078,0.0788170054237725,-346.405123672022,0.996977568077273,0.5738905485745,-0.553269089608162,FALSE
"acromioclavicular","horizontal flexion",1,7,"Moissenet et al._3.0","ex vivo",100,0.0319107593716662,0.0649919762593782,-0.231398626509542,0.999770331950438,0.508145802434838,-0.674490759476595,FALSE
"scapulothoracic","horizontal flexion",1,5,"Bourne et al._5.0","in vivo",61,0.501857143410569,3.07201888925181,-0.0804448714769244,0.997013497668506,2.98562105082933,1.47026637365162,FALSE
"scapulothoracic","horizontal flexion",1,5,"Moissenet et al._8.0","ex vivo",100,0.469436189810297,1.72997700964104,-7.86783065977638,0.956441611008886,2.79274408807632,1.38049833045437,FALSE
"scapulothoracic","horizontal flexion",1,5,"Bourne et al._4.0","in vivo",58,0.304771306986737,1.4926349571508,0.156299906847682,0.997271669120903,1.81312877932666,0.799855187003967,FALSE
"scapulothoracic","horizontal flexion",1,5,"Bourne et al._1.0","in vivo",61,0.286382719683729,0.960885142047486,0.488111573005702,0.998537759498472,1.70373240215492,0.716203855497628,FALSE
"scapulothoracic","horizontal flexion",1,5,"Moissenet et al._9.0","ex vivo",100,0.2731308475721,0.626528572344284,-6.79037356657019,0.988303609423733,1.62489508986622,0.65251948611945,FALSE
"scapulothoracic","horizontal flexion",1,5,"Bourne et al._6.0","in vivo",58,0.259556473511823,0.889481618084154,-1.15201089914431,0.999039050088228,1.54413916663521,0.583998043646774,FALSE
"scapulothoracic","horizontal flexion",1,5,"Bourne et al._2.0","in vivo",61,0.226767548318309,1.06405795100685,-0.0166691144822977,0.999411951174687,1.34907308741885,0.402469120725152,FALSE
"scapulothoracic","horizontal flexion",1,5,"Moissenet et al._2.0","ex vivo",100,0.187434612311809,0.573959355954631,-1.22624877735396,0.998770361007157,1.11507573722898,0.146410401640876,FALSE
"scapulothoracic","horizontal flexion",1,5,"Bourne et al._7.0","in vivo",65,0.168091373575748,0.527585950930142,-3.8405197966734,0.99761741539406,1,0,FALSE
"scapulothoracic","horizontal flexion",1,5,"Moissenet et al._1.0","ex vivo",89,0.162460550772234,0.37633805034492,0.469698530429241,0.998939052682153,0.966501417153472,-0.0457993374105543,FALSE
"scapulothoracic","horizontal flexion",1,5,"Bourne et al._3.0","in vivo",57,0.143953877204914,0.515720087027804,0.58245238261699,0.999782052948386,0.856402527640979,-0.208366596567339,FALSE
"scapulothoracic","horizontal flexion",1,5,"Moissenet et al._10.0","ex vivo",100,0.10428483181662,0.260392409499914,0.00925268739239193,0.999205832646925,0.620405613912282,-0.641683500091883,FALSE
"scapulothoracic","horizontal flexion",1,5,"Moissenet et al._5.0","ex vivo",100,0.101770359016296,0.175684107002809,-15.4858572998049,0.99623994405616,0.605446649946226,-0.674490759476595,FALSE
"scapulothoracic","horizontal flexion",1,5,"Moissenet et al._3.0","ex vivo",100,0.0641070457431715,0.152544817954148,-0.613948818296697,0.999406687833419,0.381382127942947,-1.29571974179322,FALSE
"scapulothoracic","horizontal flexion",1,5,"Moissenet et al._7.0","ex vivo",100,0.0633227905858454,0.127746385988615,-9.84291925449459,0.999558698913384,0.376716480083435,-1.31226512203998,FALSE
"scapulothoracic","horizontal flexion",1,5,"Moissenet et al._6.0","ex vivo",100,0.0251047696929515,0.0590638451358245,-1013.34716731911,0.998994904611888,0.149351921867891,-2.55587667626781,FALSE
"scapulothoracic","horizontal flexion",1,5,"Oki et al._","ex vivo",2,0.0203070441577426,0.0213988714533144,-253.970201420856,0.998914518353115,0.120809555694371,-2.84096226432174,FALSE
"glenohumeral","horizontal flexion",1,5,"Moissenet et al._8.0","ex vivo",100,0.482519439315673,1.92163130424357,0.987472862978315,0.999610607198348,3.91442443901096,1.12055603223488,FALSE
"glenohumeral","horizontal flexion",1,5,"Moissenet et al._2.0","ex vivo",100,0.339806186977538,0.888198807923516,0.984435637505983,0.999871079052442,2.75666747171568,0.832633863839532,FALSE
"glenohumeral","horizontal flexion",1,5,"Moissenet et al._9.0","ex vivo",100,0.338549025737683,0.824279276501873,0.903520614190367,0.999905239600174,2.74646878896821,0.829590381528576,FALSE
"glenohumeral","horizontal flexion",1,5,"Moissenet et al._10.0","ex vivo",100,0.145848977234084,0.288400882406997,0.846119792730182,0.999962464726003,1.18319544120242,0.13812775417243,FALSE
"glenohumeral","horizontal flexion",1,5,"Moissenet et al._1.0","ex vivo",100,0.123267020946147,0.283433643683011,0.990093411857568,0.999979982658377,1,0,FALSE
"glenohumeral","horizontal flexion",1,5,"Moissenet et al._7.0","ex vivo",100,0.111600431833287,0.249492561433943,0.983022968819753,0.99997802824993,0.905355146710679,-0.0816422774404212,FALSE
"glenohumeral","horizontal flexion",1,5,"Moissenet et al._5.0","ex vivo",100,0.110774223758819,0.216699434719768,0.954617952134634,0.999988840674797,0.898652558555906,-0.0877438617084016,FALSE
"glenohumeral","horizontal flexion",1,5,"Moissenet et al._3.0","ex vivo",100,0.0542132232618775,0.156801532087664,0.981568476301611,0.999996550652145,0.439803143174542,-0.674490759476595,FALSE
"glenohumeral","horizontal flexion",1,5,"Moissenet et al._6.0","ex vivo",100,0.0447613936338545,0.140554108353328,0.1720661120173,0.999996514610616,0.363125459594014,-0.831799912752885,FALSE
"sternoclavicular","internal-external rotation 0 degree-abducted",1,4,"Moissenet et al._10.0","ex vivo",100,0.543905211687104,1.4168137291274,-4.86492658588523,0.965248236534688,5.59378126071179,3.02724451374973,TRUE
"sternoclavicular","internal-external rotation 0 degree-abducted",1,4,"Moissenet et al._1.0","ex vivo",100,0.237821291125861,0.540677566941515,0.108588266301075,0.984077691590681,2.4458678701969,1.5731277630378,FALSE
"sternoclavicular","internal-external rotation 0 degree-abducted",1,4,"Moissenet et al._6.0","ex vivo",100,0.214236730625116,0.378317221400643,-29.1688145631556,0.979096233392638,2.20331297324715,1.38955099189579,FALSE
"sternoclavicular","internal-external rotation 0 degree-abducted",1,4,"Moissenet et al._3.0","ex vivo",100,0.162785700642665,0.314605250519925,-39.2316318204282,0.975618548623488,1.67416598002856,0.906787415458383,FALSE
"sternoclavicular","internal-external rotation 0 degree-abducted",1,4,"Moissenet et al._7.0","ex vivo",100,0.122475831118737,0.273029184444123,-21.8286712474085,0.959264725460249,1.25960000801797,0.406667896487146,FALSE
"sternoclavicular","internal-external rotation 0 degree-abducted",1,4,"Begon et al._2.0","in vivo",100,0.100491458824592,0.26170273274619,-8431.80865147179,0.0524988316965065,1.0335022117015,0.0589109015387466,FALSE
"sternoclavicular","internal-external rotation 0 degree-abducted",1,4,"Moissenet et al._4.0","ex vivo",100,0.0939763568932834,0.163158930096863,-3.853718081613,0.995136656437929,0.966497788298499,-0.0589109015387466,FALSE
"sternoclavicular","internal-external rotation 0 degree-abducted",1,4,"Moissenet et al._5.0","ex vivo",100,0.0885829035798026,0.207382447860677,-31.9218459663606,0.991401619256092,0.911028935588131,-0.162802177696642,FALSE
"sternoclavicular","internal-external rotation 0 degree-abducted",1,4,"Moissenet et al._8.0","ex vivo",100,0.0838507180873172,0.18957498234516,-23.5403783439748,0.996432803873632,0.862360877328552,-0.259304662913736,FALSE
"sternoclavicular","internal-external rotation 0 degree-abducted",1,4,"Moissenet et al._9.0","ex vivo",100,0.0755648468301443,0.139348100699088,-132.472271668774,0.975773024442551,0.77714501549984,-0.442194103494807,FALSE
"sternoclavicular","internal-external rotation 0 degree-abducted",1,4,"Begon et al._1.0","in vivo",100,0.0552261735678217,0.215315180526765,-115.921613909192,0.958608165136592,0.567972374903836,-0.993347173628739,FALSE
"sternoclavicular","internal-external rotation 0 degree-abducted",1,4,"Moissenet et al._2.0","ex vivo",100,0.0363027670343085,0.103717007793836,-17.7340318768282,0.999549527066519,0.373355014044841,-1.73080322318571,FALSE
"acromioclavicular","internal-external rotation 0 degree-abducted",1,8,"Moissenet et al._1.0","ex vivo",100,0.159067611262792,0.361319780502164,-5.89168665043466,0.970982055133782,3.19495666927617,1.59384208802635,FALSE
"acromioclavicular","internal-external rotation 0 degree-abducted",1,8,"Begon et al._2.0","in vivo",100,0.13941451076645,0.251813425620398,-4.56234839262552,0.981372635007838,2.80021380487868,1.41356297406569,FALSE
"acromioclavicular","internal-external rotation 0 degree-abducted",1,8,"Moissenet et al._5.0","ex vivo",100,0.121511502071736,0.258737431037261,-31.3910255967855,0.955578910766225,2.44062245516773,1.22567653520744,FALSE
"acromioclavicular","internal-external rotation 0 degree-abducted",1,8,"Begon et al._1.0","in vivo",100,0.0811766164290275,0.318729909921991,-11.1898655767149,0.994586039796219,1.63047505391101,0.674246948815626,FALSE
"acromioclavicular","internal-external rotation 0 degree-abducted",1,8,"Moissenet et al._7.0","ex vivo",100,0.066833694408403,0.130781356236788,-213.427389592399,0.984868814761346,1.34238991827019,0.40847170451851,FALSE
"acromioclavicular","internal-external rotation 0 degree-abducted",1,8,"Moissenet et al._6.0","ex vivo",100,0.0544227624736635,0.114733220725071,-516.313210282398,0.988737606245422,1.09310982006516,0.127652444211262,FALSE
"acromioclavicular","internal-external rotation 0 degree-abducted",1,8,"Moissenet et al._3.0","ex vivo",100,0.045151427556794,0.0983537579274483,-78.6948772002854,0.989120701629465,0.906890179934845,-0.127652444211262,FALSE
"acromioclavicular","internal-external rotation 0 degree-abducted",1,8,"Moissenet et al._10.0","ex vivo",100,0.0416293441770594,0.0833940262608195,-47.188731696797,0.989667819020773,0.836147282028121,-0.238676893740237,FALSE
"acromioclavicular","internal-external rotation 0 degree-abducted",1,8,"Moissenet et al._9.0","ex vivo",100,0.033023866554642,0.106104391151483,-127.917221241153,0.995804492160246,0.663301736012931,-0.555243525140693,FALSE
"acromioclavicular","internal-external rotation 0 degree-abducted",1,8,"Moissenet et al._4.0","ex vivo",100,0.0302598108120072,0.0741505882176767,-36.6476687085419,0.997679758766618,0.607784222050944,-0.674734570137565,FALSE
"acromioclavicular","internal-external rotation 0 degree-abducted",1,8,"Moissenet et al._8.0","ex vivo",100,0.0291448293957557,0.0682644397225332,-451.874123323179,0.955000935946845,0.58538923363255,-0.726056400714864,FALSE
"acromioclavicular","internal-external rotation 0 degree-abducted",1,8,"Moissenet et al._2.0","ex vivo",100,0.0213238527427336,0.0833402330564397,-10.7502292314436,0.995695159720642,0.428300802370796,-1.15318249925897,FALSE
"scapulothoracic","internal-external rotation 0 degree-abducted",1,7,"Henninger et al._2.0","in vivo",81,2.10169512542729,5.48718182832703,0.392882072027458,0.723388511605834,11.756991875859,3.04451151594009,TRUE
"scapulothoracic","internal-external rotation 0 degree-abducted",1,7,"Henninger et al._19.0","in vivo",57,1.99360266653494,5.17121426807925,0.137207981730591,0.866861688165527,11.1523170371235,2.97928281515423,FALSE
"scapulothoracic","internal-external rotation 0 degree-abducted",1,7,"Henninger et al._6.0","in vivo",97,0.796609346551172,1.74078321935103,-14.2248132864495,0.95042929061653,4.45627412954643,1.84603326255319,FALSE
"scapulothoracic","internal-external rotation 0 degree-abducted",1,7,"Henninger et al._5.0","in vivo",74,0.789246686662973,2.09769350466495,-0.244224616006059,0.989853616687947,4.4150870270771,1.83456224252716,FALSE
"scapulothoracic","internal-external rotation 0 degree-abducted",1,7,"Henninger et al._3.0","in vivo",72,0.484844316625837,1.22325720283605,-3.03423575560702,0.995075523770538,2.71224433204481,1.23262563282243,FALSE
"scapulothoracic","internal-external rotation 0 degree-abducted",1,7,"Moissenet et al._1.0","ex vivo",100,0.448641285906941,0.900457365650723,-4.84548943666044,0.975141005864314,2.50972269467982,1.13675554532175,FALSE
"scapulothoracic","internal-external rotation 0 degree-abducted",1,7,"Henninger et al._12.0","in vivo",100,0.40158043554642,1.17146097408061,-7.39282373116154,0.97796880578445,2.24646184934329,0.999856749983025,FALSE
"scapulothoracic","internal-external rotation 0 degree-abducted",1,7,"Henninger et al._16.0","in vivo",100,0.295154186360579,1.25248890782056,-0.380072602326355,0.98976462227258,1.65110787439334,0.619473235555757,FALSE
"scapulothoracic","internal-external rotation 0 degree-abducted",1,7,"Henninger et al._7.0","in vivo",79,0.274404477406354,0.715049590953527,-51.3619127982788,0.788209581433161,1.53503292296495,0.529421159088222,FALSE
"scapulothoracic","internal-external rotation 0 degree-abducted",1,7,"Moissenet et al._10.0","ex vivo",100,0.257589117262796,0.927159754796314,-1.96206096436731,0.988959610265094,1.44096692347453,0.451299330313644,FALSE
"scapulothoracic","internal-external rotation 0 degree-abducted",1,7,"Henninger et al._11.0","in vivo",100,0.241772711754816,0.520193221517793,-12.3065166835982,0.979967234054847,1.35248912818783,0.373016651863216,FALSE
"scapulothoracic","internal-external rotation 0 degree-abducted",1,7,"Henninger et al._4.0","in vivo",49,0.237456720286528,0.682047629747487,-20.16236091143,0.981450018744144,1.32834524736752,0.350764256144027,FALSE
"scapulothoracic","internal-external rotation 0 degree-abducted",1,7,"Henninger et al._15.0","in vivo",95,0.231338803705158,0.581907584021263,-26.7338590892457,0.957967829760932,1.29412130371645,0.318518490851867,FALSE
"scapulothoracic","internal-external rotation 0 degree-abducted",1,7,"Henninger et al._13.0","in vivo",66,0.231271283923535,0.654190549650046,-12.0456921636928,0.910355906700306,1.29374359454522,0.318157875782867,FALSE
"scapulothoracic","internal-external rotation 0 degree-abducted",1,7,"Henninger et al._20.0","in vivo",90,0.21692148819868,0.60158389861563,0.230030054246323,0.990151859869385,1.21347009068816,0.239024941411408,FALSE
"scapulothoracic","internal-external rotation 0 degree-abducted",1,7,"Henninger et al._8.0","in vivo",34,0.178761297755319,0.444128614762381,-0.133899651766489,0.98129398957455,1,0,FALSE
"scapulothoracic","internal-external rotation 0 degree-abducted",1,7,"Henninger et al._9.0","in vivo",48,0.176171092618683,0.656085521066171,-41.9026578339058,0.969150850513166,0.98551025770589,-0.0180311810244501,FALSE
"scapulothoracic","internal-external rotation 0 degree-abducted",1,7,"Henninger et al._18.0","in vivo",74,0.169870041904019,0.425335263962243,-0.771502775766746,0.994957198851421,0.950261852185313,-0.0630258634785209,FALSE
"scapulothoracic","internal-external rotation 0 degree-abducted",1,7,"Moissenet et al._8.0","ex vivo",100,0.153658434443904,0.435977107176956,-4.86211423548581,0.992964400233569,0.859573276617323,-0.18693558713072,FALSE
"scapulothoracic","internal-external rotation 0 degree-abducted",1,7,"Henninger et al._14.0","in vivo",53,0.147342769668763,0.373209701432035,-2.3428309690059,0.936261879013549,0.824243119282117,-0.238784842044635,FALSE
"scapulothoracic","internal-external rotation 0 degree-abducted",1,7,"Henninger et al._10.0","in vivo",91,0.114586820628741,0.391142941037735,-25.5769791166873,0.995340661473743,0.641004636168969,-0.549393130831115,FALSE
"scapulothoracic","internal-external rotation 0 degree-abducted",1,7,"Henninger et al._17.0","in vivo",66,0.112053321865217,0.349693914942222,-2.75439571037144,0.995690162627739,0.626832112276289,-0.577013526140134,FALSE
"scapulothoracic","internal-external rotation 0 degree-abducted",1,7,"Moissenet et al._9.0","ex vivo",100,0.103551566296977,0.291830619263191,-52.831938809245,0.987134296657961,0.579272849309441,-0.674490759476595,FALSE
"scapulothoracic","internal-external rotation 0 degree-abducted",1,7,"Moissenet et al._5.0","ex vivo",92,0.0941626364327444,0.195856838585648,-19.237058680746,0.992949319683844,0.52675068717408,-0.791908288278141,FALSE
"scapulothoracic","internal-external rotation 0 degree-abducted",1,7,"Begon et al._1.0","in vivo",100,0.0887130497595267,0.215509715884448,-20.2749339382562,0.987955923638191,0.496265415800201,-0.865556826958899,FALSE
"scapulothoracic","internal-external rotation 0 degree-abducted",1,7,"Moissenet et al._3.0","ex vivo",86,0.0629890084755591,0.165815337503471,-15.6051137081076,0.985874207264694,0.352363790521234,-1.28860614676027,FALSE
"scapulothoracic","internal-external rotation 0 degree-abducted",1,7,"Moissenet et al._4.0","ex vivo",100,0.0623642212016166,0.148592695148949,-8.48183502746184,0.998821579847642,0.348868698005193,-1.3009209699462,FALSE
"scapulothoracic","internal-external rotation 0 degree-abducted",1,7,"Moissenet et al._6.0","ex vivo",100,0.0616593618834517,0.102863188203209,-210.750605177125,0.99835019250064,0.344925678307889,-1.31496302865564,FALSE
"scapulothoracic","internal-external rotation 0 degree-abducted",1,7,"Begon et al._2.0","in vivo",52,0.0384525030179338,0.134495832029913,-342.839090323924,0.978004943163641,0.215105302438372,-1.8983075226582,FALSE
"scapulothoracic","internal-external rotation 0 degree-abducted",1,7,"Moissenet et al._7.0","ex vivo",69,0.0371261369384602,0.0892346340746286,-540.910141716133,0.989023291533899,0.207685541583374,-1.9416722742252,FALSE
"scapulothoracic","internal-external rotation 0 degree-abducted",1,7,"Moissenet et al._2.0","ex vivo",100,0.0327791747371713,0.151382876084213,-23.9070302823123,0.999657054722838,0.183368408871355,-2.09551052783619,FALSE
"glenohumeral","internal-external rotation 0 degree-abducted",1,7,"Henninger et al._3.0","in vivo",72,7.27811693897341,18.0402462418806,-9.2907028900098,0.930675041569128,6.80494989570881,1.54136258802495,FALSE
"glenohumeral","internal-external rotation 0 degree-abducted",1,7,"Henninger et al._20.0","in vivo",90,6.56653744756033,16.4742626740417,-4.31426187025115,0.365190040292626,6.13963181597994,1.45866562331662,FALSE
"glenohumeral","internal-external rotation 0 degree-abducted",1,7,"Henninger et al._2.0","in vivo",81,5.38197583577897,10.7205440545551,-2.76751514064927,0.909191846343639,5.03208126627839,1.29876943721799,FALSE
"glenohumeral","internal-external rotation 0 degree-abducted",1,7,"Henninger et al._5.0","in vivo",74,3.95340699811622,11.3184381840815,-44.4732711148465,0.940173384051554,3.69638695903121,1.05082215296418,FALSE
"glenohumeral","internal-external rotation 0 degree-abducted",1,7,"Henninger et al._13.0","in vivo",66,2.82628169695022,8.47254567101255,-0.313909511345131,0.938200773314134,2.64253865390873,0.781062013554441,FALSE
"glenohumeral","internal-external rotation 0 degree-abducted",1,7,"Henninger et al._4.0","in vivo",49,2.15663246688225,5.60331491979323,-15.3729715259553,0.993022329883175,2.01642485324819,0.56370954569193,FALSE
"glenohumeral","internal-external rotation 0 degree-abducted",1,7,"Henninger et al._17.0","in vivo",66,1.85267752006751,4.75754456766224,0.102407150125065,0.996168749184607,1.73223071333939,0.441602957018715,FALSE
"glenohumeral","internal-external rotation 0 degree-abducted",1,7,"Henninger et al._12.0","in vivo",100,1.71492084556143,4.38196062116957,-13.7455996500712,0.985585637160465,1.60342991559547,0.379499170778664,FALSE
"glenohumeral","internal-external rotation 0 degree-abducted",1,7,"Henninger et al._7.0","in vivo",79,1.64757075160183,3.40148582916797,-7.24274353630409,0.779663875359761,1.540458405422,0.347295862490652,FALSE
"glenohumeral","internal-external rotation 0 degree-abducted",1,7,"Henninger et al._9.0","in vivo",48,1.41205202718908,3.70260699495854,-4.54554358904961,0.976429801978971,1.32025129243267,0.223306920975285,FALSE
"glenohumeral","internal-external rotation 0 degree-abducted",1,7,"Henninger et al._8.0","in vivo",34,1.40899611811092,3.05869839276821,-137.716073254746,0.751845051850463,1.31739405499927,0.221565533153316,FALSE
"glenohumeral","internal-external rotation 0 degree-abducted",1,7,"Henninger et al._6.0","in vivo",97,1.31749003384936,3.31662165186566,-73.2590831471795,0.921605056603927,1.23183699075124,0.167592699377018,FALSE
"glenohumeral","internal-external rotation 0 degree-abducted",1,7,"Henninger et al._14.0","in vivo",53,1.24034993018503,2.93580014809295,-9.12129002158672,0.97725552936632,1.15971194181521,0.119096916900131,FALSE
"glenohumeral","internal-external rotation 0 degree-abducted",1,7,"Henninger et al._11.0","in vivo",100,1.16306038989631,2.26682641024991,-293.015938174337,0.793025382203084,1.08744717147184,0.0673829347179628,FALSE
"glenohumeral","internal-external rotation 0 degree-abducted",1,7,"Henninger et al._15.0","in vivo",95,1.14518966610444,2.75872643482934,-55.0134983570414,0.958806184950535,1.07073826434333,0.0549368323774406,FALSE
"glenohumeral","internal-external rotation 0 degree-abducted",1,7,"Moissenet et al._4.0","ex vivo",100,1.06953277401248,2.80835678466983,-12.3454095592321,0.986516961810453,1,0,FALSE
"glenohumeral","internal-external rotation 0 degree-abducted",1,7,"Moissenet et al._10.0","ex vivo",100,0.895437630400527,3.09951125602748,-152.786008867631,0.980818760308556,0.837223180212779,-0.142802664822634,FALSE
"glenohumeral","internal-external rotation 0 degree-abducted",1,7,"Henninger et al._19.0","in vivo",57,0.786564166237326,2.18834035397113,-142.574331355489,0.945916097099339,0.735427829187912,-0.247002882353409,FALSE
"glenohumeral","internal-external rotation 0 degree-abducted",1,7,"Begon et al._1.0","in vivo",100,0.657380433918919,1.67962380422038,-103.60380142448,0.97841384311956,0.614642627034865,-0.39120958810241,FALSE
"glenohumeral","internal-external rotation 0 degree-abducted",1,7,"Henninger et al._10.0","in vivo",91,0.643190177109357,1.51197217667146,-16.1795801635559,0.985238345872218,0.601374911304821,-0.408749966422979,FALSE
"glenohumeral","internal-external rotation 0 degree-abducted",1,7,"Henninger et al._16.0","in vivo",100,0.462120298332024,1.50433698888623,-523.335258285726,0.928294977019657,0.432076799851886,-0.674490759476595,FALSE
"glenohumeral","internal-external rotation 0 degree-abducted",1,7,"Begon et al._2.0","in vivo",52,0.410780260728365,1.48807448762901,-1164.54566529167,0.977389609256763,0.384074495620431,-0.769148981841797,FALSE
"glenohumeral","internal-external rotation 0 degree-abducted",1,7,"Moissenet et al._3.0","ex vivo",86,0.378696648633711,1.1177458028607,-93.8586707877324,0.98570742552717,0.35407671259384,-0.834514466037758,FALSE
"glenohumeral","internal-external rotation 0 degree-abducted",1,7,"Moissenet et al._1.0","ex vivo",100,0.350730467317091,0.8701992795877,-44.9288698373636,0.997414708724931,0.327928676744783,-0.896178168928752,FALSE
"glenohumeral","internal-external rotation 0 degree-abducted",1,7,"Moissenet et al._5.0","ex vivo",92,0.290870543432671,0.629775810346961,-68.1785769814037,0.993841545474718,0.2719603835434,-1.04659672062988,FALSE
"glenohumeral","internal-external rotation 0 degree-abducted",1,7,"Moissenet et al._6.0","ex vivo",100,0.24088960379625,0.498701872332752,-61.9862345681219,0.995879649121658,0.225228819209086,-1.19814041374036,FALSE
"glenohumeral","internal-external rotation 0 degree-abducted",1,7,"Moissenet et al._7.0","ex vivo",69,0.204928356881158,0.42763945872732,-43.0539623118869,0.998895799341968,0.191605495278414,-1.32809367337689,FALSE
"glenohumeral","internal-external rotation 0 degree-abducted",1,7,"Henninger et al._18.0","in vivo",74,0.198146133036333,0.608148407752388,-8.23980343857713,0.99661382792894,0.185264199331605,-1.35514528851171,FALSE
"glenohumeral","internal-external rotation 0 degree-abducted",1,7,"Moissenet et al._2.0","ex vivo",100,0.193206803985843,0.501044376132899,-221.123918637352,0.992136321396415,0.180645987369797,-1.37543555850367,FALSE
"glenohumeral","internal-external rotation 0 degree-abducted",1,7,"Moissenet et al._9.0","ex vivo",100,0.169806789647375,0.308360641211678,-51.1797858513826,0.999604621683856,0.158767261530775,-1.47920303205192,FALSE
"glenohumeral","internal-external rotation 0 degree-abducted",1,7,"Moissenet et al._8.0","ex vivo",100,0.114294126271935,0.326734092372085,-353.601120452249,0.996114383411756,0.106863603480936,-1.79740703355841,FALSE
"scapulothoracic","internal-external rotation 90 degree-abducted",1,7,"Henninger et al._18.0","in vivo",100,0.49423931939448,1.30314019570303,0.489676141311848,0.912463465283538,2.35296363457819,1.68512562128753,FALSE
"scapulothoracic","internal-external rotation 90 degree-abducted",1,7,"Henninger et al._10.0","in vivo",100,0.448324060858034,1.4157697290035,-1.83798193322331,0.991655902651528,2.1343712859547,1.4932419013308,FALSE
"scapulothoracic","internal-external rotation 90 degree-abducted",1,7,"Henninger et al._6.0","in vivo",82,0.378605488275176,1.08030835980543,-38.0974029092959,0.983406666000809,1.8024566456077,1.16061301747102,FALSE
"scapulothoracic","internal-external rotation 90 degree-abducted",1,7,"Henninger et al._19.0","in vivo",100,0.374831922139842,0.973092104826236,-57.5652583824292,0.867726987236899,1.78449153530446,1.14089985968396,FALSE
"scapulothoracic","internal-external rotation 90 degree-abducted",1,7,"Karduna et al._","in vivo",18,0.360931973049251,0.840780721832637,-106.153724110587,0.97135582778263,1.71831696470834,1.06653389892303,FALSE
"scapulothoracic","internal-external rotation 90 degree-abducted",1,7,"Henninger et al._7.0","in vivo",91,0.329119664340169,1.33606521448799,-0.841734393896693,0.996387926744727,1.56686562810455,0.884953345212626,FALSE
"scapulothoracic","internal-external rotation 90 degree-abducted",1,7,"Henninger et al._3.0","in vivo",100,0.266153276945143,0.720335361157227,-3.19289328734274,0.998278733841584,1.26709664185154,0.467057478720807,FALSE
"scapulothoracic","internal-external rotation 90 degree-abducted",1,7,"Henninger et al._9.0","in vivo",100,0.263802653608369,0.55105389870657,-36.8086241772622,0.888651659612603,1.25590584619248,0.449599501750391,FALSE
"scapulothoracic","internal-external rotation 90 degree-abducted",1,7,"Henninger et al._14.0","in vivo",98,0.245574872526444,0.690445464355125,-66.6225566340612,0.703153472812322,1.16912742864899,0.308694216551001,FALSE
"scapulothoracic","internal-external rotation 90 degree-abducted",1,7,"Henninger et al._5.0","in vivo",100,0.222391329601575,0.850992466957667,0.340110485632546,0.996185405228589,1.05875572959087,0.113544117461817,FALSE
"scapulothoracic","internal-external rotation 90 degree-abducted",1,7,"Henninger et al._11.0","in vivo",100,0.218628298420943,0.719327256836067,-167.226151437027,0.939297682575587,1.04084077386727,0.0799596690819826,FALSE
"scapulothoracic","internal-external rotation 90 degree-abducted",1,7,"Henninger et al._15.0","in vivo",100,0.217334597644989,0.625358634784924,-12.0798401586594,0.9757424829807,1.03468175178952,0.0682799239558132,FALSE
"scapulothoracic","internal-external rotation 90 degree-abducted",1,7,"Henninger et al._20.0","in vivo",100,0.202764814119258,0.58626165759911,-4.28065182589967,0.99124255690557,0.965318248210481,-0.0682799239558132,FALSE
"scapulothoracic","internal-external rotation 90 degree-abducted",1,7,"Henninger et al._12.0","in vivo",100,0.200865938970558,0.647639380225691,-12.5956647418662,0.963915726505636,0.956278125346583,-0.0867966050857954,FALSE
"scapulothoracic","internal-external rotation 90 degree-abducted",1,7,"Henninger et al._17.0","in vivo",100,0.191684567347723,0.542138509866099,-7.63799281278215,0.997443000261204,0.912567654130843,-0.178871030506811,FALSE
"scapulothoracic","internal-external rotation 90 degree-abducted",1,7,"Henninger et al._1.0","in vivo",81,0.178120566410533,0.50699693898282,-2.55729895029421,0.991066570138675,0.847992458082715,-0.323301069000081,FALSE
"scapulothoracic","internal-external rotation 90 degree-abducted",1,7,"Henninger et al._2.0","in vivo",94,0.161918552252676,0.463236490703945,-60.4318108466,0.974336353244966,0.770858266964401,-0.510980590632264,FALSE
"scapulothoracic","internal-external rotation 90 degree-abducted",1,7,"Begon et al._1.0","in vivo",100,0.154846168181861,0.382030514572783,-26.375422905968,0.771814279702186,0.737188217101137,-0.598872518787906,FALSE
"scapulothoracic","internal-external rotation 90 degree-abducted",1,7,"Henninger et al._8.0","in vivo",100,0.143392132399131,0.368509353775082,-2.57353197795591,0.94442868439415,0.682658096553587,-0.750109000165284,FALSE
"scapulothoracic","internal-external rotation 90 degree-abducted",1,7,"Henninger et al._4.0","in vivo",100,0.140952309669699,0.423732745528707,-27.0207245955735,0.971428377027935,0.671042642396267,-0.783882181286887,FALSE
"scapulothoracic","internal-external rotation 90 degree-abducted",1,7,"Henninger et al._16.0","in vivo",100,0.118212164566883,0.2977747251701,-4.88002266579191,0.993600988970975,0.562781861895213,-1.13012743377372,FALSE
"scapulothoracic","internal-external rotation 90 degree-abducted",1,7,"Henninger et al._13.0","in vivo",100,0.112583894772441,0.402199244435582,-15.9826654250451,0.90043864203992,0.535986919380033,-1.2261294628393,FALSE
"scapulothoracic","internal-external rotation 90 degree-abducted",1,7,"Begon et al._2.0","in vivo",100,0.0768437915217322,0.222322762120953,-285.55903297858,0.978290488525807,0.365836225283056,-1.97774323694774,FALSE
"scapulothoracic","internal-external rotation 90 degree-abducted",1,7,"Chu et al._","in vivo",8,0.0502222373148656,0.0839343444103449,-89.6291772858386,0.952471803209602,0.239096918055432,-2.81475256788894,FALSE
"glenohumeral","internal-external rotation 90 degree-abducted",1,8,"Henninger et al._6.0","in vivo",82,1.10810915714522,3.10929959069953,-0.167975222768007,0.992397109493176,3.09260088870782,3.2186941846152,TRUE
"glenohumeral","internal-external rotation 90 degree-abducted",1,8,"Henninger et al._19.0","in vivo",100,0.818356304335358,2.51869765674369,-1.97505614672557,0.951124683933855,2.28393513197499,2.35457411446462,FALSE
"glenohumeral","internal-external rotation 90 degree-abducted",1,8,"Henninger et al._2.0","in vivo",94,0.704561431389217,2.59278168466045,-17.3020731244844,0.979743199226852,1.96634717330288,1.92774244066865,FALSE
"glenohumeral","internal-external rotation 90 degree-abducted",1,8,"Henninger et al._15.0","in vivo",100,0.528765315384836,1.56998591197515,-0.0506887242365901,0.997746303905832,1.47572111802583,1.10946851864541,FALSE
"glenohumeral","internal-external rotation 90 degree-abducted",1,8,"Henninger et al._5.0","in vivo",100,0.462678519503812,1.26090907827809,-3.45240582983009,0.985174824195603,1.29128072931896,0.728848878128609,FALSE
"glenohumeral","internal-external rotation 90 degree-abducted",1,8,"Henninger et al._11.0","in vivo",100,0.445366450122458,1.59078535606526,-4.39607790690063,0.988096071419015,1.2429648023104,0.620132640824582,FALSE
"glenohumeral","internal-external rotation 90 degree-abducted",1,8,"Henninger et al._18.0","in vivo",100,0.430651225957703,1.56744110039361,-25.8112546741963,0.944732072455381,1.20189636150201,0.524348187674657,FALSE
"glenohumeral","internal-external rotation 90 degree-abducted",1,8,"Henninger et al._10.0","in vivo",100,0.415582481517672,1.33096092663286,-1.54855993547031,0.990034011080071,1.15984128764357,0.422809203537156,FALSE
"glenohumeral","internal-external rotation 90 degree-abducted",1,8,"Henninger et al._12.0","in vivo",100,0.395784806635916,1.36171451980659,-6.87463635200867,0.982902650567138,1.10458833125487,0.283659250544443,FALSE
"glenohumeral","internal-external rotation 90 degree-abducted",1,8,"Begon et al._1.0","in vivo",100,0.379910324797436,1.09658492586668,-2.51214174635555,0.991664870508344,1.06028454013024,0.166959671157477,FALSE
"glenohumeral","internal-external rotation 90 degree-abducted",1,8,"Henninger et al._20.0","in vivo",100,0.360997540677392,0.859717190738976,-83.7697664068201,0.97671021674153,1.00750120863222,0.0213850146953372,FALSE
"glenohumeral","internal-external rotation 90 degree-abducted",1,8,"Henninger et al._8.0","in vivo",100,0.355622027784431,0.961206577352623,-0.778236066813539,0.994654980179175,0.992498791367783,-0.0213850146953372,FALSE
"glenohumeral","internal-external rotation 90 degree-abducted",1,8,"Henninger et al._1.0","in vivo",81,0.352733160626777,0.802500319218687,-2.19119572453169,0.974055432844438,0.984436306655416,-0.0446380182628983,FALSE
"glenohumeral","internal-external rotation 90 degree-abducted",1,8,"Henninger et al._17.0","in vivo",100,0.313499741540041,0.966079304523131,-10.4672134627589,0.997683897904087,0.874940499358531,-0.380787942236729,FALSE
"glenohumeral","internal-external rotation 90 degree-abducted",1,8,"Henninger et al._4.0","in vivo",100,0.313059338587199,0.956217254633401,-10.9626815126058,0.979799917524326,0.873711387086904,-0.384795579662457,FALSE
"glenohumeral","internal-external rotation 90 degree-abducted",1,8,"Henninger et al._7.0","in vivo",91,0.291820185014985,0.69352654621207,-4.07429864540548,0.998264378202563,0.814435435084081,-0.585079950202475,FALSE
"glenohumeral","internal-external rotation 90 degree-abducted",1,8,"Henninger et al._14.0","in vivo",98,0.262073753581684,0.60114385865489,-107.736486377727,0.862294620011732,0.731416682199198,-0.891577116069538,FALSE
"glenohumeral","internal-external rotation 90 degree-abducted",1,8,"Henninger et al._9.0","in vivo",100,0.261866594731505,0.596152576376593,-2.33054164900764,0.989899109488317,0.730838526482285,-0.893831468585026,FALSE
"glenohumeral","internal-external rotation 90 degree-abducted",1,8,"Henninger et al._3.0","in vivo",100,0.255403687923077,0.686600301021606,-6.50180356234084,0.993848013009522,0.712801322105351,-0.965072979782689,FALSE
"glenohumeral","internal-external rotation 90 degree-abducted",1,8,"Henninger et al._13.0","in vivo",100,0.253311953326069,0.659932631795517,-0.584786642378081,0.996453276219598,0.706963539580106,-0.988517108351276,FALSE
"glenohumeral","internal-external rotation 90 degree-abducted",1,8,"Henninger et al._16.0","in vivo",100,0.221431587897107,0.610187497556803,-7.21705498745195,0.997813299364867,0.617989230666407,-1.3719757065601,FALSE
"glenohumeral","internal-external rotation 90 degree-abducted",1,8,"Begon et al._2.0","in vivo",100,0.106868082798737,0.340994159653071,-13.879330674566,0.998287222360731,0.298256111057985,-3.44885250973532,FALSE
"sternoclavicular","frontal plane elevation",2,5,"Begon et al._2.0","in vivo",100,0.717072210339853,3.39141358673221,-8.58693372776215,0.972314965418965,5.50472539862306,3.49548123852666,TRUE
"sternoclavicular","frontal plane elevation",2,5,"Gutierrez Delgado et al._1.0","ex vivo",97,0.620195624006966,2.00943633628249,-7.09253968288102,0.992086482550049,4.76103599380594,3.1980271585687,TRUE
"sternoclavicular","frontal plane elevation",2,5,"Moissenet et al._8.0","ex vivo",100,0.346562215013222,0.639505149595966,0.787231784490116,0.997090331684027,2.66044311810967,2.00532894351779,FALSE
"sternoclavicular","frontal plane elevation",2,5,"Begon et al._1.0","in vivo",100,0.317077355050316,0.896876322408389,-3.01058268895205,0.995674757279704,2.43409763271465,1.82310273969293,FALSE
"sternoclavicular","frontal plane elevation",2,5,"Moissenet et al._1.0","ex vivo",100,0.155089764368528,0.40244595961317,0.901542020774131,0.999110638460592,1.19057265457447,0.357486959740126,FALSE
"sternoclavicular","frontal plane elevation",2,5,"Moissenet et al._3.0","ex vivo",100,0.144488195026323,0.341890731423629,0.792833693581964,0.999477187472026,1.10918792486135,0.212376164259688,FALSE
"sternoclavicular","frontal plane elevation",2,5,"Ludewig et al._","in vivo",19,0.143518092519653,0.352444969907438,-1.78916805866299,0.992089032173107,1.10174076984581,0.198569927065634,FALSE
"sternoclavicular","frontal plane elevation",2,5,"Moissenet et al._10.0","ex vivo",100,0.139914165237984,0.298353470009619,0.821570788680566,0.999659781663946,1.07407461606641,0.146449474219801,FALSE
"sternoclavicular","frontal plane elevation",2,5,"Moissenet et al._4.0","ex vivo",100,0.130264846729543,0.298751948204913,-0.47336366659688,0.998055863956276,1,0,FALSE
"sternoclavicular","frontal plane elevation",2,5,"Moissenet et al._5.0","ex vivo",100,0.11809647245113,0.403649719366086,0.944402220282811,0.999352663900327,0.906587428735267,-0.200980766425355,FALSE
"sternoclavicular","frontal plane elevation",2,5,"Moissenet et al._7.0","ex vivo",100,0.113579114579643,0.350882615740208,-4.26302710504742,0.999198680289338,0.871909171439451,-0.280912145060013,FALSE
"sternoclavicular","frontal plane elevation",2,5,"Moissenet et al._9.0","ex vivo",100,0.10450190731363,0.242398098894398,0.745353727829082,0.999782213429219,0.802226463526251,-0.451616027912503,FALSE
"sternoclavicular","frontal plane elevation",2,5,"Fung et al._","ex vivo",69,0.0937333864899294,0.242781747184196,-1.19473333471822,0.99966674710384,0.719560102692477,-0.674490759476595,FALSE
"sternoclavicular","frontal plane elevation",2,5,"Moissenet et al._6.0","ex vivo",100,0.0695896912904178,0.185672993898081,0.698486686546413,0.999740868228719,0.534216966722425,-1.28488177864091,FALSE
"sternoclavicular","frontal plane elevation",2,5,"Oki et al._","ex vivo",21,0.0568819187920733,0.107939516528287,0.749614007148506,0.99988745637519,0.436663614322383,-1.69812182852833,FALSE
"sternoclavicular","frontal plane elevation",2,5,"Moissenet et al._2.0","ex vivo",100,0.049385541755803,0.11669365101756,0.867660438651762,0.999950454437805,0.379116415484968,-1.9877435253328,FALSE
"sternoclavicular","frontal plane elevation",2,5,"Sahara et al._","in vivo",5,0.0389532988120755,0.0608958260038666,-6.82786313217598,0.999823613670164,0.299031548342054,-2.47405580382413,FALSE
"acromioclavicular","frontal plane elevation",2,7,"Begon et al._2.0","in vivo",93,0.872492716771459,4.20636464642859,-1.36756061338134,0.965918292195292,6.11905096737909,2.33173681959207,FALSE
"acromioclavicular","frontal plane elevation",2,7,"Begon et al._1.0","in vivo",94,0.370079149418279,0.80893655370058,-37.044824227492,0.962095229589363,2.59547516411867,1.22809570749022,FALSE
"acromioclavicular","frontal plane elevation",2,7,"Moissenet et al._1.0","ex vivo",100,0.218379034291048,0.598284916836579,-0.742416090091208,0.998052610336254,1.5315571297588,0.549307970528643,FALSE
"acromioclavicular","frontal plane elevation",2,7,"Moissenet et al._2.0","ex vivo",100,0.212520269109045,0.675703887283148,0.738612061317703,0.998245152595995,1.49046786670197,0.514312550099641,FALSE
"acromioclavicular","frontal plane elevation",2,7,"Moissenet et al._4.0","ex vivo",100,0.212254176062125,0.503688376239488,0.644968282075917,0.996537112975456,1.48860167700793,0.512700311357623,FALSE
"acromioclavicular","frontal plane elevation",2,7,"Moissenet et al._8.0","ex vivo",100,0.191820295132675,0.458061877700633,-3.90252402501144,0.994790828525043,1.34529279148354,0.382439370183695,FALSE
"acromioclavicular","frontal plane elevation",2,7,"Moissenet et al._9.0","ex vivo",100,0.147446320047329,0.295793184786982,0.538870140751427,0.998997305677199,1.03408490406737,0.0438787756639338,FALSE
"acromioclavicular","frontal plane elevation",2,7,"Ludewig et al._","in vivo",19,0.137726240672545,0.360645491537031,-38.6485449540278,0.999010815427498,0.965915095932628,-0.0438787756639335,FALSE
"acromioclavicular","frontal plane elevation",2,7,"Moissenet et al._5.0","ex vivo",100,0.134452309654842,0.346962040090666,-2.5202478488869,0.999365599945187,0.94295404379326,-0.0748380466742648,FALSE
"acromioclavicular","frontal plane elevation",2,7,"Moissenet et al._7.0","ex vivo",100,0.0765497819094861,0.166490848903662,0.207485332842513,0.99976571039022,0.536866392167941,-0.799673548424548,FALSE
"acromioclavicular","frontal plane elevation",2,7,"Moissenet et al._3.0","ex vivo",100,0.0716445840234381,0.159804017707827,0.679548798053584,0.999906174433331,0.502464780219965,-0.884892790900629,FALSE
"acromioclavicular","frontal plane elevation",2,7,"Moissenet et al._10.0","ex vivo",100,0.0418102287567735,0.128884433698204,-5.19818828506882,0.999961714292621,0.293227571763777,-1.5779539995899,FALSE
"acromioclavicular","frontal plane elevation",2,7,"Sahara et al._","in vivo",4,0.0249214894200334,0.0370434753379119,-1.965531143976,0.999966997483403,0.174781818819615,-2.2437779920303,FALSE
"acromioclavicular","frontal plane elevation",2,7,"Moissenet et al._6.0","ex vivo",100,0.0211087422934072,0.0530948678083085,-45.212692339101,0.999969541891734,0.148041889024115,-2.45744880111769,FALSE
"scapulothoracic","frontal plane elevation",2,7,"Henninger et al._19.0","in vivo",73,0.651150345419491,1.47596525231624,0.79525700487425,0.998992821517901,4.42171202223494,2.69276397290674,FALSE
"scapulothoracic","frontal plane elevation",2,7,"Moissenet et al._2.0","ex vivo",100,0.557745633871528,1.47619400210336,0.147578174389871,0.99789317447645,3.78743648373554,2.41231105696819,FALSE
"scapulothoracic","frontal plane elevation",2,7,"Henninger et al._9.0","in vivo",100,0.383232759883356,1.15792029828578,0.802358916265965,0.999622423110991,2.60238655114102,1.73261230274137,FALSE
"scapulothoracic","frontal plane elevation",2,7,"Henninger et al._18.0","in vivo",100,0.378651315695893,1.10253329285678,0.859746313655525,0.998958703101205,2.57127572245851,1.710828565628,FALSE
"scapulothoracic","frontal plane elevation",2,7,"Henninger et al._1.0","in vivo",73,0.291234270919951,0.842929872590657,0.91365110119641,0.999620818809941,1.97766013037122,1.2353918359081,FALSE
"scapulothoracic","frontal plane elevation",2,7,"Moissenet et al._1.0","ex vivo",100,0.279212330962655,0.638821286706145,0.714550164074455,0.999547758076016,1.89602375128657,1.1590368302079,FALSE
"scapulothoracic","frontal plane elevation",2,7,"Bourne et al._5.0","in vivo",51,0.271697692417497,0.844463026980829,-1.41260534679773,0.998853209464288,1.84499472576026,1.10962078250481,FALSE
"scapulothoracic","frontal plane elevation",2,7,"Moissenet et al._4.0","ex vivo",100,0.247083564266918,0.641429993745323,0.165135781870104,0.998645553850599,1.67784963073597,0.937616194323581,FALSE
"scapulothoracic","frontal plane elevation",2,7,"Henninger et al._10.0","in vivo",94,0.241495496282478,0.501059030887111,0.391511693305222,0.999796538985952,1.63990320628625,0.896181950445973,FALSE
"scapulothoracic","frontal plane elevation",2,7,"Henninger et al._8.0","in vivo",81,0.228927667768274,0.601211649747256,0.913860509117156,0.999745208174945,1.55455990757566,0.799379009137122,FALSE
"scapulothoracic","frontal plane elevation",2,7,"Henninger et al._20.0","in vivo",95,0.22191706602403,0.738490821683341,0.844228852622799,0.99970207040905,1.50695360246704,0.74304418383761,FALSE
"scapulothoracic","frontal plane elevation",2,7,"Henninger et al._2.0","in vivo",83,0.212931311845209,0.681798630170618,0.595372188659971,0.999761498203645,1.44593479542679,0.668176886681754,FALSE
"scapulothoracic","frontal plane elevation",2,7,"Henninger et al._17.0","in vivo",93,0.211150564727616,0.823272961202477,0.927065196965259,0.999755480581954,1.43384242537153,0.652965502391054,FALSE
"scapulothoracic","frontal plane elevation",2,7,"Begon et al._2.0","in vivo",100,0.20965406272034,0.670091433116539,0.743313298480275,0.999542744345054,1.4236802547401,0.640082642718581,FALSE
"scapulothoracic","frontal plane elevation",2,7,"Moissenet et al._10.0","ex vivo",100,0.206659489732691,0.489288621589125,0.822835360896334,0.999780077240479,1.40334525918325,0.614024977938122,FALSE
"scapulothoracic","frontal plane elevation",2,7,"Henninger et al._16.0","in vivo",78,0.192545516970393,0.491289904245907,0.688484355272604,0.999862106013923,1.30750268844124,0.485895812659025,FALSE
"scapulothoracic","frontal plane elevation",2,7,"Henninger et al._14.0","in vivo",100,0.185171697256463,0.519404993696899,0.839323500677489,0.999799792081658,1.25742990953812,0.415167293340708,FALSE
"scapulothoracic","frontal plane elevation",2,7,"Henninger et al._13.0","in vivo",85,0.171459722315034,0.530393845383976,0.882017125130015,0.999867270776037,1.1643171516726,0.275816899836632,FALSE
"scapulothoracic","frontal plane elevation",2,7,"Henninger et al._11.0","in vivo",99,0.156779050043391,0.399961990882762,0.838660717382505,0.999904723049278,1.06462634211586,0.113688331255562,FALSE
"scapulothoracic","frontal plane elevation",2,7,"Moissenet et al._7.0","ex vivo",100,0.154461890976456,0.351551098054308,-2.44679809692621,0.999582345947428,1.04889140443861,0.0867183402931748,FALSE
"scapulothoracic","frontal plane elevation",2,7,"Henninger et al._15.0","in vivo",93,0.149929782317556,0.421432344182928,0.94174092520867,0.999921855728851,1.0181155943909,0.0327780487504106,FALSE
"scapulothoracic","frontal plane elevation",2,7,"Henninger et al._3.0","in vivo",78,0.149754382318204,0.449657896527192,0.522661085546247,0.999917004165925,1.01692452033052,0.0306578357638848,FALSE
"scapulothoracic","frontal plane elevation",2,7,"Bourne et al._4.0","in vivo",54,0.144769703440945,0.428287753156447,-0.219460132251846,0.999830191199245,0.983075479669481,-0.0306578357638848,FALSE
"scapulothoracic","frontal plane elevation",2,7,"Henninger et al._6.0","in vivo",66,0.143215031249627,0.454919524891167,0.441722360791804,0.999853554850117,0.972518297649466,-0.050214160057711,FALSE
"scapulothoracic","frontal plane elevation",2,7,"Chu et al._","in vivo",12,0.141131734594864,0.30932822063729,0.738207721938916,0.999832255871269,0.958371429834617,-0.0767555854800663,FALSE
"scapulothoracic","frontal plane elevation",2,7,"Matsumura et al._","ex vivo",11,0.128210062740598,0.267777401129776,0.365230789363594,0.999911400050631,0.870625316840424,-0.250680631218935,FALSE
"scapulothoracic","frontal plane elevation",2,7,"Moissenet et al._5.0","ex vivo",100,0.124080754517697,0.269902373312004,0.852493321191042,0.999884990906009,0.842584769920421,-0.309977026285221,FALSE
"scapulothoracic","frontal plane elevation",2,7,"Henninger et al._7.0","in vivo",92,0.123889036631563,0.407231102622497,0.968931982900858,0.999934837135766,0.841282887355263,-0.312777797219385,FALSE
"scapulothoracic","frontal plane elevation",2,7,"Begon et al._1.0","in vivo",100,0.122143104023007,0.399950110033068,0.174243126997195,0.999909733458748,0.829426929265752,-0.338485103385861,FALSE
"scapulothoracic","frontal plane elevation",2,7,"Henninger et al._5.0","in vivo",92,0.118421581609853,0.35462987077128,0.778453381538302,0.999924102564145,0.804155499232707,-0.394530127700261,FALSE
"scapulothoracic","frontal plane elevation",2,7,"Bourne et al._6.0","in vivo",50,0.112907438159702,0.291093754129236,0.981673154534801,0.999905455954613,0.766711067916079,-0.480896338459327,FALSE
"scapulothoracic","frontal plane elevation",2,7,"Henninger et al._4.0","in vivo",54,0.107260028986657,0.349637664690649,0.799620548365362,0.999908967991559,0.728361680235347,-0.573836844404253,FALSE
"scapulothoracic","frontal plane elevation",2,7,"Moissenet et al._9.0","ex vivo",100,0.103163180991269,0.240582793351809,0.799247304412061,0.99994244663275,0.700541558259053,-0.644375104325587,FALSE
"scapulothoracic","frontal plane elevation",2,7,"Fung et al._","ex vivo",69,0.10110901978437,0.246141889427141,0.7928462713977,0.999943107469085,0.686592538085683,-0.680804632271437,FALSE
"scapulothoracic","frontal plane elevation",2,7,"Bourne et al._7.0","in vivo",49,0.0938281088538485,0.299784106706959,0.540581787559479,0.999868852269652,0.637150667063458,-0.81616978418356,FALSE
"scapulothoracic","frontal plane elevation",2,7,"Bourne et al._3.0","in vivo",55,0.0873714842987622,0.25990109778596,0.980643777481546,0.999951224581655,0.593306208377208,-0.945305350380367,FALSE
"scapulothoracic","frontal plane elevation",2,7,"Bourne et al._1.0","in vivo",46,0.0801352552236206,0.204291045528171,-1.6012987629501,0.999816820107419,0.544167754681716,-1.10189535974509,FALSE
"scapulothoracic","frontal plane elevation",2,7,"Moissenet et al._3.0","ex vivo",100,0.0788556209861788,0.249085180757895,-1.54965097966049,0.999948247429239,0.535478249820723,-1.13105194606837,FALSE
"scapulothoracic","frontal plane elevation",2,7,"Bourne et al._2.0","in vivo",48,0.0781506859303552,0.183057203320047,0.238277387803191,0.999934327920366,0.530691306477827,-1.14731674043124,FALSE
"scapulothoracic","frontal plane elevation",2,7,"Moissenet et al._8.0","ex vivo",100,0.0769255177890953,0.216527607460979,-1.19454554726829,0.999962175564381,0.522371659966731,-1.17593697697162,FALSE
"scapulothoracic","frontal plane elevation",2,7,"Oki et al._","ex vivo",21,0.0769231099991471,0.171201547182379,-0.721041779450229,0.99995266865035,0.522355309589532,-1.17599367116995,FALSE
"scapulothoracic","frontal plane elevation",2,7,"Ludewig et al._","in vivo",19,0.0674631254948501,0.136934892730103,-1.68966158561434,0.999954674833,0.458116186463738,-1.4136781756358,FALSE
"scapulothoracic","frontal plane elevation",2,7,"Moissenet et al._6.0","ex vivo",100,0.0651207910184172,0.120287379391428,0.520282170650315,0.999950437198394,0.442210292245305,-1.47768361822906,FALSE
"scapulothoracic","frontal plane elevation",2,7,"Henninger et al._12.0","in vivo",64,0.0486890850950495,0.159876660502981,0.854611531919976,0.999980318017297,0.330628885373169,-2.00438154714886,FALSE
"glenohumeral","frontal plane elevation",2,7,"Henninger et al._9.0","in vivo",71,0.345609134145972,1.5339799020516,0.924023906035908,0.999792777205951,1.95976790814729,1.57315324882807,FALSE
"glenohumeral","frontal plane elevation",2,7,"Henninger et al._18.0","in vivo",86,0.328061275260764,1.05964928960168,0.945955475726678,0.999808888575611,1.86026321541135,1.45131794734385,FALSE
"glenohumeral","frontal plane elevation",2,7,"Moissenet et al._2.0","ex vivo",100,0.285247976605941,0.844002900091255,0.761508710356064,0.999839976854528,1.61749148151901,1.12435063414802,FALSE
"glenohumeral","frontal plane elevation",2,7,"Moissenet et al._8.0","ex vivo",100,0.267237330628695,0.663797899402624,0.30108297729207,0.999845668271953,1.51536256621001,0.971853845012753,FALSE
"glenohumeral","frontal plane elevation",2,7,"Moissenet et al._4.0","ex vivo",100,0.243929770518489,0.665102118257721,0.930013948972074,0.999873201477772,1.38319763245019,0.75848382739238,FALSE
"glenohumeral","frontal plane elevation",2,7,"Henninger et al._3.0","in vivo",54,0.233550547336422,0.49173585167177,0.895820700073962,0.999901963461807,1.32434250828231,0.6568177605325,FALSE
"glenohumeral","frontal plane elevation",2,7,"Begon et al._2.0","in vivo",93,0.20530910335043,0.661807143281273,0.664052844687535,0.999832270103132,1.16420011002003,0.355475496476291,FALSE
"glenohumeral","frontal plane elevation",2,7,"Henninger et al._20.0","in vivo",72,0.195456978462973,0.531907513974662,0.95299290306986,0.999937703684357,1.1083338834829,0.240494865588473,FALSE
"glenohumeral","frontal plane elevation",2,7,"Henninger et al._8.0","in vivo",64,0.192728916562166,0.548960784410923,0.930639480559893,0.999928952742439,1.09286447704534,0.207630909063273,FALSE
"glenohumeral","frontal plane elevation",2,7,"Henninger et al._1.0","in vivo",52,0.190927383435961,0.51551312746605,0.959073315702645,0.999931340818187,1.08264892873546,0.185672476392386,FALSE
"glenohumeral","frontal plane elevation",2,7,"Moissenet et al._1.0","ex vivo",100,0.190635367988012,0.563791365784652,0.845001869455828,0.999894911993567,1.0809930624778,0.182093670301834,FALSE
"glenohumeral","frontal plane elevation",2,7,"Henninger et al._6.0","in vivo",53,0.185932960731678,0.524981539331947,0.839560033037418,0.999947347563946,1.05432818032769,0.123695767357143,FALSE
"glenohumeral","frontal plane elevation",2,7,"Henninger et al._2.0","in vivo",53,0.183489340091145,0.569835198259042,0.823241484285762,0.999947261774101,1.04047169090696,0.0927632519259759,FALSE
"glenohumeral","frontal plane elevation",2,7,"Henninger et al._11.0","in vivo",85,0.177569249832412,0.492781372774225,0.778307634523191,0.999920877335369,1.00690196789871,0.0160822465752005,FALSE
"glenohumeral","frontal plane elevation",2,7,"Henninger et al._10.0","in vivo",69,0.177437309656318,0.58254688647169,0.668748536286094,0.999927555697545,1.00615380444654,0.0143442899644548,FALSE
"glenohumeral","frontal plane elevation",2,7,"Begon et al._1.0","in vivo",94,0.176386041158088,0.407945665171027,0.52889060744597,0.999890624355478,1.00019261285139,0.000450310082378991,FALSE
"glenohumeral","frontal plane elevation",2,7,"Henninger et al._7.0","in vivo",80,0.176352073482366,0.570320894860153,0.961249628091865,0.999936448099599,1,0,FALSE
"glenohumeral","frontal plane elevation",2,7,"Henninger et al._14.0","in vivo",78,0.171810412556641,0.426562245090647,0.923723539928946,0.999957811114969,0.974246625877189,-0.0610036184367588,FALSE
"glenohumeral","frontal plane elevation",2,7,"Henninger et al._16.0","in vivo",59,0.157462758575334,0.405102134449649,0.77362684902172,0.999940725139232,0.892888614610362,-0.264894527850822,FALSE
"glenohumeral","frontal plane elevation",2,7,"Henninger et al._17.0","in vivo",67,0.139230942768274,0.654128859506187,0.962835560269782,0.999964038513006,0.7895055613406,-0.552612750438549,FALSE
"glenohumeral","frontal plane elevation",2,7,"Henninger et al._19.0","in vivo",38,0.138461540845813,0.403825801634198,0.9420673911938,0.999954557161788,0.785142687078517,-0.565569273780029,FALSE
"glenohumeral","frontal plane elevation",2,7,"Moissenet et al._7.0","ex vivo",100,0.132159256876382,0.342884103924803,0.743333233572203,0.99996858560755,0.749405744240357,-0.674490759476595,FALSE
"glenohumeral","frontal plane elevation",2,7,"Henninger et al._15.0","in vivo",61,0.121247518443823,0.354504240536855,0.96452720623468,0.999974968929058,0.687531005729552,-0.875975698492591,FALSE
"glenohumeral","frontal plane elevation",2,7,"Moissenet et al._10.0","ex vivo",100,0.119840490292872,0.314570275728883,0.836403743388339,0.99994561143382,0.679552487965818,-0.903267382587364,FALSE
"glenohumeral","frontal plane elevation",2,7,"Henninger et al._13.0","in vivo",55,0.10847196271285,0.256156492673512,0.938646562796116,0.99997933743281,0.615087538075906,-1.13630829174735,FALSE
"glenohumeral","frontal plane elevation",2,7,"Moissenet et al._5.0","ex vivo",100,0.107990087567154,0.254129518656157,0.877998975063014,0.999893425524735,0.612355077174369,-1.14671831511773,FALSE
"glenohumeral","frontal plane elevation",2,7,"Henninger et al._5.0","in vivo",67,0.103321024437768,0.260435984158011,0.93763345511787,0.999981253359165,0.585879272058004,-1.25006018857293,FALSE
"glenohumeral","frontal plane elevation",2,7,"Moissenet et al._9.0","ex vivo",100,0.0960169173163788,0.221287652821069,0.912161820068364,0.999975249692501,0.544461516217897,-1.42148349601993,FALSE
"glenohumeral","frontal plane elevation",2,7,"Henninger et al._4.0","in vivo",42,0.0936927708260214,0.275883787825727,0.944265152791863,0.999985711495766,0.531282501962702,-1.47877549096879,FALSE
"glenohumeral","frontal plane elevation",2,7,"Henninger et al._12.0","in vivo",51,0.0906923586516257,0.333972688078312,0.964035704109894,0.999987379237982,0.514268740144383,-1.55487670618905,FALSE
"glenohumeral","frontal plane elevation",2,7,"Ludewig et al._","in vivo",19,0.0730648561128702,0.194992867038639,0.220064092790095,0.999982079121985,0.414312430072881,-2.06020600732981,FALSE
"glenohumeral","frontal plane elevation",2,7,"Moissenet et al._3.0","ex vivo",100,0.0564813313192051,0.165443573518061,0.559065750184318,0.999994922604716,0.320275969564106,-2.66212734876785,FALSE
"glenohumeral","frontal plane elevation",2,7,"Moissenet et al._6.0","ex vivo",100,0.0477064535251071,0.10529072560999,0.888979100324414,0.999994525619382,0.270518245592828,-3.05690497503186,FALSE
"sternoclavicular","scapular plane elevation",2,4,"Ludewig et al._","in vivo",19,0.13545613750329,0.421488418748549,-808.11175855314,0.990653911512841,4.29568394104821,1.47320909689124,FALSE
"sternoclavicular","scapular plane elevation",2,4,"Fung et al._","ex vivo",69,0.100652311523833,0.316777227630826,-107.515218641617,0.999518211044364,3.19195959822647,1.17370925540913,FALSE
"sternoclavicular","scapular plane elevation",2,4,"Matsuki et al._23.0","in vivo",8,0.0953498876571315,0.187549751311224,0.707551391194217,0.999612008507163,3.02380526079552,1.11913031929147,FALSE
"sternoclavicular","scapular plane elevation",2,4,"Matsuki et al._8.0","in vivo",8,0.0732540398015446,0.142850686692086,-2.71090625933636,0.99984057860114,2.32308559946025,0.853269984889239,FALSE
"sternoclavicular","scapular plane elevation",2,4,"Matsuki et al._22.0","in vivo",8,0.0730647626837296,0.142527312387486,-6.98222344285037,0.999791464596549,2.31708310529209,0.850660806300387,FALSE
"sternoclavicular","scapular plane elevation",2,4,"Matsuki et al._21.0","in vivo",8,0.0710497890071713,0.127025231876857,-28.1746524990752,0.999717560291674,2.25318278875002,0.822457798216298,FALSE
"sternoclavicular","scapular plane elevation",2,4,"Matsuki et al._20.0","in vivo",8,0.0684155688974514,0.129017165683955,-2.72405562325266,0.999391216875002,2.16964447715277,0.784356220748265,FALSE
"sternoclavicular","scapular plane elevation",2,4,"Matsuki et al._9.0","in vivo",8,0.0612602929948954,0.117128046281451,-10.2638275625611,0.999893040846633,1.94273114302915,0.672948787921772,FALSE
"sternoclavicular","scapular plane elevation",2,4,"Matsuki et al._10.0","in vivo",8,0.0482925759021286,0.0933064034569924,-14.6935197909511,0.999933976725846,1.53148942970256,0.433073156691439,FALSE
"sternoclavicular","scapular plane elevation",2,4,"Matsuki et al._19.0","in vivo",8,0.0413841964514364,0.0755162254250195,-3.73172755650661,0.999938403425176,1.31240585614145,0.277382287466175,FALSE
"sternoclavicular","scapular plane elevation",2,4,"Matsuki et al._7.0","in vivo",8,0.03905821996135,0.0728175312779697,0.841655125343664,0.99993699755375,1.23864279128603,0.21904491327563,FALSE
"sternoclavicular","scapular plane elevation",2,4,"Matsuki et al._5.0","in vivo",8,0.0366671955915176,0.0616224862803705,0.818104540240975,0.999981750044163,1.16281688057088,0.155337156343144,FALSE
"sternoclavicular","scapular plane elevation",2,4,"Matsuki et al._1.0","in vivo",8,0.0340448673861032,0.0667609685450685,0.937135770281412,0.999965105318252,1.0796556937263,0.0805032639271779,FALSE
"sternoclavicular","scapular plane elevation",2,4,"Matsuki et al._14.0","in vivo",8,0.0290212889523154,0.0436931549381327,-1.79557727841113,0.999968713707945,0.920344306273703,-0.0805032639271779,FALSE
"sternoclavicular","scapular plane elevation",2,4,"Matsuki et al._3.0","in vivo",8,0.0279292285561708,0.0564940508092207,0.574360270627408,0.999987869471286,0.885712089580982,-0.11918516495763,FALSE
"sternoclavicular","scapular plane elevation",2,4,"Matsuki et al._15.0","in vivo",8,0.0261833057252268,0.0542023246306158,-2.83422674030831,0.999988633587429,0.830344109912925,-0.184285545514962,FALSE
"sternoclavicular","scapular plane elevation",2,4,"Matsuki et al._17.0","in vivo",8,0.0224194917575573,0.0355576526344521,0.687175636475912,0.999989127946359,0.71098329307568,-0.340795832808466,FALSE
"sternoclavicular","scapular plane elevation",2,4,"Matsuki et al._11.0","in vivo",8,0.0215096039090318,0.042867759560437,-0.372698207466548,0.999983704118967,0.682128265233396,-0.382579187688886,FALSE
"sternoclavicular","scapular plane elevation",2,4,"Matsuki et al._12.0","in vivo",8,0.0193595437887068,0.0367473443486332,-6.19419881268834,0.999982993831242,0.613943988748,-0.488788292744691,FALSE
"sternoclavicular","scapular plane elevation",2,4,"Matsuki et al._2.0","in vivo",8,0.0184790033570728,0.0360700424426383,-0.809364449541873,0.999980720405493,0.586019647619331,-0.535734320504236,FALSE
"sternoclavicular","scapular plane elevation",2,4,"Matsuki et al._24.0","in vivo",8,0.0160790809814782,0.0270743795627695,0.929784129549944,0.999994206527091,0.509911556848222,-0.676032731031419,FALSE
"sternoclavicular","scapular plane elevation",2,4,"Matsuki et al._13.0","in vivo",8,0.0147586331573336,0.0243470808611619,-0.171984401362235,0.999996017744684,0.468036551272839,-0.762451940732991,FALSE
"sternoclavicular","scapular plane elevation",2,4,"Matsuki et al._18.0","in vivo",8,0.0134255538577522,0.0224021764515427,-0.11241783215927,0.999994513409326,0.425760967125044,-0.857924868267159,FALSE
"sternoclavicular","scapular plane elevation",2,4,"Matsuki et al._4.0","in vivo",8,0.0110179124033423,0.0217308805648386,-0.420058968549774,0.9999957431601,0.349408083290163,-1.05724219143396,FALSE
"sternoclavicular","scapular plane elevation",2,4,"Matsuki et al._6.0","in vivo",8,0.0108198689986931,0.0172657865071386,-0.559871401711588,0.999996547488176,0.343127586232867,-1.07553453558713,FALSE
"sternoclavicular","scapular plane elevation",2,4,"Matsuki et al._16.0","in vivo",8,0.00645766908280333,0.0148642492691593,-0.948063134196123,0.999997703357529,0.204790317270991,-1.59603688358136,FALSE
"scapulothoracic","scapular plane elevation",2,6,"Henninger et al._19.0","in vivo",100,0.743361621892934,2.07140739669966,0.824376326559145,0.998791987108628,4.39465802561115,2.26747778263248,FALSE
"scapulothoracic","scapular plane elevation",2,6,"Henninger et al._16.0","in vivo",100,0.508326304901948,1.40222285021619,0.401428467744785,0.999108208389576,3.00515954775556,1.68535034787682,FALSE
"scapulothoracic","scapular plane elevation",2,6,"Henninger et al._18.0","in vivo",100,0.317217690496758,1.26793430392492,0.953138950521424,0.999535358617246,1.87535006967067,0.963110901747192,FALSE
"scapulothoracic","scapular plane elevation",2,6,"Henninger et al._6.0","in vivo",78,0.311313541628324,1.0562115722983,0.941066774447801,0.999644305850994,1.84044550311126,0.934334254920525,FALSE
"scapulothoracic","scapular plane elevation",2,6,"Kim et al._","in vivo",13,0.309167404028998,0.59098976161042,-3.12823929808957,0.998168197861044,1.82775781444511,0.923738599607831,FALSE
"scapulothoracic","scapular plane elevation",2,6,"Henninger et al._12.0","in vivo",100,0.301635369115103,1.06306761292643,0.918034942499779,0.99951073700013,1.78322939555897,0.885961351796433,FALSE
"scapulothoracic","scapular plane elevation",2,6,"Henninger et al._14.0","in vivo",100,0.29120781881656,0.714205132942318,0.710478061541714,0.999480904001584,1.72158306319886,0.832074324278957,FALSE
"scapulothoracic","scapular plane elevation",2,6,"Henninger et al._9.0","in vivo",100,0.272419209884877,0.872089943660329,0.85287942792319,0.999745296293645,1.61050723065665,0.729919063528512,FALSE
"scapulothoracic","scapular plane elevation",2,6,"Henninger et al._17.0","in vivo",100,0.262737146718692,1.12125283390173,0.937533017574418,0.999657995822848,1.55326812206587,0.674490759476595,FALSE
"scapulothoracic","scapular plane elevation",2,6,"Henninger et al._7.0","in vivo",100,0.251509514961544,0.657794725994464,0.899385174792934,0.999728039472271,1.48689181132156,0.607597450901119,FALSE
"scapulothoracic","scapular plane elevation",2,6,"Henninger et al._11.0","in vivo",100,0.248449868055699,0.712980634880381,0.91136985837081,0.999805622047517,1.46880357346491,0.588850139876155,FALSE
"scapulothoracic","scapular plane elevation",2,6,"Henninger et al._3.0","in vivo",100,0.246870745663349,0.754885942705059,0.521483371509549,0.999741295047649,1.45946800556554,0.579083889884192,FALSE
"scapulothoracic","scapular plane elevation",2,6,"Henninger et al._13.0","in vivo",100,0.226389604219734,0.489056554939921,0.599058316387436,0.999743372885495,1.33838613912528,0.446429276384508,FALSE
"scapulothoracic","scapular plane elevation",2,6,"Henninger et al._10.0","in vivo",100,0.222788020397177,0.543522262990784,0.543085698101569,0.99982592088138,1.31709404011913,0.421866260103907,FALSE
"scapulothoracic","scapular plane elevation",2,6,"Henninger et al._20.0","in vivo",100,0.216526050255022,0.548090559552428,0.793248313830557,0.999796560363339,1.28007408034332,0.378198363794861,FALSE
"scapulothoracic","scapular plane elevation",2,6,"Fung et al._","ex vivo",69,0.21452279369783,0.453496040957948,0.0547412455798998,0.999688552292691,1.26823108596865,0.363961635687854,FALSE
"scapulothoracic","scapular plane elevation",2,6,"Henninger et al._4.0","in vivo",100,0.210821494279666,0.553089661691729,0.956904008950403,0.999818728116326,1.24634948122317,0.337304004673429,FALSE
"scapulothoracic","scapular plane elevation",2,6,"Henninger et al._15.0","in vivo",100,0.20176556933033,0.579900916041767,0.982637038703936,0.999861886507687,1.19281202100752,0.270055297314545,FALSE
"scapulothoracic","scapular plane elevation",2,6,"Henninger et al._1.0","in vivo",100,0.187453195496439,0.54963084115861,0.990374795210674,0.99985095987722,1.10819911299313,0.157358716293329,FALSE
"scapulothoracic","scapular plane elevation",2,6,"Matsuki et al._12.0","in vivo",8,0.182145521626269,0.305653713170198,-0.1756190694457,0.998917176904606,1.07682082968672,0.113363991243689,FALSE
"scapulothoracic","scapular plane elevation",2,6,"Matsuki et al._15.0","in vivo",8,0.180158859501371,0.356662759171982,-0.11484732926182,0.999670369077688,1.06507593945533,0.0965662164193873,FALSE
"scapulothoracic","scapular plane elevation",2,6,"Matsuki et al._16.0","in vivo",8,0.176432487511819,0.352283001338286,-1.96680231420247,0.999526512042394,1.0430461089018,0.0645530824877352,FALSE
"scapulothoracic","scapular plane elevation",2,6,"Matsuki et al._10.0","in vivo",8,0.172896758698446,0.359193125355084,0.807607532829085,0.999776971510259,1.0221433362156,0.0335463638848284,FALSE
"scapulothoracic","scapular plane elevation",2,6,"Henninger et al._2.0","in vivo",100,0.172511999892061,0.44849888446155,0.956979437013769,0.999859158050225,1.01986869178063,0.0301340232447523,FALSE
"scapulothoracic","scapular plane elevation",2,6,"Matsuki et al._23.0","in vivo",8,0.171313670730563,0.348825072756565,0.663787828001389,0.999447493066146,1.01278432434519,0.0194573349485675,FALSE
"scapulothoracic","scapular plane elevation",2,6,"Matsuki et al._2.0","in vivo",8,0.169151187091413,0.308353043065821,0.405396904626954,0.999463004088638,1,0,FALSE
"scapulothoracic","scapular plane elevation",2,6,"Kijima et al._","in vivo",8,0.16838065565851,0.319240486464611,-126.324244760812,0.998113726045141,0.99544471755621,-0.00699315798860691,FALSE
"scapulothoracic","scapular plane elevation",2,6,"Henninger et al._8.0","in vivo",100,0.159533216328425,0.58650962826421,0.752280176907992,0.999838828618147,0.943139797429911,-0.0896654918511761,FALSE
"scapulothoracic","scapular plane elevation",2,6,"Matsuki et al._13.0","in vivo",8,0.155040942835015,0.291899865495914,-0.688385571485977,0.999515625203841,0.916582055975922,-0.133414644412576,FALSE
"scapulothoracic","scapular plane elevation",2,6,"Henninger et al._5.0","in vivo",100,0.150917421316179,0.581971170524106,0.699917062623049,0.999885164569642,0.892204328631875,-0.174703154188349,FALSE
"scapulothoracic","scapular plane elevation",2,6,"Karduna et al._","in vivo",25,0.131038311560355,0.422280520753297,-1.33557604009229,0.999915239381795,0.774681595876348,-0.391041816217459,FALSE
"scapulothoracic","scapular plane elevation",2,6,"Matsuki et al._5.0","in vivo",8,0.123646634497767,0.244038590579098,0.0889103222920674,0.999750391643492,0.730982954502974,-0.479973940989965,FALSE
"scapulothoracic","scapular plane elevation",2,6,"Matsuki et al._4.0","in vivo",8,0.12309223640926,0.225224536711224,-1.58810064190809,0.999784639701437,0.72770542451315,-0.486857005786555,FALSE
"scapulothoracic","scapular plane elevation",2,6,"Matsuki et al._9.0","in vivo",8,0.109625498103744,0.233039227552307,-0.0214466735752561,0.999858032991832,0.648091804667618,-0.664323096864505,FALSE
"scapulothoracic","scapular plane elevation",2,6,"Matsumura et al._","ex vivo",11,0.106245332779966,0.208413690752714,-0.327183777643345,0.999943767177466,0.628108703266434,-0.712293840668306,FALSE
"scapulothoracic","scapular plane elevation",2,6,"Matsuki et al._17.0","in vivo",8,0.102729862913599,0.181855196451323,-6.1972084758232,0.999845328419212,0.60732569886182,-0.763831725134348,FALSE
"scapulothoracic","scapular plane elevation",2,6,"Matsuki et al._20.0","in vivo",8,0.0917745248883527,0.189421924906984,0.949636776980209,0.99991755927532,0.542559153538518,-0.936555946982585,FALSE
"scapulothoracic","scapular plane elevation",2,6,"Matsuki et al._8.0","in vivo",8,0.0804641025076196,0.15542341895797,0.902562096027342,0.999953007198265,0.475693395306383,-1.13800752091681,FALSE
"scapulothoracic","scapular plane elevation",2,6,"Ludewig et al._","in vivo",19,0.0717142936280286,0.17913153194166,-1.34941391941743,0.999935210728676,0.423965653810472,-1.3143357341966,FALSE
"scapulothoracic","scapular plane elevation",2,6,"Chu et al._","in vivo",12,0.0699658689907489,0.140389873441871,0.965388398381069,0.999966729014688,0.413629192876652,-1.35214140033541,FALSE
"scapulothoracic","scapular plane elevation",2,6,"Matsuki et al._24.0","in vivo",8,0.0659639769932582,0.110236112779496,0.755959763488049,0.999934472486131,0.389970523574332,-1.4423552133068,FALSE
"scapulothoracic","scapular plane elevation",2,6,"Matsuki et al._18.0","in vivo",8,0.055613419905081,0.11885519406621,0.979093288890339,0.999976864875798,0.32877936514289,-1.70378823040425,FALSE
"scapulothoracic","scapular plane elevation",2,6,"Matsuki et al._21.0","in vivo",8,0.0550419074422689,0.112269568821789,0.441495615050041,0.999965456198352,0.32540065717968,-1.71960996939461,FALSE
"scapulothoracic","scapular plane elevation",2,6,"Matsuki et al._22.0","in vivo",8,0.0529694675340038,0.104144013533382,0.910044434093508,0.999971434877006,0.313148659757131,-1.77839445628628,FALSE
"scapulothoracic","scapular plane elevation",2,6,"Matsuki et al._19.0","in vivo",8,0.0477114238822029,0.0940615720288172,0.0936889149787348,0.999974705728585,0.28206378390013,-1.93852324375894,FALSE
"scapulothoracic","scapular plane elevation",2,6,"Matsuki et al._7.0","in vivo",8,0.0460879311634806,0.0902563795317954,0.681892234952222,0.999984225139721,0.27246590435439,-1.99154948484234,FALSE
"scapulothoracic","scapular plane elevation",2,6,"Matsuki et al._3.0","in vivo",8,0.0446885160294586,0.0979084468883276,0.981338358064529,0.999984762163954,0.264192742586594,-2.03877805184633,FALSE
"scapulothoracic","scapular plane elevation",2,6,"Matsuki et al._14.0","in vivo",8,0.0369997649562825,0.0495659626717497,-1.51818099720891,0.999981577600899,0.218737837980924,-2.32796618209123,FALSE
"scapulothoracic","scapular plane elevation",2,6,"Matsuki et al._1.0","in vivo",8,0.036991832045311,0.0652415811780358,0.965977637590904,0.999984723327401,0.218690939634492,-2.32829461537078,FALSE
"scapulothoracic","scapular plane elevation",2,6,"Matsuki et al._6.0","in vivo",8,0.0369469713960206,0.0557408216530391,0.943481468029548,0.999985492374625,0.21842572926227,-2.33015323348814,FALSE
"scapulothoracic","scapular plane elevation",2,6,"Matsuki et al._11.0","in vivo",8,0.026093116466332,0.0483876251087381,-0.0632021151763364,0.999993013175987,0.154259138910037,-2.86288882486716,FALSE
"glenohumeral","scapular plane elevation",2,6,"Henninger et al._19.0","in vivo",100,1.01199030588658,2.96520788027616,0.98573534194743,0.998980437899832,4.23160166973612,3.93980496488625,TRUE
"glenohumeral","scapular plane elevation",2,6,"Henninger et al._14.0","in vivo",100,0.454788378849179,1.02194150196148,0.973552744600699,0.999837127963177,1.90168152018884,1.75537118213641,FALSE
"glenohumeral","scapular plane elevation",2,6,"Henninger et al._6.0","in vivo",78,0.429362059683791,1.3585144694834,0.97172807254892,0.999815633947369,1.7953622659335,1.59824746860444,FALSE
"glenohumeral","scapular plane elevation",2,6,"Henninger et al._3.0","in vivo",100,0.384170193693655,1.30523222059956,0.854797494104706,0.999825457295564,1.60639407674238,1.29451063815833,FALSE
"glenohumeral","scapular plane elevation",2,6,"Henninger et al._15.0","in vivo",100,0.351163948439422,1.22269488336621,0.996696826919813,0.999872332916831,1.46837962965026,1.04917086822047,FALSE
"glenohumeral","scapular plane elevation",2,6,"Henninger et al._18.0","in vivo",100,0.344282562761231,0.962817480909266,0.985919318331779,0.999851219066178,1.43960535883308,0.99512145514341,FALSE
"glenohumeral","scapular plane elevation",2,6,"Henninger et al._16.0","in vivo",100,0.327104204830575,0.965954193413914,0.854100864784497,0.999892636329859,1.3677746627485,0.855333963960893,FALSE
"glenohumeral","scapular plane elevation",2,6,"Henninger et al._10.0","in vivo",100,0.266388829664052,0.628157217221911,0.818627772126288,0.999907190741961,1.11389546900639,0.294583461879129,FALSE
"glenohumeral","scapular plane elevation",2,6,"Henninger et al._13.0","in vivo",100,0.264513953182074,0.603988824714005,0.924971403272364,0.999920921821034,1.10605573931181,0.275293822594335,FALSE
"glenohumeral","scapular plane elevation",2,6,"Henninger et al._20.0","in vivo",100,0.251778248462713,0.708097619549349,0.972499831752708,0.999925897331713,1.05280184049259,0.14052787515339,FALSE
"glenohumeral","scapular plane elevation",2,6,"Henninger et al._12.0","in vivo",100,0.239150653787716,0.797714455287277,0.986507704436829,0.999955205201156,1,0,FALSE
"glenohumeral","scapular plane elevation",2,6,"Henninger et al._9.0","in vivo",100,0.229192161562656,0.586789463339173,0.968035766187973,0.999928306830055,0.95835891699506,-0.116160863696454,FALSE
"glenohumeral","scapular plane elevation",2,6,"Henninger et al._7.0","in vivo",100,0.222196697123133,0.74315332812969,0.968995366277442,0.999930711118164,0.929107629872373,-0.200818303789512,FALSE
"glenohumeral","scapular plane elevation",2,6,"Henninger et al._11.0","in vivo",100,0.213210485704991,0.639486128544547,0.845456436654771,0.999924725672616,0.891532104671765,-0.313565917435344,FALSE
"glenohumeral","scapular plane elevation",2,6,"Henninger et al._2.0","in vivo",100,0.20379517479836,0.44722529622009,0.975730575492393,0.999939220120172,0.852162315137388,-0.436913650357703,FALSE
"glenohumeral","scapular plane elevation",2,6,"Henninger et al._4.0","in vivo",100,0.198517635328328,0.538226943672626,0.973472913778543,0.999972455564143,0.83009447051123,-0.508570413000626,FALSE
"glenohumeral","scapular plane elevation",2,6,"Henninger et al._17.0","in vivo",100,0.191547359385686,0.643552012706044,0.983705929819873,0.999957559810638,0.800948508197324,-0.606187055932951,FALSE
"glenohumeral","scapular plane elevation",2,6,"Henninger et al._1.0","in vivo",100,0.186816214007557,0.589621606176408,0.985973863703083,0.999968369176468,0.781165391140374,-0.674490759476595,FALSE
"glenohumeral","scapular plane elevation",2,6,"Henninger et al._8.0","in vivo",100,0.16893068233325,0.585118454930068,0.927044643637193,0.999948819346465,0.706377673059605,-0.949338199572341,FALSE
"glenohumeral","scapular plane elevation",2,6,"Henninger et al._5.0","in vivo",100,0.163948573284959,0.557336761979222,0.922705154857838,0.999970765461805,0.685545160292514,-1.03109494029382,FALSE
"glenohumeral","scapular plane elevation",2,6,"Ludewig et al._","in vivo",19,0.108598437193083,0.280602457031913,0.287627847420722,0.999967878529969,0.45410052397131,-2.15601585846024,FALSE
"sternoclavicular","sagittal plane elevation",2,6,"Gutierrez Delgado et al._1.0","ex vivo",60,0.416314992230885,1.6152814136927,-70.9250821803878,0.973171531104774,4.56950113092784,2.18900000145793,FALSE
"sternoclavicular","sagittal plane elevation",2,6,"Begon et al._1.0","in vivo",100,0.330195557641764,0.942018717762949,-31.6001075166397,0.946640638290028,3.62424847105819,1.85753293451533,FALSE
"sternoclavicular","sagittal plane elevation",2,6,"Moissenet et al._10.0","ex vivo",86,0.227730335556387,0.913978877957554,0.7535495852969,0.997521033516489,2.49958335705184,1.32616794995304,FALSE
"sternoclavicular","sagittal plane elevation",2,6,"Ludewig et al._","in vivo",19,0.146757628988576,0.501345684925687,-5.88022714988972,0.990223630829182,1.61082152732966,0.697751720497814,FALSE
"sternoclavicular","sagittal plane elevation",2,6,"Moissenet et al._3.0","ex vivo",73,0.136258862488504,0.311633182658689,-0.400326960481502,0.998688013605081,1.4955863657556,0.591591155921292,FALSE
"sternoclavicular","sagittal plane elevation",2,6,"Moissenet et al._2.0","ex vivo",92,0.122675692098264,0.220281564016709,0.807518570722956,0.999399647046634,1.34649658129411,0.441398970384411,FALSE
"sternoclavicular","sagittal plane elevation",2,6,"Begon et al._2.0","in vivo",100,0.113393639878603,0.583152092880979,-10.6886592693651,0.998872933411087,1.24461615684006,0.328869636844177,FALSE
"sternoclavicular","sagittal plane elevation",2,6,"Moissenet et al._7.0","ex vivo",80,0.104615323217856,0.312231006279134,-17.9735836000334,0.997983910862455,1.14826476748947,0.213628077536604,FALSE
"sternoclavicular","sagittal plane elevation",2,6,"Moissenet et al._1.0","ex vivo",87,0.0775993126044798,0.284334218471447,0.815914163518699,0.99973483642688,0.851735232510533,-0.213628077536604,FALSE
"sternoclavicular","sagittal plane elevation",2,6,"Moissenet et al._5.0","ex vivo",100,0.0753241026365951,0.138767728871811,0.957906287015009,0.999715118126449,0.82676237610285,-0.256189574586938,FALSE
"sternoclavicular","sagittal plane elevation",2,6,"Moissenet et al._4.0","ex vivo",67,0.067478075140517,0.166499061784545,-4.92656230196409,0.99889130068319,0.740643854825249,-0.413511746641803,FALSE
"sternoclavicular","sagittal plane elevation",2,6,"Oki et al._","ex vivo",21,0.0571450990186789,0.128093708870693,0.886106124465967,0.999868423604179,0.627228419504093,-0.651229798455376,FALSE
"sternoclavicular","sagittal plane elevation",2,6,"Moissenet et al._9.0","ex vivo",70,0.0523715817814896,0.164739596450293,-0.100375153413513,0.999864129415314,0.57483397582347,-0.775988496206798,FALSE
"sternoclavicular","sagittal plane elevation",2,6,"Moissenet et al._8.0","ex vivo",68,0.0515308107317582,0.104540921660185,-0.482275762911846,0.999726082555496,0.56560561668605,-0.799135726627819,FALSE
"sternoclavicular","sagittal plane elevation",2,6,"Fung et al._","ex vivo",51,0.0487169254286457,0.136926942786531,-11.9532113671849,0.999668740673013,0.534720223858921,-0.879448249495737,FALSE
"sternoclavicular","sagittal plane elevation",2,6,"Moissenet et al._6.0","ex vivo",82,0.0340740121675561,0.114855519434109,0.935724022982786,0.99990749527947,0.373998630941799,-1.39074509323662,FALSE
"acromioclavicular","sagittal plane elevation",2,3,"Moissenet et al._3.0","ex vivo",73,0.602074171207742,1.48050154976667,0.311909624107158,0.991141771742931,1.86017737121229,0.99990504993006,FALSE
"acromioclavicular","sagittal plane elevation",2,3,"Begon et al._1.0","in vivo",100,0.512658133208471,1.31420967422959,-66.3818200290161,0.898909929995285,1.58391624183009,0.74090157495773,FALSE
"acromioclavicular","sagittal plane elevation",2,3,"Moissenet et al._2.0","ex vivo",92,0.502764916309369,1.3457043321808,0.642259411689728,0.984885415223712,1.55335001081691,0.709508708802971,FALSE
"acromioclavicular","sagittal plane elevation",2,3,"Moissenet et al._10.0","ex vivo",86,0.449860859883541,1.1740251775956,-10.3730102701623,0.982616618168819,1.38989684621553,0.530390214771544,FALSE
"acromioclavicular","sagittal plane elevation",2,3,"Moissenet et al._4.0","ex vivo",67,0.347814719794958,0.664705018817029,0.531743015860783,0.990917574984777,1.07461356437076,0.115929681563315,FALSE
"acromioclavicular","sagittal plane elevation",2,3,"Moissenet et al._1.0","ex vivo",87,0.347093799845678,0.680654966479637,-0.554468554832912,0.992155143120306,1.07238619930474,0.112587067193594,FALSE
"acromioclavicular","sagittal plane elevation",2,3,"Begon et al._2.0","in vivo",100,0.323664926004,1.05015096227428,-7.41656646482455,0.987656180699425,1,0,FALSE
"acromioclavicular","sagittal plane elevation",2,3,"Moissenet et al._9.0","ex vivo",70,0.279640903053234,0.726719535741063,-2.78201470251514,0.984109825640491,0.863982719739542,-0.23553288286466,FALSE
"acromioclavicular","sagittal plane elevation",2,3,"Moissenet et al._8.0","ex vivo",68,0.248015243448916,0.409524662524388,-16.0085819579889,0.920893742921838,0.766271608453029,-0.428879313512078,FALSE
"acromioclavicular","sagittal plane elevation",2,3,"Moissenet et al._5.0","ex vivo",100,0.21294451200592,0.462320670580269,-1.22269213903614,0.99596093853558,0.657916551647884,-0.674490759476595,FALSE
"acromioclavicular","sagittal plane elevation",2,3,"Moissenet et al._7.0","ex vivo",80,0.211439253728955,0.557139383817087,-5.1835833084913,0.992096924437143,0.653265883144662,-0.685919037463026,FALSE
"acromioclavicular","sagittal plane elevation",2,3,"Ludewig et al._","in vivo",19,0.156483323487369,0.476978615567432,-143.442958927974,0.99536836107413,0.483473218489652,-1.17081249562717,FALSE
"acromioclavicular","sagittal plane elevation",2,3,"Moissenet et al._6.0","ex vivo",82,0.138341281057339,0.370013753864804,-75.9758721343712,0.997814742470771,0.42742129264766,-1.3693297357193,FALSE
"scapulothoracic","sagittal plane elevation",2,6,"Henninger et al._16.0","in vivo",100,0.795187105417841,2.72578916177386,0.538745041223214,0.996604796708197,4.13389813880852,3.41681632710126,TRUE
"scapulothoracic","sagittal plane elevation",2,6,"Henninger et al._18.0","in vivo",100,0.416730666934624,1.00334029303922,0.858389809406682,0.99919390020846,2.16643619682471,1.86123119472779,FALSE
"scapulothoracic","sagittal plane elevation",2,6,"Henninger et al._15.0","in vivo",86,0.299224296562067,0.866723203923357,0.952706774246336,0.999444807579314,1.55556189759169,1.06374990517846,FALSE
"scapulothoracic","sagittal plane elevation",2,6,"Moissenet et al._4.0","ex vivo",100,0.296243232985816,0.631615114263809,0.862713314259456,0.998951348110346,1.54006439632994,1.03964442747886,FALSE
"scapulothoracic","sagittal plane elevation",2,6,"Henninger et al._9.0","in vivo",97,0.285901504792414,1.30156477600366,0.932040469561062,0.999682309009663,1.48630138805241,0.954097031088671,FALSE
"scapulothoracic","sagittal plane elevation",2,6,"Henninger et al._8.0","in vivo",95,0.257838083224799,0.758216701996673,0.812301564269597,0.999648195948814,1.340409527638,0.705363293726499,FALSE
"scapulothoracic","sagittal plane elevation",2,6,"Henninger et al._2.0","in vivo",69,0.254813632610245,0.695209061712746,0.990388563833437,0.999687051197641,1.32468647242088,0.676956116456558,FALSE
"scapulothoracic","sagittal plane elevation",2,6,"Begon et al._2.0","in vivo",100,0.254292295247753,0.656927367734408,0.901516246316056,0.998974387079144,1.3219762227981,0.672025402496633,FALSE
"scapulothoracic","sagittal plane elevation",2,6,"Henninger et al._6.0","in vivo",63,0.248337489964964,0.726209109055437,0.889632160846781,0.999782241864219,1.29101928410057,0.614977638733732,FALSE
"scapulothoracic","sagittal plane elevation",2,6,"Henninger et al._10.0","in vivo",100,0.238958837062443,0.788069546595842,-0.288897462189908,0.999668238409917,1.2422629656013,0.522294673828718,FALSE
"scapulothoracic","sagittal plane elevation",2,6,"Moissenet et al._1.0","ex vivo",100,0.225950088580227,0.492154093244477,0.823791948063107,0.999744040855495,1.17463505668218,0.387528786307468,FALSE
"scapulothoracic","sagittal plane elevation",2,6,"Yoshida et al._","in vivo",13,0.213558523016109,0.4451010616772,0.603846640586971,0.99949654330065,1.11021566472597,0.25173719888233,FALSE
"scapulothoracic","sagittal plane elevation",2,6,"Moissenet et al._2.0","ex vivo",100,0.208499192297218,0.434863853657809,0.572471638937043,0.999699562295603,1.08391398339847,0.194015249508943,FALSE
"scapulothoracic","sagittal plane elevation",2,6,"Henninger et al._11.0","in vivo",90,0.202998623998072,0.526428626298028,0.892425322251573,0.999885957952047,1.05531846304948,0.129648014150584,FALSE
"scapulothoracic","sagittal plane elevation",2,6,"Henninger et al._19.0","in vivo",50,0.200617518765311,0.44450000558484,0.883796923893352,0.999878343123068,1.04293993424418,0.101241753958161,FALSE
"scapulothoracic","sagittal plane elevation",2,6,"Moissenet et al._6.0","ex vivo",100,0.195690687477467,0.504229565770906,0.916046440102812,0.999630052248629,1.01732707086615,0.0413791008246413,FALSE
"scapulothoracic","sagittal plane elevation",2,6,"Moissenet et al._10.0","ex vivo",100,0.195358887806217,0.503663071525224,0.842781215099213,0.999740689089301,1.01560216105047,0.0372936198006143,FALSE
"scapulothoracic","sagittal plane elevation",2,6,"Begon et al._1.0","in vivo",100,0.194865157256484,0.427343422218364,-4.96152307915653,0.999392686349246,1.01303542953947,0.0312014055806097,FALSE
"scapulothoracic","sagittal plane elevation",2,6,"Henninger et al._7.0","in vivo",92,0.193164959478604,0.507741254734388,0.977688222152669,0.999864516872425,1.00419669915552,0.010103674629059,FALSE
"scapulothoracic","sagittal plane elevation",2,6,"Henninger et al._5.0","in vivo",79,0.191550424750496,0.41975875807627,-0.121597567262487,0.99975643831169,0.995803300844484,-0.0101036746290584,FALSE
"scapulothoracic","sagittal plane elevation",2,6,"Henninger et al._3.0","in vivo",85,0.188741002339902,0.540207312264279,0.55684616101175,0.999779712711452,0.981198101646518,-0.0456755996858288,FALSE
"scapulothoracic","sagittal plane elevation",2,6,"Henninger et al._4.0","in vivo",63,0.188043061968749,0.512708950089753,0.633472361203414,0.999784427121415,0.977569755082988,-0.0545947863048928,FALSE
"scapulothoracic","sagittal plane elevation",2,6,"Moissenet et al._3.0","ex vivo",100,0.184945596429729,0.458437379199901,-0.625438262817999,0.99977870080495,0.961467120948784,-0.094581876427263,FALSE
"scapulothoracic","sagittal plane elevation",2,6,"Henninger et al._1.0","in vivo",88,0.156247576500429,0.390586285052956,0.940351905462784,0.999831496116492,0.812276206804264,-0.500536853764309,FALSE
"scapulothoracic","sagittal plane elevation",2,6,"Henninger et al._17.0","in vivo",80,0.153446363382667,0.44788260965219,0.859438251857131,0.999816670389986,0.797713684832988,-0.544090472906462,FALSE
"scapulothoracic","sagittal plane elevation",2,6,"Henninger et al._14.0","in vivo",87,0.151967156057252,0.459983015624246,0.626177349393594,0.999849389712211,0.790023806101578,-0.567411256972371,FALSE
"scapulothoracic","sagittal plane elevation",2,6,"Henninger et al._13.0","in vivo",85,0.143020261152403,0.561551596348314,0.566123818239848,0.999905139685151,0.743512045607375,-0.713494710202546,FALSE
"scapulothoracic","sagittal plane elevation",2,6,"Fung et al._","ex vivo",69,0.124282639836978,0.323816064252032,0.483430156169894,0.999914161609781,0.646101741348441,-1.051577152901,FALSE
"scapulothoracic","sagittal plane elevation",2,6,"Henninger et al._20.0","in vivo",92,0.114197248482883,0.417941603702594,0.947511253821467,0.999934892957712,0.593671338159316,-1.25532783196211,FALSE
"scapulothoracic","sagittal plane elevation",2,6,"Henninger et al._12.0","in vivo",63,0.102673343291087,0.306609712913929,0.925942570298052,0.99991023526407,0.533762607371815,-1.51142644521964,FALSE
"scapulothoracic","sagittal plane elevation",2,6,"Moissenet et al._7.0","ex vivo",100,0.0909625227802145,0.204174622706419,-1.72459164470038,0.999829748991995,0.472882169567962,-1.8029883805082,FALSE
"scapulothoracic","sagittal plane elevation",2,6,"Moissenet et al._5.0","ex vivo",100,0.0876976065949634,0.175668236798577,0.924551958036159,0.999927179954335,0.455909018406912,-1.89099021089413,FALSE
"scapulothoracic","sagittal plane elevation",2,6,"Moissenet et al._8.0","ex vivo",100,0.0849021343177499,0.197390834668663,0.0246936260739246,0.999947932363569,0.441376341046919,-1.96898255791427,FALSE
"scapulothoracic","sagittal plane elevation",2,6,"Matsumura et al._","ex vivo",11,0.0832167306729917,0.148723681868675,0.256943493804968,0.999961811710715,0.432614520158808,-2.01725519114246,FALSE
"scapulothoracic","sagittal plane elevation",2,6,"Moissenet et al._9.0","ex vivo",100,0.0696226747811881,0.219286815551953,0.898149071013635,0.999970876271938,0.361943803836695,-2.44665499460071,FALSE
"scapulothoracic","sagittal plane elevation",2,6,"Ludewig et al._","in vivo",19,0.0689253949272761,0.14726852240036,-1.91425507980044,0.99994252407579,0.358318891070032,-2.47088811083839,FALSE
"scapulothoracic","sagittal plane elevation",2,6,"Oki et al._","ex vivo",21,0.068600510942796,0.141335192495311,-1.82239542455683,0.999950624393351,0.356629933478012,-2.48226290527839,FALSE
"scapulothoracic","sagittal plane elevation",2,6,"Karduna et al._","in vivo",25,0.0513764015088167,0.112418045125061,-3.69818921517236,0.999983725857148,0.267087845274323,-3.17832606395618,FALSE
"glenohumeral","sagittal plane elevation",2,6,"Henninger et al._9.0","in vivo",69,0.682040869248349,4.69494802347405,0.970629078369269,0.999328143351906,2.93462399465716,3.20501904024296,TRUE
"glenohumeral","sagittal plane elevation",2,6,"Moissenet et al._2.0","ex vivo",100,0.597853009594711,2.48965824134622,0.8854290961253,0.999324621574422,2.57238805816457,2.81281023427142,FALSE
"glenohumeral","sagittal plane elevation",2,6,"Henninger et al._18.0","in vivo",100,0.39337020471222,0.999191499980199,0.928217881050694,0.999728931739027,1.69255787091453,1.56664089918363,FALSE
"glenohumeral","sagittal plane elevation",2,6,"Moissenet et al._7.0","ex vivo",100,0.348910613807167,0.71239545815126,0.838664457991596,0.99988633921015,1.50126114934651,1.20958871745872,FALSE
"glenohumeral","sagittal plane elevation",2,6,"Henninger et al._5.0","in vivo",67,0.329598476611128,0.766429462769395,0.871321150926169,0.999776189719073,1.41816662560328,1.04007443469153,FALSE
"glenohumeral","sagittal plane elevation",2,6,"Henninger et al._16.0","in vivo",81,0.306105855573472,0.713176752417624,0.686915617834208,0.999847393004506,1.31708469268265,0.819939771201487,FALSE
"glenohumeral","sagittal plane elevation",2,6,"Henninger et al._10.0","in vivo",82,0.289878488149841,0.801998235847442,0.779505340113972,0.999807961247246,1.24726303835277,0.657783075501037,FALSE
"glenohumeral","sagittal plane elevation",2,6,"Henninger et al._2.0","in vivo",59,0.282698708762693,0.825606721028947,0.966360830051442,0.99983920792501,1.21637053056349,0.583118581443483,FALSE
"glenohumeral","sagittal plane elevation",2,6,"Henninger et al._19.0","in vivo",42,0.276352729886438,0.66234812895766,0.964336817492998,0.999858426616865,1.18906562448012,0.515528990513638,FALSE
"glenohumeral","sagittal plane elevation",2,6,"Moissenet et al._10.0","ex vivo",100,0.26406649962956,0.683644893572328,0.92531964370304,0.999904691410516,1.13620154002217,0.380141977243387,FALSE
"glenohumeral","sagittal plane elevation",2,6,"Henninger et al._15.0","in vivo",61,0.259618261253233,0.592724967293357,0.998052439544531,0.999906271111233,1.11706206075972,0.329566164288074,FALSE
"glenohumeral","sagittal plane elevation",2,6,"Henninger et al._11.0","in vivo",81,0.258062514300482,0.997105987967515,0.677609876867631,0.999803371074252,1.11036813295713,0.31167277791178,FALSE
"glenohumeral","sagittal plane elevation",2,6,"Moissenet et al._6.0","ex vivo",100,0.25027071650643,0.602047202007029,0.96413417271516,0.999879482000705,1.07684228751456,0.220400792171077,FALSE
"glenohumeral","sagittal plane elevation",2,6,"Henninger et al._1.0","in vivo",74,0.240967297315254,0.809537307477051,0.969945955534546,0.999910504933991,1.03681237373407,0.107624745759168,FALSE
"glenohumeral","sagittal plane elevation",2,6,"Begon et al._2.0","in vivo",100,0.239934553034397,0.821010854210463,0.968799571286588,0.999750802070509,1.03236877470123,0.0948382561801043,FALSE
"glenohumeral","sagittal plane elevation",2,6,"Yoshida et al._","in vivo",13,0.234330710096064,0.564523854089714,0.879147480896176,0.999914327316743,1.00825706425895,0.02448257675865,FALSE
"glenohumeral","sagittal plane elevation",2,6,"Henninger et al._14.0","in vivo",75,0.232675416568397,0.557751573728446,0.941004579529993,0.999931543245278,1.00113481642379,0.00337839257706655,FALSE
"glenohumeral","sagittal plane elevation",2,6,"Henninger et al._8.0","in vivo",75,0.232147927403497,0.593311474709083,0.918700230385137,0.999909321656106,0.99886518357621,-0.00337839257706655,FALSE
"glenohumeral","sagittal plane elevation",2,6,"Henninger et al._6.0","in vivo",59,0.231741373922649,0.742166431181118,0.855666778808001,0.999842258924462,0.997115901892663,-0.00859655687812219,FALSE
"glenohumeral","sagittal plane elevation",2,6,"Moissenet et al._4.0","ex vivo",100,0.213786055323173,0.392528264367058,0.961097100789358,0.999934611491983,0.919859374946108,-0.248683350250522,FALSE
"glenohumeral","sagittal plane elevation",2,6,"Henninger et al._3.0","in vivo",73,0.201700205127393,0.729427008012493,0.974365345639768,0.99991638317404,0.867857467759144,-0.421927024856551,FALSE
"glenohumeral","sagittal plane elevation",2,6,"Moissenet et al._3.0","ex vivo",100,0.193606365449333,0.449941198143222,0.721018738399046,0.999947695544146,0.833032023714539,-0.543852813883912,FALSE
"glenohumeral","sagittal plane elevation",2,6,"Henninger et al._20.0","in vivo",84,0.185404472428302,0.5733019527962,0.973705118435226,0.99994907331082,0.7977416574823,-0.672720665883498,FALSE
"glenohumeral","sagittal plane elevation",2,6,"Henninger et al._13.0","in vivo",67,0.185184127063734,0.635844005282053,0.887923278308307,0.999936476988219,0.796793575302585,-0.676260853069693,FALSE
"glenohumeral","sagittal plane elevation",2,6,"Henninger et al._17.0","in vivo",80,0.182450601672403,0.444691813650607,0.938842021496011,0.999914249341272,0.785032008562097,-0.720532828055799,FALSE
"glenohumeral","sagittal plane elevation",2,6,"Henninger et al._7.0","in vivo",67,0.177725915954829,0.446174977232765,0.976812021284289,0.999937129608721,0.764703056589924,-0.798641050259489,FALSE
"glenohumeral","sagittal plane elevation",2,6,"Moissenet et al._1.0","ex vivo",100,0.16627114666165,0.334667617979107,0.965637211825092,0.99994434665105,0.715416507445046,-0.996979319652962,FALSE
"glenohumeral","sagittal plane elevation",2,6,"Henninger et al._4.0","in vivo",54,0.153210176911336,0.46553611888686,0.940393917345007,0.999955035432226,0.659218943705202,-1.24052833798614,FALSE
"glenohumeral","sagittal plane elevation",2,6,"Begon et al._1.0","in vivo",100,0.148700416401326,0.418928664680575,0.281223064936008,0.999932398232231,0.639814752549595,-1.32947337957665,FALSE
"glenohumeral","sagittal plane elevation",2,6,"Henninger et al._12.0","in vivo",56,0.148422599002433,0.504056397425067,0.970174661587302,0.9999620763745,0.63861938487929,-1.33504058933021,FALSE
"glenohumeral","sagittal plane elevation",2,6,"Moissenet et al._9.0","ex vivo",100,0.126539080786557,0.750341549393186,0.977398355532333,0.999978078095042,0.544460954586687,-1.80991500878499,FALSE
"glenohumeral","sagittal plane elevation",2,6,"Ludewig et al._","in vivo",19,0.111764838383385,0.275705792223363,-0.00490001049103039,0.999948361003597,0.480891675656215,-2.17952670516038,FALSE
"glenohumeral","sagittal plane elevation",2,6,"Moissenet et al._8.0","ex vivo",100,0.106682726865015,0.226820146923178,0.813270020632726,0.999987191190799,0.459024824155414,-2.31807132478354,FALSE
"glenohumeral","sagittal plane elevation",2,6,"Moissenet et al._5.0","ex vivo",100,0.0823056177252458,0.167866217248807,0.96629582191549,0.999984569370234,0.354137195528727,-3.09037410021155,FALSE
"sternoclavicular","horizontal flexion",2,9,"Moissenet et al._2.0","ex vivo",100,0.158517024123549,0.540248744820733,0.475328683196354,0.99696477504222,5.00118584911438,1.15155086666003,FALSE
"sternoclavicular","horizontal flexion",2,9,"Moissenet et al._1.0","ex vivo",100,0.14638507315362,0.397219859176957,-4.753804156611,0.994264522764647,4.61842480594927,1.09459941058458,FALSE
"sternoclavicular","horizontal flexion",2,9,"Moissenet et al._8.0","ex vivo",100,0.103898347952877,0.2263558669517,-6.02622264432247,0.994893076153834,3.2779756647671,0.849382126319404,FALSE
"sternoclavicular","horizontal flexion",2,9,"Oki et al._","ex vivo",17,0.0658435563080176,0.114331083663977,-63.9873171732522,0.999107750807543,2.07735329302151,0.523121063113014,FALSE
"sternoclavicular","horizontal flexion",2,9,"Moissenet et al._7.0","ex vivo",100,0.0324160930549884,0.120042379723543,-96.9984111847454,0.99868544889868,1.022722365415,0.0162556204170181,FALSE
"sternoclavicular","horizontal flexion",2,9,"Moissenet et al._5.0","ex vivo",100,0.0309756819783746,0.0957080347055523,-1.00591332161121,0.999720283613533,0.977277634584995,-0.0162556204170184,FALSE
"sternoclavicular","horizontal flexion",2,9,"Moissenet et al._9.0","ex vivo",100,0.0305973152077868,0.0911538420296978,-0.186643284586009,0.99948051767108,0.965340225658091,-0.025046521764437,FALSE
"sternoclavicular","horizontal flexion",2,9,"Moissenet et al._3.0","ex vivo",100,0.0301960737754046,0.0716809579984918,-14.9584163720358,0.999526226206968,0.952681124941285,-0.0344884559732423,FALSE
"sternoclavicular","horizontal flexion",2,9,"Moissenet et al._10.0","ex vivo",100,0.00998744767229439,0.0250502383312146,-9.13484766688399,0.999916121951223,0.315102319410933,-0.825860455840176,FALSE
"sternoclavicular","horizontal flexion",2,9,"Moissenet et al._6.0","ex vivo",100,0.00916917119982716,0.0306972916550095,-48.6427225759226,0.999634825425919,0.289285832270872,-0.887004026209917,FALSE
"acromioclavicular","horizontal flexion",2,5,"Moissenet et al._8.0","ex vivo",100,0.327686791316608,1.26707002211511,-2.08811979922367,0.915901601272054,2.31439747914824,0.799777252759524,FALSE
"acromioclavicular","horizontal flexion",2,5,"Moissenet et al._2.0","ex vivo",100,0.321395510974215,0.691173806418786,-3.58295078076688,0.973200854009252,2.26996320913526,0.781301053672394,FALSE
"acromioclavicular","horizontal flexion",2,5,"Moissenet et al._1.0","ex vivo",100,0.287322144652872,0.771091036184531,-1.12910304651821,0.979310962978653,2.0293086719067,0.674490759476595,FALSE
"acromioclavicular","horizontal flexion",2,5,"Moissenet et al._3.0","ex vivo",100,0.237526394412052,0.514964387111447,-10.1387206109587,0.989464590643164,1.67760954370382,0.493095360659838,FALSE
"acromioclavicular","horizontal flexion",2,5,"Moissenet et al._5.0","ex vivo",100,0.141586220287971,0.32894248073807,-1.44484341728276,0.991429599411375,1,0,FALSE
"acromioclavicular","horizontal flexion",2,5,"Moissenet et al._9.0","ex vivo",100,0.129448297106423,0.292473237817319,-3.05940091862827,0.992456260082693,0.914271860941973,-0.0854220782662192,FALSE
"acromioclavicular","horizontal flexion",2,5,"Moissenet et al._7.0","ex vivo",100,0.128259742956447,0.313295364738818,-24.4549903380938,0.996505112014454,0.905877300033725,-0.0942133933702645,FALSE
"acromioclavicular","horizontal flexion",2,5,"Moissenet et al._10.0","ex vivo",100,0.0684561743547909,0.133209219601834,-33.9962458252663,0.997296007485326,0.483494609966693,-0.692618294136426,FALSE
"acromioclavicular","horizontal flexion",2,5,"Moissenet et al._6.0","ex vivo",100,0.0421404398119907,0.116332208843275,-432.245222819899,0.998143595325172,0.297630939834975,-1.15503971368007,FALSE
"scapulothoracic","horizontal flexion",2,5,"Moissenet et al._2.0","ex vivo",100,0.378750105991622,0.95740839023286,-4.48972745753191,0.991903975863344,2.87177820056457,1.17107907458587,FALSE
"scapulothoracic","horizontal flexion",2,5,"Bourne et al._1.0","in vivo",61,0.272228757494125,0.72922180309698,-4.1381717568947,0.988932300695251,2.06410664702414,0.804486510427846,FALSE
"scapulothoracic","horizontal flexion",2,5,"Moissenet et al._3.0","ex vivo",100,0.269532017300557,0.53897420281428,-68.7564889781227,0.984734430563524,2.04365928720044,0.793434860325255,FALSE
"scapulothoracic","horizontal flexion",2,5,"Moissenet et al._8.0","ex vivo",100,0.242145785504191,0.602067681307909,-18.8157295865668,0.993044113196717,1.8360100160207,0.674490759476595,FALSE
"scapulothoracic","horizontal flexion",2,5,"Bourne et al._3.0","in vivo",57,0.240417266295641,1.23852464198153,-144.665452938978,0.935523650670751,1.82290395029598,0.666538070642149,FALSE
"scapulothoracic","horizontal flexion",2,5,"Bourne et al._7.0","in vivo",65,0.157082471244636,0.814198304638207,-11.611960069139,0.973284983675552,1.19103865444498,0.194074011011908,FALSE
"scapulothoracic","horizontal flexion",2,5,"Bourne et al._6.0","in vivo",58,0.153976741065066,0.593182479280351,-176.945746462423,0.984536060192368,1.16749023007379,0.171905982299737,FALSE
"scapulothoracic","horizontal flexion",2,5,"Bourne et al._4.0","in vivo",58,0.13323705288899,0.698794726263046,-200.983666562942,0.990085716165354,1.01023671793384,0.0113060077401653,FALSE
"scapulothoracic","horizontal flexion",2,5,"Bourne et al._2.0","in vivo",61,0.131886963247079,0.465137229137653,-522.871115247248,0.952721230758562,1,0,FALSE
"scapulothoracic","horizontal flexion",2,5,"Moissenet et al._5.0","ex vivo",100,0.104113100260657,0.229458698681849,-1.61139368800741,0.99904686878609,0.789411612015131,-0.26250240126185,FALSE
"scapulothoracic","horizontal flexion",2,5,"Moissenet et al._1.0","ex vivo",89,0.0897929527844772,0.209683012114272,-7.23758159619206,0.999475117747638,0.680832665896308,-0.426765317038417,FALSE
"scapulothoracic","horizontal flexion",2,5,"Moissenet et al._9.0","ex vivo",100,0.07527779881567,0.238428028799184,-0.192695360213403,0.999730877225762,0.570775131690942,-0.622499476913401,FALSE
"scapulothoracic","horizontal flexion",2,5,"Bourne et al._5.0","in vivo",61,0.0651180852664242,0.310120184098814,-814.392706959522,0.98760106955248,0.493741638014903,-0.783444994528245,FALSE
"scapulothoracic","horizontal flexion",2,5,"Moissenet et al._7.0","ex vivo",100,0.0633301357234901,0.123124242154407,-27.1962993323346,0.999349726182346,0.48018495660444,-0.814351308006874,FALSE
"scapulothoracic","horizontal flexion",2,5,"Moissenet et al._6.0","ex vivo",100,0.0611063411667262,0.133019847252772,-26.6541990930243,0.997924318834975,0.463323589096889,-0.854032543455002,FALSE
"scapulothoracic","horizontal flexion",2,5,"Moissenet et al._10.0","ex vivo",100,0.0397110426882875,0.129655859058367,-0.530730053192525,0.999430881649465,0.301099075379363,-1.33247036111107,FALSE
"scapulothoracic","horizontal flexion",2,5,"Oki et al._","ex vivo",2,0.0134655851421469,0.0152005335994616,-1817.7702727495,0.997566524635342,0.102099440389118,-2.53303446194306,FALSE
"glenohumeral","horizontal flexion",2,8,"Moissenet et al._2.0","ex vivo",100,0.327712417203624,0.890311356393902,0.589929656504208,0.998566127003035,4.0711160180205,2.63679777809226,FALSE
"glenohumeral","horizontal flexion",2,8,"Moissenet et al._1.0","ex vivo",100,0.175932259923972,0.445353761821011,0.540590240483076,0.999547021596264,2.18557675529881,1.46850458696709,FALSE
"glenohumeral","horizontal flexion",2,8,"Moissenet et al._7.0","ex vivo",100,0.115170336783087,0.258747840661215,0.736957648854441,0.999323772832872,1.43074164500489,0.672747920689387,FALSE
"glenohumeral","horizontal flexion",2,8,"Moissenet et al._8.0","ex vivo",100,0.0858022453844578,0.31412024875867,-18.5698134149169,0.999379360584411,1.06590680495865,0.119876006272645,FALSE
"glenohumeral","horizontal flexion",2,8,"Moissenet et al._3.0","ex vivo",100,0.0804969486875413,0.203359655980677,0.37699308939875,0.999873175316974,1,0,FALSE
"glenohumeral","horizontal flexion",2,8,"Moissenet et al._9.0","ex vivo",100,0.0665002216728244,0.186651771458074,-26.9244745968053,0.997978282827356,0.826121023927914,-0.358757124276324,FALSE
"glenohumeral","horizontal flexion",2,8,"Moissenet et al._6.0","ex vivo",100,0.0562102088349768,0.154161405989981,0.729535368776977,0.999869302825725,0.698289932121074,-0.674490759476595,FALSE
"glenohumeral","horizontal flexion",2,8,"Moissenet et al._5.0","ex vivo",100,0.0283306466088624,0.0788958653344025,0.704733340740762,0.999920790665179,0.351946838616595,-1.96132822925792,FALSE
"glenohumeral","horizontal flexion",2,8,"Moissenet et al._10.0","ex vivo",100,0.027467077157777,0.0611198789503362,-112.918050870315,0.999426460046113,0.341218861157008,-2.01946900235903,FALSE
"sternoclavicular","internal-external rotation 0 degree-abducted",2,6,"Moissenet et al._5.0","ex vivo",100,0.102266851985931,0.233709338360661,-130.337049736033,0.697806490579038,3.02138888035944,3.41433055340294,TRUE
"sternoclavicular","internal-external rotation 0 degree-abducted",2,6,"Begon et al._2.0","in vivo",100,0.0834015328526456,0.302615390266297,-6772.13391348749,0.304019942182009,2.46402875489491,2.78465423140125,FALSE
"sternoclavicular","internal-external rotation 0 degree-abducted",2,6,"Moissenet et al._3.0","ex vivo",100,0.0587534201115176,0.184881298629742,-4746.90355063501,0.437301388016539,1.73582081349729,1.70291772366237,FALSE
"sternoclavicular","internal-external rotation 0 degree-abducted",2,6,"Begon et al._1.0","in vivo",100,0.0575521477737165,0.176625246189085,-11.0662178763609,0.728750008191411,1.70033022379756,1.6391286516624,FALSE
"sternoclavicular","internal-external rotation 0 degree-abducted",2,6,"Moissenet et al._1.0","ex vivo",100,0.0372791207827772,0.0841546808708689,-14.7696991793459,0.995597361110611,1.10138054330796,0.298193576116306,FALSE
"sternoclavicular","internal-external rotation 0 degree-abducted",2,6,"Moissenet et al._9.0","ex vivo",100,0.0339516015227524,0.0925329756547022,0.249030537812497,0.994169382256219,1.00307176097834,0.0094852473140358,FALSE
"sternoclavicular","internal-external rotation 0 degree-abducted",2,6,"Moissenet et al._10.0","ex vivo",100,0.0337436578665421,0.0763917361900841,-59.6598503447897,0.995595330804352,0.996928239021664,-0.00948524731403443,FALSE
"sternoclavicular","internal-external rotation 0 degree-abducted",2,6,"Moissenet et al._6.0","ex vivo",100,0.0321413880715376,0.0684896685957259,-4.01432106750839,0.997482991273613,0.949590513767069,-0.159704051781581,FALSE
"sternoclavicular","internal-external rotation 0 degree-abducted",2,6,"Moissenet et al._2.0","ex vivo",100,0.0297238827559691,0.0598146067851317,-740.044082620853,0.957948796557233,0.878167334732739,-0.401156488203826,FALSE
"sternoclavicular","internal-external rotation 0 degree-abducted",2,6,"Moissenet et al._4.0","ex vivo",100,0.0280872875823419,0.0700924277581194,-132.342080031299,0.991899323241915,0.82981549478437,-0.576034590440342,FALSE
"sternoclavicular","internal-external rotation 0 degree-abducted",2,6,"Moissenet et al._8.0","ex vivo",100,0.026352089465148,0.0711466982223445,-23.3623028821511,0.996358589758141,0.778550513075229,-0.772946928512849,FALSE
"sternoclavicular","internal-external rotation 0 degree-abducted",2,6,"Moissenet et al._7.0","ex vivo",100,0.0110025041310643,0.0264160820758939,-4372.87589569194,0.995280799737031,0.325059811582737,-3.46997415076815,FALSE
"acromioclavicular","internal-external rotation 0 degree-abducted",2,6,"Begon et al._2.0","in vivo",100,0.184666656408305,0.488591885688433,-237.510062653783,0.687555064109226,1.98565281313175,1.27919052793235,FALSE
"acromioclavicular","internal-external rotation 0 degree-abducted",2,6,"Moissenet et al._1.0","ex vivo",100,0.179664681396906,0.40831719736486,-6.05535016947007,0.810305475588462,1.93186841076168,1.22807628924367,FALSE
"acromioclavicular","internal-external rotation 0 degree-abducted",2,6,"Begon et al._1.0","in vivo",100,0.136258303522174,0.339470819573533,-50.7755727143697,0.971342980592743,1.46513555269633,0.713325101549677,FALSE
"acromioclavicular","internal-external rotation 0 degree-abducted",2,6,"Moissenet et al._10.0","ex vivo",100,0.130689779078064,0.367866325561208,-330.640754011359,0.950803204824684,1.40525925210965,0.635656417403514,FALSE
"acromioclavicular","internal-external rotation 0 degree-abducted",2,6,"Moissenet et al._3.0","ex vivo",100,0.102487676599756,0.228412806225341,-112.624490000694,0.975863818799399,1.10201238983656,0.183180223740533,FALSE
"acromioclavicular","internal-external rotation 0 degree-abducted",2,6,"Moissenet et al._5.0","ex vivo",100,0.0976882324429702,0.193388871770531,-51.1251368600633,0.859351737849732,1.05040572744961,0.0939047853869752,FALSE
"acromioclavicular","internal-external rotation 0 degree-abducted",2,6,"Moissenet et al._8.0","ex vivo",100,0.0883127191705708,0.188294128247445,-8.73044952264327,0.993637917369768,0.949594272550395,-0.0939047853869752,FALSE
"acromioclavicular","internal-external rotation 0 degree-abducted",2,6,"Moissenet et al._2.0","ex vivo",100,0.0838892000235881,0.170077144271359,-4.46969195211992,0.992790336435685,0.902029793889301,-0.189557014629056,FALSE
"acromioclavicular","internal-external rotation 0 degree-abducted",2,6,"Moissenet et al._6.0","ex vivo",100,0.0780074205249848,0.156894979062422,-360.204931448988,0.996474789542684,0.838785176616331,-0.32486759572043,FALSE
"acromioclavicular","internal-external rotation 0 degree-abducted",2,6,"Moissenet et al._7.0","ex vivo",100,0.0609117695113357,0.121844120605357,-210.269903658111,0.984678385457873,0.654961912645411,-0.78533605919301,FALSE
"acromioclavicular","internal-external rotation 0 degree-abducted",2,6,"Moissenet et al._4.0","ex vivo",100,0.0577375192900087,0.118189933037709,-13.2938194240433,0.990531716543479,0.620830364459333,-0.884956688964776,FALSE
"acromioclavicular","internal-external rotation 0 degree-abducted",2,6,"Moissenet et al._9.0","ex vivo",100,0.0551468516792432,0.139901269402452,-6.10063213875081,0.99498574032467,0.592973866002828,-0.970408989698154,FALSE
"scapulothoracic","internal-external rotation 0 degree-abducted",2,6,"Henninger et al._19.0","in vivo",57,0.744717934533222,2.02078589652666,-2.81358237668604,0.767568646103282,6.39493508852997,2.15923256677832,FALSE
"scapulothoracic","internal-external rotation 0 degree-abducted",2,6,"Henninger et al._3.0","in vivo",72,0.440067370739828,1.14269037314628,-37.2516945202318,0.968593049261429,3.77888344024527,1.54704163953709,FALSE
"scapulothoracic","internal-external rotation 0 degree-abducted",2,6,"Henninger et al._2.0","in vivo",81,0.388490871639354,0.997338435622994,-22.9995751658999,0.166599840527621,3.33599312090861,1.40197829191884,FALSE
"scapulothoracic","internal-external rotation 0 degree-abducted",2,6,"Henninger et al._13.0","in vivo",66,0.373335577365365,0.84807943504538,-35.4093855201491,0.874022709274882,3.20585375050325,1.35567278797016,FALSE
"scapulothoracic","internal-external rotation 0 degree-abducted",2,6,"Henninger et al._11.0","in vivo",100,0.359851467706149,0.813796566799545,-6.86976544973345,0.970973805327042,3.09006493704953,1.31286493441186,FALSE
"scapulothoracic","internal-external rotation 0 degree-abducted",2,6,"Henninger et al._7.0","in vivo",79,0.337148450311613,0.677413959347002,0.306847894047264,0.809047399766018,2.89511284066579,1.23702961783659,FALSE
"scapulothoracic","internal-external rotation 0 degree-abducted",2,6,"Moissenet et al._1.0","ex vivo",100,0.335158496850058,0.767441061685358,-160.333167355702,0.429164912008135,2.87802499757011,1.23014081782423,FALSE
"scapulothoracic","internal-external rotation 0 degree-abducted",2,6,"Henninger et al._6.0","in vivo",97,0.282737328320611,0.610751376249819,-3.0115293999495,0.97548130569598,2.4278814540004,1.03221445838693,FALSE
"scapulothoracic","internal-external rotation 0 degree-abducted",2,6,"Henninger et al._20.0","in vivo",90,0.240223224602702,0.4921859659055,-0.843523465986389,0.977849034331288,2.06281043715498,0.842591652052722,FALSE
"scapulothoracic","internal-external rotation 0 degree-abducted",2,6,"Henninger et al._12.0","in vivo",100,0.235701559155203,0.626091535895821,-98.4707825200379,0.880023599209944,2.02398263982668,0.820479034195592,FALSE
"scapulothoracic","internal-external rotation 0 degree-abducted",2,6,"Henninger et al._5.0","in vivo",74,0.191345615086252,0.620401335342706,-151.377876557543,0.976428309076886,1.64309563555547,0.577867147664191,FALSE
"scapulothoracic","internal-external rotation 0 degree-abducted",2,6,"Henninger et al._15.0","in vivo",95,0.161244028446031,0.363705987357323,-3.37013826947924,0.977409738278687,1.38461160596562,0.378687347054504,FALSE
"scapulothoracic","internal-external rotation 0 degree-abducted",2,6,"Henninger et al._14.0","in vivo",53,0.141844683402899,0.364295073075797,-0.0149877125905216,0.970138468529997,1.21802833120056,0.229518405645566,FALSE
"scapulothoracic","internal-external rotation 0 degree-abducted",2,6,"Henninger et al._18.0","in vivo",74,0.139091126862993,0.403691639584929,-34.8904373706399,0.984655974841974,1.19438338521663,0.206706172960446,FALSE
"scapulothoracic","internal-external rotation 0 degree-abducted",2,6,"Begon et al._1.0","in vivo",100,0.119007530080778,0.348798902290547,-3053.66991586455,0.656591751945032,1.02192440200848,0.0252375302779183,FALSE
"scapulothoracic","internal-external rotation 0 degree-abducted",2,6,"Moissenet et al._9.0","ex vivo",100,0.116454338351136,0.345675097543212,-111.306210058437,0.979197296504616,1,0,FALSE
"scapulothoracic","internal-external rotation 0 degree-abducted",2,6,"Henninger et al._17.0","in vivo",66,0.114255341796608,0.288775267685804,-60.4802927717521,0.952301690219674,0.981117092023674,-0.0221839497009326,FALSE
"scapulothoracic","internal-external rotation 0 degree-abducted",2,6,"Henninger et al._16.0","in vivo",100,0.108680187952939,0.261226157780254,-14.5852737686572,0.958633474256394,0.933242930162405,-0.0803989783210766,FALSE
"scapulothoracic","internal-external rotation 0 degree-abducted",2,6,"Henninger et al._8.0","in vivo",34,0.105053310048434,0.231261991968818,-120.119104056647,0.961042069793784,0.902098724151219,-0.119896424921953,FALSE
"scapulothoracic","internal-external rotation 0 degree-abducted",2,6,"Moissenet et al._5.0","ex vivo",92,0.104029838282432,0.224062235491423,-2188.5275814374,0.757834161846094,0.893310114121796,-0.131289141469789,FALSE
"scapulothoracic","internal-external rotation 0 degree-abducted",2,6,"Henninger et al._10.0","in vivo",91,0.103720517265951,0.238280833314011,-115.348037936421,0.993496724344806,0.890653957031723,-0.134754394578185,FALSE
"scapulothoracic","internal-external rotation 0 degree-abducted",2,6,"Henninger et al._4.0","in vivo",49,0.103689505451959,0.298470830852046,-154.83105740457,0.927202057597901,0.890387656828305,-0.135102382701952,FALSE
"scapulothoracic","internal-external rotation 0 degree-abducted",2,6,"Moissenet et al._10.0","ex vivo",100,0.0787062892765334,0.172748066201395,-67.0782650018871,0.998056992317427,0.675855364350756,-0.455905701939714,FALSE
"scapulothoracic","internal-external rotation 0 degree-abducted",2,6,"Moissenet et al._8.0","ex vivo",100,0.072923758074603,0.191943921705256,-0.856479533330555,0.995901379269481,0.626200441367168,-0.54470517158808,FALSE
"scapulothoracic","internal-external rotation 0 degree-abducted",2,6,"Moissenet et al._6.0","ex vivo",100,0.0681694281410571,0.13009753207402,-123.927855051203,0.996228101130439,0.585374740917859,-0.623159104086257,FALSE
"scapulothoracic","internal-external rotation 0 degree-abducted",2,6,"Moissenet et al._3.0","ex vivo",86,0.0652277542490224,0.231111588780592,-52.2819274272693,0.970853076002288,0.560114420575264,-0.674490759476595,FALSE
"scapulothoracic","internal-external rotation 0 degree-abducted",2,6,"Henninger et al._9.0","in vivo",48,0.0558913465974351,0.127368659276076,-20.2942711612361,0.984751216284,0.479942159208445,-0.854252214468706,FALSE
"scapulothoracic","internal-external rotation 0 degree-abducted",2,6,"Moissenet et al._4.0","ex vivo",100,0.0438184639592578,0.104922616530517,-951.211465973377,0.993311809262687,0.376271632123615,-1.13744096201916,FALSE
"scapulothoracic","internal-external rotation 0 degree-abducted",2,6,"Begon et al._2.0","in vivo",52,0.0429490448383744,0.17254125693999,-4606.70832998538,0.69957482856078,0.368805880884173,-1.1607623063951,FALSE
"scapulothoracic","internal-external rotation 0 degree-abducted",2,6,"Moissenet et al._2.0","ex vivo",100,0.0426185129373961,0.0903601787708035,-9.98734114109238,0.997161341341798,0.365967584727429,-1.16975259001083,FALSE
"scapulothoracic","internal-external rotation 0 degree-abducted",2,6,"Moissenet et al._7.0","ex vivo",69,0.0326536854370804,0.0702061289805114,-131.645762415699,0.995903450856557,0.280399046522613,-1.47967909993228,FALSE
"glenohumeral","internal-external rotation 0 degree-abducted",2,5,"Henninger et al._19.0","in vivo",57,0.825936970801634,1.90681746977699,0.100797201977709,0.892873083315287,3.4248400242788,1.74926565683593,FALSE
"glenohumeral","internal-external rotation 0 degree-abducted",2,5,"Henninger et al._7.0","in vivo",79,0.700980371659839,1.72441457588332,-0.830632537344499,0.947580521131383,2.90669351047979,1.51617525378176,FALSE
"glenohumeral","internal-external rotation 0 degree-abducted",2,5,"Henninger et al._16.0","in vivo",100,0.670784805906577,2.18510826201459,-4.19193722957591,0.954093380840017,2.78148421993654,1.45360874117346,FALSE
"glenohumeral","internal-external rotation 0 degree-abducted",2,5,"Henninger et al._2.0","in vivo",81,0.526007171960922,1.30259846614418,-12.2825546066747,0.967258644484246,2.18114756848938,1.1081284672159,FALSE
"glenohumeral","internal-external rotation 0 degree-abducted",2,5,"Henninger et al._13.0","in vivo",66,0.501482755624296,1.18632149689747,-44.8023519066664,0.887952188408196,2.0794543332777,1.04028438183117,FALSE
"glenohumeral","internal-external rotation 0 degree-abducted",2,5,"Moissenet et al._1.0","ex vivo",100,0.492565136129857,0.967761724985049,-37.1908325911065,0.943069558671817,2.04247642667521,1.01478899106477,FALSE
"glenohumeral","internal-external rotation 0 degree-abducted",2,5,"Henninger et al._5.0","in vivo",74,0.477758331481681,1.10647062344862,-421.551184673385,0.606525756246242,1.98107835517161,0.971419241203107,FALSE
"glenohumeral","internal-external rotation 0 degree-abducted",2,5,"Henninger et al._3.0","in vivo",72,0.404330275168852,1.03563061856996,-15.974235573734,0.986222679732937,1.67660070729359,0.734301319249778,FALSE
"glenohumeral","internal-external rotation 0 degree-abducted",2,5,"Henninger et al._6.0","in vivo",97,0.387664418915413,1.22202714171485,-3.60642989589435,0.950169369724014,1.6074938703878,0.674490759476595,FALSE
"glenohumeral","internal-external rotation 0 degree-abducted",2,5,"Henninger et al._12.0","in vivo",100,0.359641445831034,1.17964155743626,-30.4474273069103,0.937133096518657,1.49129347833425,0.567873406199887,FALSE
"glenohumeral","internal-external rotation 0 degree-abducted",2,5,"Henninger et al._17.0","in vivo",66,0.348315237761668,0.665700507159826,-194.704618563492,0.919392280878367,1.44432808982328,0.522403579492201,FALSE
"glenohumeral","internal-external rotation 0 degree-abducted",2,5,"Henninger et al._20.0","in vivo",90,0.279571383437276,0.699892428676558,-6.3136990400205,0.978771766626039,1.15927400938314,0.210007627634701,FALSE
"glenohumeral","internal-external rotation 0 degree-abducted",2,5,"Henninger et al._15.0","in vivo",95,0.270845287904532,0.827024757906099,0.386934248823674,0.923398669969414,1.12309027830834,0.164949497466015,FALSE
"glenohumeral","internal-external rotation 0 degree-abducted",2,5,"Moissenet et al._5.0","ex vivo",92,0.268578018159768,0.757139252880023,-665.223379852849,0.926821556400711,1.11368879073458,0.153004544704545,FALSE
"glenohumeral","internal-external rotation 0 degree-abducted",2,5,"Moissenet et al._3.0","ex vivo",86,0.25797990550827,0.755536530819651,-52.1679836450774,0.949200713919266,1.0697425313058,0.0957975113371103,FALSE
"glenohumeral","internal-external rotation 0 degree-abducted",2,5,"Henninger et al._11.0","in vivo",100,0.241160744719911,0.74919980872556,-16.0764768908346,0.97996287634063,1,0,FALSE
"glenohumeral","internal-external rotation 0 degree-abducted",2,5,"Henninger et al._14.0","in vivo",53,0.23926212303004,0.671425794448499,-30.7698335527648,0.989817092520704,0.992127152816367,-0.0112311808489643,FALSE
"glenohumeral","internal-external rotation 0 degree-abducted",2,5,"Henninger et al._10.0","in vivo",91,0.23333271321691,0.641565142036402,-0.236695558720134,0.997634549993663,0.967540191866247,-0.0468889097049084,FALSE
"glenohumeral","internal-external rotation 0 degree-abducted",2,5,"Moissenet et al._9.0","ex vivo",100,0.215532468127906,0.6299785590395,-30.6051807530593,0.979829274286133,0.893729484780907,-0.159646625645756,FALSE
"glenohumeral","internal-external rotation 0 degree-abducted",2,5,"Moissenet et al._6.0","ex vivo",100,0.199604068930211,0.402749269892109,-20.9013054411775,0.995188727349102,0.827680596035789,-0.268741117241917,FALSE
"glenohumeral","internal-external rotation 0 degree-abducted",2,5,"Henninger et al._8.0","in vivo",34,0.16432853241525,0.336427702708841,-160.412745340421,0.964636130011284,0.681406638572562,-0.545070279629433,FALSE
"glenohumeral","internal-external rotation 0 degree-abducted",2,5,"Moissenet et al._10.0","ex vivo",100,0.16171686538924,0.438879914945943,-46.5888117270622,0.993980352865518,0.67057706915386,-0.567834742783489,FALSE
"glenohumeral","internal-external rotation 0 degree-abducted",2,5,"Moissenet et al._8.0","ex vivo",100,0.158818439542074,0.400576608761646,-68.6349631398447,0.996954405335577,0.658558422211414,-0.593533170480838,FALSE
"glenohumeral","internal-external rotation 0 degree-abducted",2,5,"Henninger et al._4.0","in vivo",49,0.150290495613427,0.389917315014659,-524.90310575784,0.954877751139933,0.623196348924771,-0.671957604466788,FALSE
"glenohumeral","internal-external rotation 0 degree-abducted",2,5,"Moissenet et al._2.0","ex vivo",100,0.148835023853992,0.282930854078707,-122.305825319659,0.984813782226669,0.617161072490684,-0.685785692562882,FALSE
"glenohumeral","internal-external rotation 0 degree-abducted",2,5,"Moissenet et al._4.0","ex vivo",100,0.148682594156898,0.338334317427439,-3.02214999649837,0.989513247292329,0.616529005703563,-0.687241705819583,FALSE
"glenohumeral","internal-external rotation 0 degree-abducted",2,5,"Henninger et al._9.0","in vivo",48,0.138018741765455,0.332032914774388,-7.80659216464025,0.9206771598598,0.572310149090611,-0.792994828174185,FALSE
"glenohumeral","internal-external rotation 0 degree-abducted",2,5,"Begon et al._1.0","in vivo",100,0.0990326177670454,0.280965963244125,-217.275381338748,0.935350909074294,0.410649825625907,-1.26466484680593,FALSE
"glenohumeral","internal-external rotation 0 degree-abducted",2,5,"Moissenet et al._7.0","ex vivo",69,0.0955066650995521,0.201593795968343,-45.5933513619259,0.998866156350587,0.396029068538809,-1.31617882889391,FALSE
"glenohumeral","internal-external rotation 0 degree-abducted",2,5,"Begon et al._2.0","in vivo",52,0.0835313228654323,0.226876179068699,-799.931891865479,0.969601056566136,0.346371972612903,-1.50654950799998,FALSE
"glenohumeral","internal-external rotation 0 degree-abducted",2,5,"Henninger et al._18.0","in vivo",74,0.0623591755218244,0.186786125997067,-1.12959213593779,0.999562980051345,0.258579295706893,-1.92190824675746,FALSE
"scapulothoracic","internal-external rotation 90 degree-abducted",2,5,"Henninger et al._19.0","in vivo",100,0.340948395196192,0.7558904572312,-0.0858758945868086,0.99491945008218,1.79552445423628,0.937817087167997,FALSE
"scapulothoracic","internal-external rotation 90 degree-abducted",2,5,"Henninger et al._6.0","in vivo",82,0.317581716176452,0.742778593169206,0.783341831431747,0.998957469081102,1.67246934036754,0.824134636564438,FALSE
"scapulothoracic","internal-external rotation 90 degree-abducted",2,5,"Henninger et al._7.0","in vivo",91,0.303460086202609,1.1002001541287,0.396582838008469,0.999240454377599,1.5981011007484,0.751301574826604,FALSE
"scapulothoracic","internal-external rotation 90 degree-abducted",2,5,"Henninger et al._18.0","in vivo",100,0.297513876321343,0.824127799646995,0.71119223544478,0.995997842511389,1.56678678631764,0.719614039784332,FALSE
"scapulothoracic","internal-external rotation 90 degree-abducted",2,5,"Henninger et al._9.0","in vivo",100,0.292601459141215,0.883171754831388,0.296203521500328,0.996776471676595,1.54091669776288,0.692954166601285,FALSE
"scapulothoracic","internal-external rotation 90 degree-abducted",2,5,"Henninger et al._5.0","in vivo",100,0.285930925734135,0.793023920349196,-0.48092717239833,0.997946482153866,1.50578790401003,0.656027352351905,FALSE
"scapulothoracic","internal-external rotation 90 degree-abducted",2,5,"Karduna et al._","in vivo",18,0.282825112744716,0.587597072549229,-28.4101765250928,0.996320205072449,1.48943187109901,0.638539225103309,FALSE
"scapulothoracic","internal-external rotation 90 degree-abducted",2,5,"Henninger et al._20.0","in vivo",100,0.248873423482286,0.836005329515814,0.219424470176883,0.996105529953246,1.31063329280318,0.433764217637309,FALSE
"scapulothoracic","internal-external rotation 90 degree-abducted",2,5,"Henninger et al._3.0","in vivo",100,0.234440413303862,0.665457990137696,0.948596217048744,0.999015918598204,1.23462524264448,0.338100656616673,FALSE
"scapulothoracic","internal-external rotation 90 degree-abducted",2,5,"Henninger et al._12.0","in vivo",100,0.210086483877178,0.66655157688016,-0.869145962554959,0.998288458863065,1.10637100693473,0.162471835189395,FALSE
"scapulothoracic","internal-external rotation 90 degree-abducted",2,5,"Henninger et al._11.0","in vivo",100,0.208751782367266,0.489269320453317,0.818929913724176,0.998565520090926,1.09934211565992,0.152266460014164,FALSE
"scapulothoracic","internal-external rotation 90 degree-abducted",2,5,"Henninger et al._10.0","in vivo",100,0.195123132827904,0.558495395088116,-3.12411732038462,0.998347803612202,1.02757004143719,0.0441577770744531,FALSE
"scapulothoracic","internal-external rotation 90 degree-abducted",2,5,"Henninger et al._2.0","in vivo",94,0.18465269745029,0.467532724159906,0.246654449002504,0.996684691650552,0.972429958562806,-0.0441577770744535,FALSE
"scapulothoracic","internal-external rotation 90 degree-abducted",2,5,"Henninger et al._1.0","in vivo",81,0.168819612097572,0.363976602737353,-1.53117352292607,0.994813435162749,0.889048742116673,-0.187703604412911,FALSE
"scapulothoracic","internal-external rotation 90 degree-abducted",2,5,"Henninger et al._15.0","in vivo",100,0.163890121659464,0.48774228363154,0.800098000708088,0.999388463528252,0.863088741268296,-0.235155985541824,FALSE
"scapulothoracic","internal-external rotation 90 degree-abducted",2,5,"Henninger et al._16.0","in vivo",100,0.152181408441011,0.429426120965474,-27.0129768580245,0.997609759478254,0.80142755967137,-0.353845478588104,FALSE
"scapulothoracic","internal-external rotation 90 degree-abducted",2,5,"Henninger et al._8.0","in vivo",100,0.13522710228313,0.472129898217986,0.925237379564991,0.999369653331205,0.712141697822491,-0.542981663642236,FALSE
"scapulothoracic","internal-external rotation 90 degree-abducted",2,5,"Henninger et al._13.0","in vivo",100,0.117431682468816,0.324994046832558,-53.1158757160257,0.992359406926919,0.618426308924373,-0.768916517527232,FALSE
"scapulothoracic","internal-external rotation 90 degree-abducted",2,5,"Henninger et al._4.0","in vivo",100,0.113802577935003,0.347325261141947,0.928862360787822,0.999528968772472,0.599314484292695,-0.819182325206125,FALSE
"scapulothoracic","internal-external rotation 90 degree-abducted",2,5,"Henninger et al._17.0","in vivo",100,0.100710903420666,0.255772085821221,-1.38837398236422,0.99895736262203,0.530370262619888,-1.01487311224492,FALSE
"scapulothoracic","internal-external rotation 90 degree-abducted",2,5,"Henninger et al._14.0","in vivo",98,0.100555186128325,0.382833671747022,-23.9181451657201,0.989007281948745,0.529550214160107,-1.01735085393294,FALSE
"scapulothoracic","internal-external rotation 90 degree-abducted",2,5,"Begon et al._1.0","in vivo",100,0.0984202166436581,0.265237261023948,-12.9967925062926,0.997851190357815,0.518306900002368,-1.05171445379743,FALSE
"scapulothoracic","internal-external rotation 90 degree-abducted",2,5,"Begon et al._2.0","in vivo",100,0.0940094972197931,0.247759848505336,-5.9664934101552,0.978088831441105,0.495078884566872,-1.12513254322417,FALSE
"scapulothoracic","internal-external rotation 90 degree-abducted",2,5,"Chu et al._","in vivo",8,0.0354595052067642,0.0585196902629797,-12.783860185559,0.99969265561993,0.1867391359834,-2.68636048384456,FALSE
"glenohumeral","internal-external rotation 90 degree-abducted",2,5,"Henninger et al._19.0","in vivo",100,0.834432074693918,1.91738871569534,-3.36762088609341,0.959690192630014,3.43514460184821,2.34350189743007,FALSE
"glenohumeral","internal-external rotation 90 degree-abducted",2,5,"Henninger et al._5.0","in vivo",100,0.565901429137129,1.45302834893509,-0.410267242394926,0.961835591657615,2.32967223868002,1.60658463598575,FALSE
"glenohumeral","internal-external rotation 90 degree-abducted",2,5,"Henninger et al._20.0","in vivo",100,0.399725011412005,0.935901626882902,-28.0608306778497,0.952196795989917,1.64556619624113,0.946879659624388,FALSE
"glenohumeral","internal-external rotation 90 degree-abducted",2,5,"Henninger et al._18.0","in vivo",100,0.39872684158582,0.882226787256833,-0.917203376757747,0.991606975976689,1.64145698496542,0.942135032259126,FALSE
"glenohumeral","internal-external rotation 90 degree-abducted",2,5,"Henninger et al._10.0","in vivo",100,0.373397324199906,1.04773788873538,-150.066982644258,0.910209416486986,1.53718180481063,0.817585582683116,FALSE
"glenohumeral","internal-external rotation 90 degree-abducted",2,5,"Henninger et al._2.0","in vivo",94,0.293938627898853,0.733304657030338,-30.7672835588591,0.94818946801322,1.21007056358877,0.36353087106321,FALSE
"glenohumeral","internal-external rotation 90 degree-abducted",2,5,"Henninger et al._13.0","in vivo",100,0.283269328295651,0.670420533168283,-303.024347435251,0.916229660787339,1.16614777101049,0.293369308929899,FALSE
"glenohumeral","internal-external rotation 90 degree-abducted",2,5,"Henninger et al._9.0","in vivo",100,0.277559079837864,0.738018685597986,-3.84855229976408,0.972459697910534,1.1426401305927,0.254724942795084,FALSE
"glenohumeral","internal-external rotation 90 degree-abducted",2,5,"Henninger et al._15.0","in vivo",100,0.271968736189363,0.81437439967516,-128.415900372009,0.933904022868904,1.11962610777524,0.216114037334791,FALSE
"glenohumeral","internal-external rotation 90 degree-abducted",2,5,"Henninger et al._17.0","in vivo",100,0.265195043185689,0.802694181161407,0.596213966627223,0.99545689298506,1.09174053666428,0.168252351783512,FALSE
"glenohumeral","internal-external rotation 90 degree-abducted",2,5,"Henninger et al._6.0","in vivo",82,0.253155727744245,0.770317244181378,-1.13183316242241,0.99345748639625,1.04217773736297,0.0800861084996144,FALSE
"glenohumeral","internal-external rotation 90 degree-abducted",2,5,"Henninger et al._11.0","in vivo",100,0.23266491237959,0.902688927267029,0.639763962033382,0.998625536039255,0.957822262637025,-0.0800861084996139,FALSE
"glenohumeral","internal-external rotation 90 degree-abducted",2,5,"Henninger et al._3.0","in vivo",100,0.228749785692865,0.649857452023902,-20.813170308458,0.941503405389447,0.941704681935936,-0.112290195908873,FALSE
"glenohumeral","internal-external rotation 90 degree-abducted",2,5,"Henninger et al._1.0","in vivo",81,0.197693284455408,0.457668515265439,-110.762940987925,0.985135322725744,0.813852966004147,-0.389180157810562,FALSE
"glenohumeral","internal-external rotation 90 degree-abducted",2,5,"Henninger et al._4.0","in vivo",100,0.194125517996484,0.553660281154563,-111.46885255948,0.954767608842521,0.799165379004899,-0.423739807175787,FALSE
"glenohumeral","internal-external rotation 90 degree-abducted",2,5,"Henninger et al._8.0","in vivo",100,0.172973055352779,0.471196478456832,-18.2626483859654,0.986453378434528,0.712086070730501,-0.642670046288479,FALSE
"glenohumeral","internal-external rotation 90 degree-abducted",2,5,"Henninger et al._16.0","in vivo",100,0.167268259969587,0.392697635007124,-0.11111001579978,0.997549352304753,0.688600879233745,-0.706311472664711,FALSE
"glenohumeral","internal-external rotation 90 degree-abducted",2,5,"Henninger et al._7.0","in vivo",91,0.164212478043116,0.514013935918278,0.77525541415369,0.996403764477442,0.676021002324062,-0.741299748571615,FALSE
"glenohumeral","internal-external rotation 90 degree-abducted",2,5,"Henninger et al._12.0","in vivo",100,0.152716506432591,0.413085108121798,-0.265877697278286,0.985306553607235,0.628695011367418,-0.879027191018056,FALSE
"glenohumeral","internal-external rotation 90 degree-abducted",2,5,"Henninger et al._14.0","in vivo",98,0.13853152990848,0.323116108995464,0.784237444560442,0.993932559840068,0.570299071168191,-1.06402029654157,FALSE
"glenohumeral","internal-external rotation 90 degree-abducted",2,5,"Begon et al._1.0","in vivo",100,0.127272787187816,0.379404792242951,-501.570128681972,0.984455243619958,0.523949691208569,-1.22487507751764,FALSE
"glenohumeral","internal-external rotation 90 degree-abducted",2,5,"Begon et al._2.0","in vivo",100,0.124074837677996,0.434090800330026,-41.2190676531203,0.997736272826791,0.51078454652058,-1.27316610346005,FALSE
"sternoclavicular","frontal plane elevation",3,6,"Begon et al._2.0","in vivo",100,0.778669284134537,3.90146675662691,-2.30284143338793,0.980468501872386,7.45354171073973,2.69779323234803,FALSE
"sternoclavicular","frontal plane elevation",3,6,"Gutierrez Delgado et al._1.0","ex vivo",97,0.618060645364517,1.59751115634172,-1306.12577811215,0.780739997935745,5.91617120882246,2.38754625715582,FALSE
"sternoclavicular","frontal plane elevation",3,6,"Begon et al._1.0","in vivo",100,0.599978695980721,1.49372424411464,-0.11059508890388,0.997425401731843,5.74308801844927,2.34766748977362,FALSE
"sternoclavicular","frontal plane elevation",3,6,"Moissenet et al._8.0","ex vivo",100,0.273018305638455,0.622189079902952,-0.945841408269959,0.999124828494139,2.61337305879927,1.29020091912425,FALSE
"sternoclavicular","frontal plane elevation",3,6,"Moissenet et al._5.0","ex vivo",100,0.181699556222501,0.495134380831995,0.538555603103681,0.999333126650803,1.7392559957371,0.74332735528883,FALSE
"sternoclavicular","frontal plane elevation",3,6,"Moissenet et al._9.0","ex vivo",100,0.125476233396651,0.308573660024271,0.895241060913912,0.999759798247308,1.20107773400609,0.246074736446579,FALSE
"sternoclavicular","frontal plane elevation",3,6,"Ludewig et al._","in vivo",19,0.112784175899154,0.248957392736715,-0.913521619161299,0.99970039019654,1.07958741471367,0.102850230301852,FALSE
"sternoclavicular","frontal plane elevation",3,6,"Moissenet et al._3.0","ex vivo",100,0.104863397968059,0.236828716782078,-1.55298615663102,0.998943416570476,1.00376851458004,0.00505183375518118,FALSE
"sternoclavicular","frontal plane elevation",3,6,"Moissenet et al._7.0","ex vivo",100,0.1044697023715,0.219410697581846,0.659570331337282,0.999380738702979,1,0,FALSE
"sternoclavicular","frontal plane elevation",3,6,"Fung et al._","ex vivo",69,0.082275208373951,0.197184149188635,0.571497959160511,0.999895436428168,0.787550902379106,-0.32075970826291,FALSE
"sternoclavicular","frontal plane elevation",3,6,"Moissenet et al._10.0","ex vivo",100,0.0726731349780744,0.229844204670188,0.854549565021911,0.999798937361271,0.695638384415465,-0.487431009824421,FALSE
"sternoclavicular","frontal plane elevation",3,6,"Moissenet et al._4.0","ex vivo",100,0.0664159295067578,0.145411903308725,-5.62452390452992,0.99944763741531,0.635743454792083,-0.608353353039522,FALSE
"sternoclavicular","frontal plane elevation",3,6,"Moissenet et al._6.0","ex vivo",100,0.066121863984139,0.144191196056255,-5.76405650101284,0.999891922306408,0.63292861454708,-0.61431314324874,FALSE
"sternoclavicular","frontal plane elevation",3,6,"Moissenet et al._1.0","ex vivo",100,0.0632245808331838,0.212784049184802,0.916590134290732,0.999922576123648,0.605195376247498,-0.674490759476595,FALSE
"sternoclavicular","frontal plane elevation",3,6,"Oki et al._","ex vivo",21,0.0446214948100389,0.0829378050291396,-13.7829269630077,0.99992805605535,0.427123786103674,-1.14251742819159,FALSE
"sternoclavicular","frontal plane elevation",3,6,"Moissenet et al._2.0","ex vivo",100,0.0272500901019122,0.0906601069354274,0.90738836367291,0.999973623296019,0.260842038249612,-1.80486009538892,FALSE
"sternoclavicular","frontal plane elevation",3,6,"Sahara et al._","in vivo",5,0.00760501313459107,0.0141741229456613,0.59468005293641,0.999999373298255,0.0727963511138115,-3.51894119178513,FALSE
"acromioclavicular","frontal plane elevation",3,8,"Begon et al._2.0","in vivo",93,0.307575800459704,1.36776242898461,0.894568354076849,0.994241061917994,2.4066220714636,1.95363097072933,FALSE
"acromioclavicular","frontal plane elevation",3,8,"Begon et al._1.0","in vivo",94,0.302665609758714,0.7746281894162,0.286377215474643,0.98994020472776,2.36820236062017,1.91787055792575,FALSE
"acromioclavicular","frontal plane elevation",3,8,"Ludewig et al._","in vivo",19,0.172999103154952,0.52598346635918,-1.1779912756162,0.997629920881514,1.35362879450804,0.67494806600532,FALSE
"acromioclavicular","frontal plane elevation",3,8,"Moissenet et al._4.0","ex vivo",100,0.17292791210393,0.4394400195813,0.812869525543404,0.998417931122569,1.35307176123551,0.674033452947871,FALSE
"acromioclavicular","frontal plane elevation",3,8,"Moissenet et al._9.0","ex vivo",100,0.170184047441556,0.520767881410144,-0.82014005893094,0.999439360574483,1.33160243482001,0.638492214667857,FALSE
"acromioclavicular","frontal plane elevation",3,8,"Moissenet et al._5.0","ex vivo",100,0.145019861121167,0.402484803059988,0.881730967591024,0.999429881598079,1.13470564996712,0.282932138250914,FALSE
"acromioclavicular","frontal plane elevation",3,8,"Moissenet et al._1.0","ex vivo",100,0.133379009704136,0.400198697475616,0.744212686447256,0.99919926924448,1.04362198893467,0.0969946166612265,FALSE
"acromioclavicular","frontal plane elevation",3,8,"Moissenet et al._10.0","ex vivo",100,0.122228884951838,0.292183470456429,-0.144754481302365,0.999796390272338,0.95637801106533,-0.0969946166612275,FALSE
"acromioclavicular","frontal plane elevation",3,8,"Moissenet et al._2.0","ex vivo",100,0.113725424740185,0.438520685225045,-0.754308156147583,0.999660393548252,0.889842818769344,-0.257227762623856,FALSE
"acromioclavicular","frontal plane elevation",3,8,"Moissenet et al._8.0","ex vivo",100,0.109787607247981,0.271759067297815,-1.35538489752971,0.999004331599,0.859031426988951,-0.335533600250571,FALSE
"acromioclavicular","frontal plane elevation",3,8,"Moissenet et al._7.0","ex vivo",100,0.0644753964622132,0.164092219709289,-0.100260285972248,0.999876933664904,0.504486737774602,-1.51828515448964,FALSE
"acromioclavicular","frontal plane elevation",3,8,"Moissenet et al._3.0","ex vivo",100,0.0552944687977784,0.178955512756403,0.865802836041396,0.999958669231238,0.432650711921085,-1.85962601211116,FALSE
"acromioclavicular","frontal plane elevation",3,8,"Moissenet et al._6.0","ex vivo",100,0.0461925853134081,0.121244162101904,-1.87357985250743,0.999729974642565,0.361433166026263,-2.25928131131961,FALSE
"acromioclavicular","frontal plane elevation",3,8,"Sahara et al._","in vivo",4,0.0177109793862599,0.0245389207971058,-33.6003971648154,0.999975329158028,0.13857928300765,-4.38947721118342,FALSE
"scapulothoracic","frontal plane elevation",3,7,"Henninger et al._9.0","in vivo",100,0.576338489962515,1.63786320883469,0.0654504977655025,0.996585705361115,3.50240910841111,2.87809798157457,FALSE
"scapulothoracic","frontal plane elevation",3,7,"Henninger et al._18.0","in vivo",100,0.456874546955109,1.35473790150995,0.583483664303361,0.994939772338416,2.77642670500949,2.34474327167031,FALSE
"scapulothoracic","frontal plane elevation",3,7,"Moissenet et al._2.0","ex vivo",100,0.410291665845685,1.2218280593333,-72.0253732297532,0.923211186982639,2.4933425280282,2.09781842686833,FALSE
"scapulothoracic","frontal plane elevation",3,7,"Henninger et al._17.0","in vivo",93,0.330429483122935,1.17508021049658,0.32699013761531,0.998138200582214,2.00802002908501,1.6007681663348,FALSE
"scapulothoracic","frontal plane elevation",3,7,"Henninger et al._10.0","in vivo",94,0.296757303559814,0.934611917698305,0.720569956130168,0.999164408255502,1.8033941877507,1.35398550740994,FALSE
"scapulothoracic","frontal plane elevation",3,7,"Henninger et al._11.0","in vivo",99,0.272866316205512,1.00626011591333,-25.5560479201937,0.995556645663236,1.65820865324981,1.1612669730721,FALSE
"scapulothoracic","frontal plane elevation",3,7,"Moissenet et al._4.0","ex vivo",100,0.228729604432174,0.582621410747225,-0.60854507425695,0.988066331835511,1.38998984776918,0.756138142176982,FALSE
"scapulothoracic","frontal plane elevation",3,7,"Henninger et al._8.0","in vivo",81,0.222282393095388,0.60656067283394,0.0371210858205948,0.998526882503361,1.35081014330197,0.690487962318178,FALSE
"scapulothoracic","frontal plane elevation",3,7,"Henninger et al._19.0","in vivo",73,0.216039920321076,0.843909491591347,-1.64426080132672,0.998303814944373,1.31287463511618,0.625082357506713,FALSE
"scapulothoracic","frontal plane elevation",3,7,"Henninger et al._1.0","in vivo",73,0.205243189159113,0.558521857013842,-3.7880283491713,0.997244422991477,1.24726289787964,0.507366255275242,FALSE
"scapulothoracic","frontal plane elevation",3,7,"Begon et al._1.0","in vivo",100,0.204720300763896,0.755784225435899,-48.5795431663112,0.970119090719417,1.24408530500672,0.50150910210792,FALSE
"scapulothoracic","frontal plane elevation",3,7,"Begon et al._2.0","in vivo",100,0.202001989266325,0.701843196077563,-1794.8807740475,0.642051206384303,1.22756612554118,0.470816745304511,FALSE
"scapulothoracic","frontal plane elevation",3,7,"Henninger et al._14.0","in vivo",100,0.199948113497768,0.542849338478218,0.499218958061438,0.999190105021013,1.2150847221218,0.447351325364951,FALSE
"scapulothoracic","frontal plane elevation",3,7,"Henninger et al._3.0","in vivo",78,0.199147152700661,0.530475441313403,0.466093799626251,0.999651403565076,1.21021728321198,0.438135000164413,FALSE
"scapulothoracic","frontal plane elevation",3,7,"Henninger et al._7.0","in vivo",92,0.19838792972629,0.802124085208227,0.705584643631009,0.999423147091938,1.20560348505853,0.429364650021482,FALSE
"scapulothoracic","frontal plane elevation",3,7,"Moissenet et al._8.0","ex vivo",100,0.191231347080172,0.601272703885406,-188.781540480451,0.957488970534036,1.16211293101539,0.345004638946155,FALSE
"scapulothoracic","frontal plane elevation",3,7,"Henninger et al._6.0","in vivo",66,0.190512075251267,0.67588205881065,-0.337287827167865,0.999488513535456,1.15774191598021,0.336352080807122,FALSE
"scapulothoracic","frontal plane elevation",3,7,"Moissenet et al._5.0","ex vivo",100,0.186448137787298,0.365654537514962,-62.6044942593244,0.963021350836531,1.13304536727192,0.286842317250543,FALSE
"scapulothoracic","frontal plane elevation",3,7,"Henninger et al._20.0","in vivo",95,0.175963824147064,0.520278099273117,-0.492138337264599,0.999385828226271,1.06933219137179,0.153955713350287,FALSE
"scapulothoracic","frontal plane elevation",3,7,"Henninger et al._16.0","in vivo",78,0.172905854873811,0.749557920720363,-3.7196978661001,0.999362391740607,1.05074891154161,0.113702223497906,FALSE
"scapulothoracic","frontal plane elevation",3,7,"Henninger et al._5.0","in vivo",92,0.168192107530931,0.486209131918718,0.87206915248589,0.999376179287592,1.0221034680809,0.0502367758068524,FALSE
"scapulothoracic","frontal plane elevation",3,7,"Henninger et al._4.0","in vivo",54,0.165496181723664,0.40711503667804,0.983874168782359,0.999131713512025,1.00572032645941,0.0131346371574967,FALSE
"scapulothoracic","frontal plane elevation",3,7,"Henninger et al._13.0","in vivo",85,0.163613566522722,0.527953308555933,0.946350510586924,0.999357262318422,0.994279673540594,-0.0131346371574972,FALSE
"scapulothoracic","frontal plane elevation",3,7,"Moissenet et al._10.0","ex vivo",100,0.16072251362898,0.355972700161552,-4.63428182340415,0.977311053519048,0.976710744579074,-0.0540696376876666,FALSE
"scapulothoracic","frontal plane elevation",3,7,"Henninger et al._15.0","in vivo",93,0.159039453019391,0.483831463035958,0.220672999754961,0.999605394049349,0.966482784948245,-0.0782409084910277,FALSE
"scapulothoracic","frontal plane elevation",3,7,"Bourne et al._4.0","in vivo",54,0.15395239494416,0.468224995701739,-1.04754076848631,0.999745750146187,0.935568732099086,-0.15288482848792,FALSE
"scapulothoracic","frontal plane elevation",3,7,"Bourne et al._6.0","in vivo",50,0.13443180969791,0.360194544477011,-2.86741200950339,0.999713594912583,0.816942132004358,-0.464205890010812,FALSE
"scapulothoracic","frontal plane elevation",3,7,"Henninger et al._2.0","in vivo",83,0.130452157980986,0.419523294436692,0.821496102598898,0.999386881338642,0.792757787796207,-0.533205176053241,FALSE
"scapulothoracic","frontal plane elevation",3,7,"Ludewig et al._","in vivo",19,0.129440340738504,0.297387782345648,-10629.5221967514,0.243393472893248,0.786608974229468,-0.551083757176283,FALSE
"scapulothoracic","frontal plane elevation",3,7,"Moissenet et al._1.0","ex vivo",100,0.123524687872588,0.328621278472812,0.410814052944278,0.997567061285936,0.750659550686492,-0.658493556635013,FALSE
"scapulothoracic","frontal plane elevation",3,7,"Bourne et al._5.0","in vivo",51,0.116990667168365,0.41728307498655,-5.2542893617591,0.999836071696028,0.71095230567756,-0.783279911147007,FALSE
"scapulothoracic","frontal plane elevation",3,7,"Moissenet et al._9.0","ex vivo",100,0.110952278587823,0.335431171832369,-2.67489035833686,0.996974631884558,0.674257017174461,-0.904959867678207,FALSE
"scapulothoracic","frontal plane elevation",3,7,"Moissenet et al._3.0","ex vivo",100,0.0897023562922745,0.313449477880211,-4.76992181274827,0.998780727718412,0.545121235516362,-1.39311990204196,FALSE
"scapulothoracic","frontal plane elevation",3,7,"Bourne et al._7.0","in vivo",49,0.0852619441885965,0.229574070009974,-17.6512473140696,0.999702871187481,0.518136850354039,-1.50969066117546,FALSE
"scapulothoracic","frontal plane elevation",3,7,"Moissenet et al._6.0","ex vivo",100,0.0817082711730813,0.167855036449363,-18.3309736800933,0.997993607425644,0.49654117879189,-1.60744286765654,FALSE
"scapulothoracic","frontal plane elevation",3,7,"Moissenet et al._7.0","ex vivo",100,0.0786840642690227,0.216646225769828,-30.8523653495577,0.997300261384702,0.478163072885439,-1.69403967625034,FALSE
"scapulothoracic","frontal plane elevation",3,7,"Bourne et al._2.0","in vivo",48,0.0780506890458596,0.303580917058831,-13.7347562503771,0.999909521149113,0.474314051538986,-1.71259722685508,FALSE
"scapulothoracic","frontal plane elevation",3,7,"Chu et al._","in vivo",12,0.0780163560514782,0.159469980640419,-2.12767065857508,0.999287629076228,0.474105409925881,-1.71360746323872,FALSE
"scapulothoracic","frontal plane elevation",3,7,"Bourne et al._1.0","in vivo",46,0.0724066715063461,0.227002927865932,-72.1549047809261,0.999264399932412,0.440015355924001,-1.88494325307003,FALSE
"scapulothoracic","frontal plane elevation",3,7,"Bourne et al._3.0","in vivo",55,0.0682444128648929,0.176776069528064,-0.614874167429698,0.999908299912008,0.414721309402249,-2.02087951594497,FALSE
"scapulothoracic","frontal plane elevation",3,7,"Henninger et al._12.0","in vivo",64,0.0576762888078797,0.247994434624273,0.632854217772334,0.999784735098292,0.350498817584101,-2.40719854331639,FALSE
"scapulothoracic","frontal plane elevation",3,7,"Matsumura et al._","ex vivo",11,0.0407775642613504,0.0783910386069389,0.736476200795775,0.999943134242274,0.247805265438826,-3.20329199378309,FALSE
"scapulothoracic","frontal plane elevation",3,7,"Oki et al._","ex vivo",21,0.0381614832471446,0.0809231064079685,-4.44418145324244,0.999815476426619,0.231907340639301,-3.35553624448321,FALSE
"scapulothoracic","frontal plane elevation",3,7,"Fung et al._","ex vivo",69,0.0333876831864415,0.0868064255675599,0.242949738215468,0.999903370182152,0.20289695680145,-3.66238746662733,FALSE
"glenohumeral","frontal plane elevation",3,7,"Henninger et al._9.0","in vivo",71,1.46417981369694,5.35362709530114,-3.65095751975725,0.992471269515368,2.55058914141108,1.9186650227421,FALSE
"glenohumeral","frontal plane elevation",3,7,"Henninger et al._18.0","in vivo",86,1.10514957961563,3.50754203467469,-6.45820922571107,0.992467045593246,1.92516143921247,1.34221055274979,FALSE
"glenohumeral","frontal plane elevation",3,7,"Henninger et al._6.0","in vivo",53,0.931260703229772,2.90102692970066,-3.67376168462765,0.995997337846725,1.62224845286136,0.991403560405506,FALSE
"glenohumeral","frontal plane elevation",3,7,"Henninger et al._13.0","in vivo",55,0.921659810258707,3.05334405619726,-1.71064058261938,0.988111456257562,1.60552377660864,0.970168106255884,FALSE
"glenohumeral","frontal plane elevation",3,7,"Henninger et al._17.0","in vivo",67,0.841306312648931,1.95077557563764,-5.05735051970526,0.975825774570359,1.46554864748812,0.783244284082772,FALSE
"glenohumeral","frontal plane elevation",3,7,"Henninger et al._11.0","in vivo",85,0.828989717376544,2.96540277765642,-20.4444831931873,0.989596914698916,1.44409324025806,0.753023347380959,FALSE
"glenohumeral","frontal plane elevation",3,7,"Henninger et al._5.0","in vivo",67,0.810923323205603,2.2789320007389,0.0542100244457954,0.983032344982678,1.41262173083975,0.707871964064838,FALSE
"glenohumeral","frontal plane elevation",3,7,"Moissenet et al._4.0","ex vivo",100,0.797820153329679,1.59512313086876,-8.54694827955127,0.979077161588957,1.38979611714739,0.674490759476595,FALSE
"glenohumeral","frontal plane elevation",3,7,"Henninger et al._7.0","in vivo",80,0.670133770890559,1.95815216457235,-9.51735644635512,0.994562294109224,1.16736749362131,0.317107768011966,FALSE
"glenohumeral","frontal plane elevation",3,7,"Henninger et al._10.0","in vivo",69,0.664956400139541,1.69697719875533,-1.63607288072367,0.989637097291284,1.15834855653785,0.301214848933735,FALSE
"glenohumeral","frontal plane elevation",3,7,"Henninger et al._14.0","in vivo",78,0.651245399670256,1.62511007468111,-26.1375374948417,0.992357852753399,1.13446410697251,0.258521010404559,FALSE
"glenohumeral","frontal plane elevation",3,7,"Henninger et al._20.0","in vivo",72,0.630104389794317,1.85967603337838,-13.064801234605,0.994619579168522,1.09763664239226,0.190897102078288,FALSE
"glenohumeral","frontal plane elevation",3,7,"Begon et al._2.0","in vivo",93,0.623227846936913,4.49690518881395,-0.35161707691386,0.992143082357377,1.08565776153455,0.168411157830222,FALSE
"glenohumeral","frontal plane elevation",3,7,"Henninger et al._15.0","in vivo",61,0.617362536895633,1.84559320991678,-4.96164985951846,0.995519692709912,1.0754404398898,0.149034957002163,FALSE
"glenohumeral","frontal plane elevation",3,7,"Henninger et al._3.0","in vivo",54,0.599765172096445,1.40355824067854,-1.50046527105564,0.993968786057243,1.04478597576293,0.0897772858808176,FALSE
"glenohumeral","frontal plane elevation",3,7,"Henninger et al._2.0","in vivo",53,0.581840659986696,1.41395467452141,-27.575679372389,0.99607856316035,1.01356162372328,0.0276029920132936,FALSE
"glenohumeral","frontal plane elevation",3,7,"Ludewig et al._","in vivo",19,0.574055534827104,1.20825427081541,0.0124087905392765,0.999327894957523,1,0,FALSE
"glenohumeral","frontal plane elevation",3,7,"Henninger et al._12.0","in vivo",51,0.557195385710457,2.25552049257106,-3.22514039612078,0.980397727880758,0.970629759502755,-0.0610854043640124,FALSE
"glenohumeral","frontal plane elevation",3,7,"Henninger et al._8.0","in vivo",64,0.524433052440832,1.41482095560492,-20.665208383205,0.983739097635272,0.913558045562234,-0.185259905844374,FALSE
"glenohumeral","frontal plane elevation",3,7,"Moissenet et al._2.0","ex vivo",100,0.518479512191991,1.33213555185727,-17.3265571164736,0.948980013831069,0.903187027624686,-0.20865554636797,FALSE
"glenohumeral","frontal plane elevation",3,7,"Henninger et al._16.0","in vivo",59,0.509166333361387,1.38223080803965,-27.3468976662325,0.993470926566721,0.886963547028145,-0.245797880229785,FALSE
"glenohumeral","frontal plane elevation",3,7,"Henninger et al._19.0","in vivo",38,0.486562243099888,1.11682046128224,-10.7864902494607,0.994810476090612,0.847587408501222,-0.338849408210666,FALSE
"glenohumeral","frontal plane elevation",3,7,"Henninger et al._4.0","in vivo",42,0.481179580970949,1.03218667918005,-6.29509022507417,0.99439802518234,0.838210855533119,-0.361644687388806,FALSE
"glenohumeral","frontal plane elevation",3,7,"Henninger et al._1.0","in vivo",52,0.434759297387478,0.887830792028353,-60.2236673810389,0.994145219456307,0.757347104959837,-0.569526439686413,FALSE
"glenohumeral","frontal plane elevation",3,7,"Begon et al._1.0","in vivo",94,0.395136445474148,0.981843660994077,-1.07629191972131,0.997967762797263,0.68832442420951,-0.765345672097958,FALSE
"glenohumeral","frontal plane elevation",3,7,"Moissenet et al._9.0","ex vivo",100,0.373810388118634,1.07248479687082,-12.8109869549984,0.99957494780197,0.651174608448326,-0.879037297454419,FALSE
"glenohumeral","frontal plane elevation",3,7,"Moissenet et al._10.0","ex vivo",100,0.290607354377072,0.700627490041029,-69.5412359428487,0.998621045591914,0.50623561092325,-1.39496223237184,FALSE
"glenohumeral","frontal plane elevation",3,7,"Moissenet et al._5.0","ex vivo",100,0.283458469074809,0.892404629339238,-50.0106676009396,0.997656074128379,0.493782311776129,-1.44600120411813,FALSE
"glenohumeral","frontal plane elevation",3,7,"Moissenet et al._1.0","ex vivo",100,0.236412465318774,0.482732926503967,-43.888163276332,0.998863320612427,0.411828561830655,-1.81789574351957,FALSE
"glenohumeral","frontal plane elevation",3,7,"Moissenet et al._6.0","ex vivo",100,0.228864858161642,0.478638053411952,-476.533231235073,0.99071801258308,0.398680692505774,-1.88438298694067,FALSE
"glenohumeral","frontal plane elevation",3,7,"Moissenet et al._8.0","ex vivo",100,0.214354756143133,0.479083739908717,-1326.08866893021,0.968380353005676,0.373404214642217,-2.0186006118859,FALSE
"glenohumeral","frontal plane elevation",3,7,"Moissenet et al._7.0","ex vivo",100,0.15462787843492,0.356366854839173,-1048.23388086475,0.992914645326311,0.26936048701541,-2.68787399501742,FALSE
"glenohumeral","frontal plane elevation",3,7,"Moissenet et al._3.0","ex vivo",100,0.0725714534811226,0.252371368101198,-87.6760207078238,0.996608429542836,0.12641887252769,-4.23794983429694,FALSE
"sternoclavicular","scapular plane elevation",3,4,"Fung et al._","ex vivo",69,0.25506464688689,0.756958213981736,0.0259113870924477,0.998678208507881,5.7954489607105,2.04471407402044,FALSE
"sternoclavicular","scapular plane elevation",3,4,"Matsuki et al._9.0","in vivo",8,0.135047260664738,0.250985016631358,-3.73455294911362,0.999679529842531,3.06847505531933,1.311472562148,FALSE
"sternoclavicular","scapular plane elevation",3,4,"Ludewig et al._","in vivo",19,0.12292954463411,0.218861488320719,0.903320337607026,0.999674489181325,2.79314248519239,1.20306655681563,FALSE
"sternoclavicular","scapular plane elevation",3,4,"Matsuki et al._3.0","in vivo",8,0.103531520885905,0.19269521680387,0.905386166414322,0.99980869991226,2.35239047214989,1.00504019260562,FALSE
"sternoclavicular","scapular plane elevation",3,4,"Matsuki et al._11.0","in vivo",8,0.100533243564134,0.196969701646225,-21.9258360246701,0.998701028165352,2.28426514235424,0.971153549334222,FALSE
"sternoclavicular","scapular plane elevation",3,4,"Matsuki et al._20.0","in vivo",8,0.0978468046734508,0.194191334988552,-7.61096114989765,0.999579112530662,2.22322524651981,0.939921603509429,FALSE
"sternoclavicular","scapular plane elevation",3,4,"Matsuki et al._21.0","in vivo",8,0.0743281290864384,0.121800519899287,-1.67100239798992,0.999904606814871,1.6888458817132,0.622921283592356,FALSE
"sternoclavicular","scapular plane elevation",3,4,"Matsuki et al._22.0","in vivo",8,0.0707257746480907,0.13971066046506,0.79246277264823,0.999828214038397,1.60699501942929,0.565636424742786,FALSE
"sternoclavicular","scapular plane elevation",3,4,"Matsuki et al._7.0","in vivo",8,0.0696012713597379,0.132418541976648,-0.834430786118542,0.999825000166991,1.58144462860351,0.547155565391967,FALSE
"sternoclavicular","scapular plane elevation",3,4,"Matsuki et al._5.0","in vivo",8,0.0587533138767313,0.0850496324167835,-0.993262910749461,0.999942884873693,1.33496286530135,0.351781300260859,FALSE
"sternoclavicular","scapular plane elevation",3,4,"Matsuki et al._8.0","in vivo",8,0.0580319868505339,0.0836521737378462,-1.87867556209126,0.999900739817153,1.31857324010111,0.337536936280527,FALSE
"sternoclavicular","scapular plane elevation",3,4,"Matsuki et al._1.0","in vivo",8,0.0553377720143053,0.10491180289532,-1.24741809198078,0.999924466792776,1.25735666319355,0.282720563120756,FALSE
"sternoclavicular","scapular plane elevation",3,4,"Matsuki et al._19.0","in vivo",8,0.0518631145187494,0.0893726485999213,0.153516255440397,0.999930585099091,1.17840726578696,0.207945067684133,FALSE
"sternoclavicular","scapular plane elevation",3,4,"Matsuki et al._6.0","in vivo",8,0.0361592798172434,0.0687104771672447,-1.65727374844714,0.999976000345429,0.82159273421304,-0.207945067684133,FALSE
"sternoclavicular","scapular plane elevation",3,4,"Matsuki et al._17.0","in vivo",8,0.0317280940342049,0.0556610915080302,-2.31309455924584,0.999982227687535,0.720909588373491,-0.358689882582706,FALSE
"sternoclavicular","scapular plane elevation",3,4,"Matsuki et al._24.0","in vivo",8,0.0301201028430947,0.0581001603288982,0.627552717347916,0.999969647846698,0.684373631740178,-0.418661812314025,FALSE
"sternoclavicular","scapular plane elevation",3,4,"Matsuki et al._10.0","in vivo",8,0.0284024476238241,0.0553275637519093,0.616177546465159,0.999985694408662,0.645345944928702,-0.486368414607533,FALSE
"sternoclavicular","scapular plane elevation",3,4,"Matsuki et al._12.0","in vivo",8,0.0259676905094841,0.0595507105283275,-8.14684144385884,0.999965528908148,0.590024634193931,-0.589710990574063,FALSE
"sternoclavicular","scapular plane elevation",3,4,"Matsuki et al._18.0","in vivo",8,0.025622226437919,0.0458503002825204,0.0595593799835497,0.99998936590143,0.582175175560793,-0.605154218057875,FALSE
"sternoclavicular","scapular plane elevation",3,4,"Matsuki et al._14.0","in vivo",8,0.0230716904049947,0.0391246644249819,-5.92290464262963,0.999989548491163,0.524223195222959,-0.726060235360835,FALSE
"sternoclavicular","scapular plane elevation",3,4,"Matsuki et al._2.0","in vivo",8,0.0230518236488856,0.0414128201724928,-11.8101473283692,0.999980003299553,0.523771792912014,-0.727053575804425,FALSE
"sternoclavicular","scapular plane elevation",3,4,"Matsuki et al._15.0","in vivo",8,0.0197453660140965,0.0345390101174097,0.623027633660322,0.999991075359178,0.448644147050259,-0.905582078285922,FALSE
"sternoclavicular","scapular plane elevation",3,4,"Matsuki et al._13.0","in vivo",8,0.0188311929212394,0.0374994618812465,0.484128178297133,0.999995106144269,0.427872771771199,-0.960243356622062,FALSE
"sternoclavicular","scapular plane elevation",3,4,"Matsuki et al._16.0","in vivo",8,0.0154719000442728,0.0291817590252172,0.18718331249909,0.999995488884791,0.351544630454257,-1.18681327057297,FALSE
"sternoclavicular","scapular plane elevation",3,4,"Matsuki et al._23.0","in vivo",8,0.0121127781265699,0.0251630944440491,0.929109625829525,0.999996894490481,0.27522037358661,-1.4690490194677,FALSE
"sternoclavicular","scapular plane elevation",3,4,"Matsuki et al._4.0","in vivo",8,0.00628992666009921,0.0120329883120256,-2.26250622634719,0.999998920287278,0.142916509089488,-2.22468274136946,FALSE
"scapulothoracic","scapular plane elevation",3,7,"Henninger et al._3.0","in vivo",100,0.56808726629348,1.56619358750208,0.677847413171256,0.996693947711855,5.99771261132129,1.52243688974778,FALSE
"scapulothoracic","scapular plane elevation",3,7,"Henninger et al._6.0","in vivo",78,0.524591181181899,1.67877183148829,0.605978775811261,0.998187111453301,5.53849263985644,1.45473989949984,FALSE
"scapulothoracic","scapular plane elevation",3,7,"Henninger et al._19.0","in vivo",100,0.461055144335847,1.29976186766081,-0.736084100967285,0.996166785802089,4.86769624628251,1.34502044151387,FALSE
"scapulothoracic","scapular plane elevation",3,7,"Henninger et al._14.0","in vivo",100,0.387337407245713,1.03842641897747,0.932973332001041,0.997063684581218,4.08940419916743,1.19695498784291,FALSE
"scapulothoracic","scapular plane elevation",3,7,"Henninger et al._18.0","in vivo",100,0.360771013720718,1.15309041717351,-0.00237981053445702,0.998083981421522,3.80892335945104,1.13656947857917,FALSE
"scapulothoracic","scapular plane elevation",3,7,"Kim et al._","in vivo",13,0.329874521575172,0.636955080292488,-6.42691854664806,0.993042308149974,3.4827265027674,1.06047976484173,FALSE
"scapulothoracic","scapular plane elevation",3,7,"Henninger et al._10.0","in vivo",100,0.26753992528854,0.6851283738741,0.697332332938994,0.999569909258803,2.82461459557881,0.882480182415984,FALSE
"scapulothoracic","scapular plane elevation",3,7,"Henninger et al._12.0","in vivo",100,0.245915179402033,0.609658226143456,0.931271289794064,0.998354293027889,2.59630634292891,0.810851406111688,FALSE
"scapulothoracic","scapular plane elevation",3,7,"Henninger et al._20.0","in vivo",100,0.229754449560225,0.535666413465695,0.700993533602843,0.999353882947966,2.42568570252489,0.753081089465867,FALSE
"scapulothoracic","scapular plane elevation",3,7,"Henninger et al._16.0","in vivo",100,0.226983126400245,0.788569373993454,-3.17894208017778,0.999422686558398,2.39642681774982,0.742767549013368,FALSE
"scapulothoracic","scapular plane elevation",3,7,"Henninger et al._9.0","in vivo",100,0.20757893248733,0.682898694947344,-0.0684030606885508,0.999402252094874,2.19156255577939,0.666819835424605,FALSE
"scapulothoracic","scapular plane elevation",3,7,"Henninger et al._7.0","in vivo",100,0.197623200679871,0.565423664948383,0.734653580587068,0.999273795992693,2.08645261623416,0.625049217730972,FALSE
"scapulothoracic","scapular plane elevation",3,7,"Henninger et al._11.0","in vivo",100,0.194889749332427,0.571126883988331,-16.3387301711276,0.998567512149174,2.05759357187295,0.613212088274134,FALSE
"scapulothoracic","scapular plane elevation",3,7,"Henninger et al._5.0","in vivo",100,0.183521890845291,0.488763148668834,0.746618363405618,0.999417596183301,1.93757477853356,0.562134911376977,FALSE
"scapulothoracic","scapular plane elevation",3,7,"Henninger et al._17.0","in vivo",100,0.179678670477928,0.58160616018537,0.729374596937858,0.999577408702006,1.89699909125261,0.544148397206281,FALSE
"scapulothoracic","scapular plane elevation",3,7,"Henninger et al._15.0","in vivo",100,0.167030722625884,0.538444436101241,-0.362570275901062,0.99955635919366,1.76346545858648,0.482114475294031,FALSE
"scapulothoracic","scapular plane elevation",3,7,"Henninger et al._1.0","in vivo",100,0.163617881967846,0.509466025593888,-2.68796601630195,0.998212202868909,1.72743360455691,0.464569742463035,FALSE
"scapulothoracic","scapular plane elevation",3,7,"Henninger et al._13.0","in vivo",100,0.15760012017633,0.405518475662934,0.91046827414944,0.999496367228371,1.66389969360623,0.432722784856327,FALSE
"scapulothoracic","scapular plane elevation",3,7,"Henninger et al._2.0","in vivo",100,0.15035764828811,0.366164401672552,0.614217279539276,0.999549031037231,1.58743562275224,0.392741406849133,FALSE
"scapulothoracic","scapular plane elevation",3,7,"Henninger et al._4.0","in vivo",100,0.121602751812577,0.32929878650666,0.899260360652236,0.999720393119545,1.28384915732451,0.212350596415703,FALSE
"scapulothoracic","scapular plane elevation",3,7,"Matsuki et al._13.0","in vivo",8,0.121207273926664,0.264924792329951,-4.12166113675213,0.999085288777557,1.27967380814036,0.209582138086243,FALSE
"scapulothoracic","scapular plane elevation",3,7,"Ludewig et al._","in vivo",19,0.112678866199376,0.283999645615843,-1708.13486127314,0.93624506703352,1.18963317245743,0.147575515121214,FALSE
"scapulothoracic","scapular plane elevation",3,7,"Matsumura et al._","ex vivo",11,0.10925270213331,0.207600677500731,0.447142598295726,0.999653546247359,1.15346065346828,0.121332991489957,FALSE
"scapulothoracic","scapular plane elevation",3,7,"Henninger et al._8.0","in vivo",100,0.100956306003121,0.296717997826225,-0.752088774504654,0.999553919108993,1.06586953384468,0.0542139379389859,FALSE
"scapulothoracic","scapular plane elevation",3,7,"Matsuki et al._15.0","in vivo",8,0.0965641155625925,0.185218359716297,-3.10957960545741,0.999785124124177,1.01949796813725,0.0164112419678789,FALSE
"scapulothoracic","scapular plane elevation",3,7,"Karduna et al._","in vivo",25,0.094717320269924,0.293578804559997,-7.45840480483091,0.9991707531482,1,0,FALSE
"scapulothoracic","scapular plane elevation",3,7,"Matsuki et al._14.0","in vivo",8,0.0899716699029288,0.17407836100806,-0.822070723308586,0.999406396302478,0.949896699426556,-0.0436850018589027,FALSE
"scapulothoracic","scapular plane elevation",3,7,"Matsuki et al._12.0","in vivo",8,0.0815005234278535,0.162414444898726,-12.255259865613,0.999645186232345,0.860460612648189,-0.127724643870112,FALSE
"scapulothoracic","scapular plane elevation",3,7,"Kijima et al._","in vivo",8,0.0667593650388278,0.105997732160505,0.957346342004195,0.999658585257362,0.704827425951009,-0.297286147540698,FALSE
"scapulothoracic","scapular plane elevation",3,7,"Chu et al._","in vivo",12,0.058897490809188,0.138266925762636,-6.4544454879761,0.999694486928716,0.621823871720007,-0.403771426087145,FALSE
"scapulothoracic","scapular plane elevation",3,7,"Matsuki et al._4.0","in vivo",8,0.0568083592293888,0.124196153500121,-2.03279745311196,0.999948197119355,0.599767382222144,-0.434464451228565,FALSE
"scapulothoracic","scapular plane elevation",3,7,"Matsuki et al._24.0","in vivo",8,0.0563592058432728,0.105923336154873,-4.34697617426781,0.999852863945602,0.595025341539025,-0.441210616939444,FALSE
"scapulothoracic","scapular plane elevation",3,7,"Matsuki et al._1.0","in vivo",8,0.0530105159126773,0.109901134261123,-1.75327465076182,0.999081624821607,0.55967077364107,-0.493269592101588,FALSE
"scapulothoracic","scapular plane elevation",3,7,"Matsuki et al._6.0","in vivo",8,0.051313009335472,0.0998011318814314,-1.73440119356244,0.999938321413191,0.541748955621221,-0.520929425660941,FALSE
"scapulothoracic","scapular plane elevation",3,7,"Matsuki et al._3.0","in vivo",8,0.0471650782588326,0.0967168103112055,-10.7312324888047,0.999705002695068,0.497956214601747,-0.59256536690305,FALSE
"scapulothoracic","scapular plane elevation",3,7,"Matsuki et al._11.0","in vivo",8,0.0428307407919621,0.0869590459976295,0.456987024516339,0.999668193033184,0.452195445034802,-0.674490759476595,FALSE
"scapulothoracic","scapular plane elevation",3,7,"Matsuki et al._21.0","in vivo",8,0.0406163358390478,0.0732857234223485,0.772163750463937,0.9999029867486,0.428816352946853,-0.719606688927773,FALSE
"scapulothoracic","scapular plane elevation",3,7,"Matsuki et al._5.0","in vivo",8,0.039499771145068,0.0783820282554668,-0.083959949045624,0.999700373162287,0.417027963127569,-0.743297187040275,FALSE
"scapulothoracic","scapular plane elevation",3,7,"Matsuki et al._18.0","in vivo",8,0.0372134034507314,0.0750453829073758,0.593791395997251,0.999959928684532,0.392889107764887,-0.793971372854612,FALSE
"scapulothoracic","scapular plane elevation",3,7,"Matsuki et al._16.0","in vivo",8,0.0360575153504222,0.0856099799228645,-0.139524922293097,0.999985351365571,0.380685551994778,-0.820787879636547,FALSE
"scapulothoracic","scapular plane elevation",3,7,"Fung et al._","ex vivo",69,0.0348415745613298,0.111251809166151,-2.42297965356139,0.9998122965892,0.367847976083348,-0.849941760204201,FALSE
"scapulothoracic","scapular plane elevation",3,7,"Matsuki et al._9.0","in vivo",8,0.0238579624234856,0.0508762192257706,-11.4175142378752,0.999886415734075,0.251885952384375,-1.17178150653931,FALSE
"scapulothoracic","scapular plane elevation",3,7,"Matsuki et al._7.0","in vivo",8,0.0230922447323087,0.0467630365038487,0.272264786632616,0.999985054871548,0.24380171088562,-1.19950523883061,FALSE
"scapulothoracic","scapular plane elevation",3,7,"Matsuki et al._10.0","in vivo",8,0.0207065603818734,0.0364567776636751,-1.85606368963682,0.999976717576298,0.218614296971918,-1.29218028085218,FALSE
"scapulothoracic","scapular plane elevation",3,7,"Matsuki et al._17.0","in vivo",8,0.018890794968246,0.0338398669535276,-2.19971195824798,0.999957700745606,0.199443933954331,-1.3701777045789,FALSE
"scapulothoracic","scapular plane elevation",3,7,"Matsuki et al._23.0","in vivo",8,0.0186636706256011,0.0381972849141592,-1.94473252827443,0.999953460559952,0.197046016213441,-1.38045761689203,FALSE
"scapulothoracic","scapular plane elevation",3,7,"Matsuki et al._22.0","in vivo",8,0.0184982924578435,0.0435227501942252,-1.94190077868716,0.999975043863707,0.195299997984818,-1.38802184145428,FALSE
"scapulothoracic","scapular plane elevation",3,7,"Matsuki et al._19.0","in vivo",8,0.0182772279282664,0.0457413507154545,-2.84434389239838,0.999912515945296,0.192966058120946,-1.39823940827551,FALSE
"scapulothoracic","scapular plane elevation",3,7,"Matsuki et al._8.0","in vivo",8,0.0155526860305559,0.0269981389679277,-2.53366870757063,0.999985736528872,0.164201077334474,-1.53542744080241,FALSE
"scapulothoracic","scapular plane elevation",3,7,"Matsuki et al._20.0","in vivo",8,0.0144389078013666,0.0281457781846677,0.0797294092315766,0.999995669165119,0.152442106261229,-1.59857854700968,FALSE
"scapulothoracic","scapular plane elevation",3,7,"Matsuki et al._2.0","in vivo",8,0.00209090545950005,0.00569430834177265,-0.429040811284123,0.999999732067025,0.0220752176427862,-3.24080543539828,FALSE
"glenohumeral","scapular plane elevation",3,9,"Henninger et al._19.0","in vivo",100,2.27025178583054,6.52488496533716,-15.3631500369913,0.842950578241615,2.66523146316496,3.00434474574036,TRUE
"glenohumeral","scapular plane elevation",3,9,"Henninger et al._4.0","in vivo",100,1.79684827843557,5.71037347955114,0.763711850282324,0.99581101368683,2.10946494838602,2.28763325346846,FALSE
"glenohumeral","scapular plane elevation",3,9,"Henninger et al._5.0","in vivo",100,1.26717874481034,7.39964210310496,-5.03324898103094,0.981067587868415,1.48764321261699,1.21729691507488,FALSE
"glenohumeral","scapular plane elevation",3,9,"Henninger et al._16.0","in vivo",100,1.12279706272593,2.9908347571636,0.437143072605592,0.991709949936876,1.31814192461106,0.846554272477032,FALSE
"glenohumeral","scapular plane elevation",3,9,"Henninger et al._13.0","in vivo",100,1.06149698212611,4.1601292084845,-3.41706532227137,0.941248270533355,1.24617682165248,0.674490759476595,FALSE
"glenohumeral","scapular plane elevation",3,9,"Henninger et al._17.0","in vivo",100,0.969642141860044,4.08185625509294,0.744414115205131,0.996207859992441,1.13834102482629,0.3971054285222,FALSE
"glenohumeral","scapular plane elevation",3,9,"Henninger et al._11.0","in vivo",100,0.947973138399233,3.64677419484664,0.635024838201382,0.995702645973858,1.11290203600591,0.327839329272105,FALSE
"glenohumeral","scapular plane elevation",3,9,"Henninger et al._15.0","in vivo",100,0.886440877220685,2.46282785716666,0.892542186392318,0.99661605647244,1.04066435756147,0.122158760638435,FALSE
"glenohumeral","scapular plane elevation",3,9,"Henninger et al._7.0","in vivo",100,0.854739464458199,2.08950132768652,0.670111941845415,0.997636255793031,1.00344751524966,0.0105475949243764,FALSE
"glenohumeral","scapular plane elevation",3,9,"Henninger et al._10.0","in vivo",100,0.854172885617639,2.87971739411618,0.592373591315518,0.999029836845529,1.00278236270506,0.00851539998062491,FALSE
"glenohumeral","scapular plane elevation",3,9,"Henninger et al._9.0","in vivo",100,0.851802861104835,2.23562047149893,-5.65157267967072,0.996893459989052,1,0,FALSE
"glenohumeral","scapular plane elevation",3,9,"Henninger et al._12.0","in vivo",100,0.768926191936195,2.37045024115369,0.794853353669242,0.995502279840388,0.90270440150771,-0.313708021633741,FALSE
"glenohumeral","scapular plane elevation",3,9,"Henninger et al._3.0","in vivo",100,0.762207775040877,3.1360842091753,0.366276757450497,0.996544530911818,0.894817110677759,-0.340603627581422,FALSE
"glenohumeral","scapular plane elevation",3,9,"Henninger et al._14.0","in vivo",100,0.722361020380881,2.52797144593492,-0.046761185959556,0.997609059294837,0.848037795322664,-0.505162665492434,FALSE
"glenohumeral","scapular plane elevation",3,9,"Henninger et al._2.0","in vivo",100,0.71518611130778,2.11678208270496,-0.829740778151405,0.998594269047772,0.839614591550144,-0.535755710319967,FALSE
"glenohumeral","scapular plane elevation",3,9,"Henninger et al._20.0","in vivo",100,0.67943299714299,1.49876890252281,0.538995842614175,0.994757960895106,0.79764113055658,-0.692928811589492,FALSE
"glenohumeral","scapular plane elevation",3,9,"Henninger et al._6.0","in vivo",78,0.614520474530694,2.04519743418101,0.880561222396451,0.998540057290572,0.72143509090076,-1.00067971183421,FALSE
"glenohumeral","scapular plane elevation",3,9,"Henninger et al._1.0","in vivo",100,0.594953630647849,1.37479514321809,-0.213142788819314,0.998129845738581,0.698463996559206,-1.09985121274875,FALSE
"glenohumeral","scapular plane elevation",3,9,"Henninger et al._18.0","in vivo",100,0.577577657293526,1.71680864211704,0.698387666754377,0.997598015010787,0.678064941627897,-1.19069208253427,FALSE
"glenohumeral","scapular plane elevation",3,9,"Ludewig et al._","in vivo",19,0.559946083216097,1.69076823057209,-1.88490208263387,0.986566661265215,0.657365816416508,-1.28570664824396,FALSE
"glenohumeral","scapular plane elevation",3,9,"Henninger et al._8.0","in vivo",100,0.45298258919751,1.375401366185,0.538621134145986,0.996720742773342,0.531792753795129,-1.93539282896735,FALSE
"sternoclavicular","sagittal plane elevation",3,6,"Begon et al._1.0","in vivo",100,0.456016947609515,0.992669270914927,-5.05885993536416,0.996535830556865,4.64120510319021,3.06846465981127,TRUE
"sternoclavicular","sagittal plane elevation",3,6,"Begon et al._2.0","in vivo",100,0.207772939020292,0.512619857310976,0.488427665656988,0.99877054772918,2.11465128640689,1.4996620510982,FALSE
"sternoclavicular","sagittal plane elevation",3,6,"Moissenet et al._9.0","ex vivo",70,0.19510780236029,0.413667525525732,0.344154229912916,0.999282055688507,1.98574928570902,1.37414412136536,FALSE
"sternoclavicular","sagittal plane elevation",3,6,"Moissenet et al._3.0","ex vivo",73,0.158326902576683,0.48019473242608,-0.822665351019177,0.996502054407531,1.61140420781122,0.957257815783048,FALSE
"sternoclavicular","sagittal plane elevation",3,6,"Gutierrez Delgado et al._1.0","ex vivo",60,0.132497962395431,0.4020492571644,-3742.79916164253,0.94257399047192,1.34852492315386,0.60183107130673,FALSE
"sternoclavicular","sagittal plane elevation",3,6,"Moissenet et al._2.0","ex vivo",92,0.112417004480676,0.455621980165217,0.968748441769428,0.999337106311414,1.14414689545231,0.273830640106826,FALSE
"sternoclavicular","sagittal plane elevation",3,6,"Moissenet et al._6.0","ex vivo",82,0.111369259639571,0.229531971278851,-4.40047556775252,0.999714173913048,1.13348325953074,0.255142996293531,FALSE
"sternoclavicular","sagittal plane elevation",3,6,"Moissenet et al._7.0","ex vivo",80,0.105261473659823,0.299113400542424,0.60184138701193,0.998618213330524,1.07132002720571,0.142576764588968,FALSE
"sternoclavicular","sagittal plane elevation",3,6,"Ludewig et al._","in vivo",19,0.0912465183253039,0.211848991685272,-0.0404400530243123,0.999850827160003,0.928679972794288,-0.142576764588968,FALSE
"sternoclavicular","sagittal plane elevation",3,6,"Moissenet et al._1.0","ex vivo",87,0.0869352669698777,0.223594012460378,0.856163760111804,0.999852781893975,0.884801336491777,-0.239171638455663,FALSE
"sternoclavicular","sagittal plane elevation",3,6,"Fung et al._","ex vivo",51,0.0864249221944503,0.247818642166569,0.337912919990325,0.999113332145265,0.879607198886767,-0.25092182672315,FALSE
"sternoclavicular","sagittal plane elevation",3,6,"Moissenet et al._5.0","ex vivo",100,0.0848722247484845,0.201962967734929,0.759055090913133,0.999840187849378,0.863804305271292,-0.287102602395446,FALSE
"sternoclavicular","sagittal plane elevation",3,6,"Moissenet et al._10.0","ex vivo",86,0.0673989527265335,0.162608394356946,0.916545234324684,0.999814063707845,0.685966530375363,-0.74715044764646,FALSE
"sternoclavicular","sagittal plane elevation",3,6,"Moissenet et al._8.0","ex vivo",68,0.0582742782203786,0.144154656442771,-1.27017080739553,0.999919885230008,0.593098302330516,-1.03746497839977,FALSE
"sternoclavicular","sagittal plane elevation",3,6,"Moissenet et al._4.0","ex vivo",67,0.0443718201916395,0.100617479095529,-10.5805535651493,0.999673514755738,0.451603212097327,-1.58141044052772,FALSE
"sternoclavicular","sagittal plane elevation",3,6,"Oki et al._","ex vivo",21,0.0351286215481092,0.0847990716706768,-17.5775999277997,0.999926358195763,0.357528680571608,-2.04758704343964,FALSE
"acromioclavicular","sagittal plane elevation",3,5,"Moissenet et al._2.0","ex vivo",92,0.421198631751858,1.01398860585485,-2.05990201888298,0.994007783314629,2.53498649314335,1.29544389728727,FALSE
"acromioclavicular","sagittal plane elevation",3,5,"Begon et al._1.0","in vivo",100,0.329449413299209,0.806564544262656,0.756631881671138,0.991489359039398,1.98279327122675,0.953290727103147,FALSE
"acromioclavicular","sagittal plane elevation",3,5,"Begon et al._2.0","in vivo",100,0.294733016194522,0.863070431049751,0.824286871384006,0.995367835583172,1.77385242689173,0.798213058290819,FALSE
"acromioclavicular","sagittal plane elevation",3,5,"Moissenet et al._7.0","ex vivo",80,0.280415571622524,0.714045737389707,0.0631432236006835,0.994490055266177,1.6876828008049,0.728862028592979,FALSE
"acromioclavicular","sagittal plane elevation",3,5,"Moissenet et al._3.0","ex vivo",73,0.275687721388857,0.64061536228316,0.283455031392433,0.998414395476621,1.65922820579802,0.705181224980213,FALSE
"acromioclavicular","sagittal plane elevation",3,5,"Ludewig et al._","in vivo",19,0.18894578306027,0.580493113375384,-7.18090963155752,0.997191993820954,1.13717132936072,0.179019016666355,FALSE
"acromioclavicular","sagittal plane elevation",3,5,"Moissenet et al._10.0","ex vivo",86,0.16615419170521,0.610854962405647,0.567111446232345,0.998723132220169,1,0,FALSE
"acromioclavicular","sagittal plane elevation",3,5,"Moissenet et al._6.0","ex vivo",82,0.146570623227114,0.358960544370536,-5.02071971082129,0.995117424041264,0.88213617557816,-0.174652934192494,FALSE
"acromioclavicular","sagittal plane elevation",3,5,"Moissenet et al._1.0","ex vivo",87,0.140767551466368,0.460963191142746,0.921573559538839,0.999346841545717,0.847210353357301,-0.23091315048853,FALSE
"acromioclavicular","sagittal plane elevation",3,5,"Moissenet et al._8.0","ex vivo",68,0.131011857617157,0.390795650278147,-2.31890336657762,0.996622265181306,0.788495651374224,-0.330937554978549,FALSE
"acromioclavicular","sagittal plane elevation",3,5,"Moissenet et al._5.0","ex vivo",100,0.1155581523724,0.268551043101026,0.392528890840663,0.999363703710215,0.695487433608791,-0.505736869002977,FALSE
"acromioclavicular","sagittal plane elevation",3,5,"Moissenet et al._4.0","ex vivo",67,0.102370729900933,0.367869464756506,0.915321629203258,0.999329247035909,0.616118852316156,-0.674490759476595,FALSE
"acromioclavicular","sagittal plane elevation",3,5,"Moissenet et al._9.0","ex vivo",70,0.0686791777537467,0.145044013134651,-2.30880035227027,0.999794824648722,0.413346043508772,-1.23038100470047,FALSE
"scapulothoracic","sagittal plane elevation",3,8,"Henninger et al._16.0","in vivo",100,0.410309893019336,1.25489725019899,-0.924258633698182,0.998146560993368,3.14600115839318,1.80334354846441,FALSE
"scapulothoracic","sagittal plane elevation",3,8,"Henninger et al._18.0","in vivo",100,0.294127108907945,0.810918407517187,0.887208922273812,0.998894571782592,2.25518380395382,1.27963459641911,FALSE
"scapulothoracic","sagittal plane elevation",3,8,"Henninger et al._9.0","in vivo",97,0.294119755668265,0.813333759624911,0.827136788869565,0.999314944978186,2.25512742388367,1.27959526637856,FALSE
"scapulothoracic","sagittal plane elevation",3,8,"Moissenet et al._2.0","ex vivo",100,0.286023173859392,0.747196200376518,-14.6714424677651,0.981185419260479,2.19304786844741,1.23568154957453,FALSE
"scapulothoracic","sagittal plane elevation",3,8,"Begon et al._2.0","in vivo",100,0.283216067092982,0.955012155846235,-27.3913670183565,0.971290191910196,2.17152471902034,1.22016579455934,FALSE
"scapulothoracic","sagittal plane elevation",3,8,"Henninger et al._3.0","in vivo",85,0.241246567616394,0.706969403858389,0.126297524253131,0.999608832679498,1.84972869066012,0.967844351449772,FALSE
"scapulothoracic","sagittal plane elevation",3,8,"Henninger et al._5.0","in vivo",79,0.238292752013584,0.603211121560117,0.983179572586648,0.998790663588099,1.82708066908858,0.948463629838278,FALSE
"scapulothoracic","sagittal plane elevation",3,8,"Henninger et al._2.0","in vivo",69,0.230818987302174,0.623699331445163,0.969779791125195,0.99903337995851,1.76977648793264,0.89833276908259,FALSE
"scapulothoracic","sagittal plane elevation",3,8,"Henninger et al._19.0","in vivo",50,0.205690855253146,0.879195046729244,0.518207083128004,0.999016610388765,1.57710959425193,0.717010194625986,FALSE
"scapulothoracic","sagittal plane elevation",3,8,"Henninger et al._10.0","in vivo",100,0.19817450490899,0.829422134509983,0.631028947963285,0.999722546703002,1.51947889294079,0.658446852586686,FALSE
"scapulothoracic","sagittal plane elevation",3,8,"Yoshida et al._","in vivo",13,0.189815576691828,0.395398665956237,-1.09169909168074,0.999118490121611,1.45538782835397,0.59065110227105,FALSE
"scapulothoracic","sagittal plane elevation",3,8,"Henninger et al._20.0","in vivo",92,0.187245984336454,0.467729187054301,-0.463143439254009,0.999596496021467,1.43568579176128,0.569209166699859,FALSE
"scapulothoracic","sagittal plane elevation",3,8,"Henninger et al._8.0","in vivo",95,0.183650180965212,0.499482995053315,0.69695731795235,0.998988268377696,1.40811540712338,0.53870476633307,FALSE
"scapulothoracic","sagittal plane elevation",3,8,"Henninger et al._13.0","in vivo",85,0.155651991976565,0.439918102653923,0.75796927295942,0.99969764861784,1.19344270122535,0.278486832230703,FALSE
"scapulothoracic","sagittal plane elevation",3,8,"Moissenet et al._7.0","ex vivo",100,0.143368650540314,0.327806595912794,-9.962316064887,0.994241121846413,1.09926167599337,0.149167007047724,FALSE
"scapulothoracic","sagittal plane elevation",3,8,"Moissenet et al._8.0","ex vivo",100,0.140208705694559,0.33701292539602,-11.0920234395852,0.99466049661793,1.07503318354331,0.114105448072985,FALSE
"scapulothoracic","sagittal plane elevation",3,8,"Henninger et al._6.0","in vivo",63,0.137912873486974,0.428412411747582,-0.331986841596768,0.999765012264699,1.05743016955944,0.0881325377866075,FALSE
"scapulothoracic","sagittal plane elevation",3,8,"Henninger et al._7.0","in vivo",92,0.137355328599487,0.337143134064545,0.758515951974572,0.999831938354892,1.05315526200363,0.0817597467450474,FALSE
"scapulothoracic","sagittal plane elevation",3,8,"Henninger et al._11.0","in vivo",90,0.132901920681848,0.396589944077142,-0.77382799080188,0.999799883545067,1.01900929890099,0.0299084369217114,FALSE
"scapulothoracic","sagittal plane elevation",3,8,"Henninger et al._1.0","in vivo",88,0.127943433379561,0.538624803879166,0.800166513526182,0.999512889131781,0.980990701099014,-0.0299084369217107,FALSE
"scapulothoracic","sagittal plane elevation",3,8,"Moissenet et al._10.0","ex vivo",100,0.118459498172731,0.261395419943178,-5.18920916749676,0.997678622224377,0.908273782364114,-0.151069367356176,FALSE
"scapulothoracic","sagittal plane elevation",3,8,"Henninger et al._17.0","in vivo",80,0.116011916314418,0.319155257179286,0.126983955928243,0.999621039594152,0.889507246405518,-0.183914301132264,FALSE
"scapulothoracic","sagittal plane elevation",3,8,"Ludewig et al._","in vivo",19,0.10884554035533,0.271925523793962,-105.684196464207,0.989180405711156,0.834559931090093,-0.284224408685696,FALSE
"scapulothoracic","sagittal plane elevation",3,8,"Henninger et al._15.0","in vivo",86,0.108577257174087,0.389917780185559,0.824623478528294,0.999841032889446,0.832502902455568,-0.288106751502328,FALSE
"scapulothoracic","sagittal plane elevation",3,8,"Henninger et al._4.0","in vivo",63,0.102740533090583,0.268337278154137,0.675018837145301,0.999862153632304,0.787750531039902,-0.375032586938044,FALSE
"scapulothoracic","sagittal plane elevation",3,8,"Begon et al._1.0","in vivo",100,0.101661722493205,0.2499334691027,-0.121196762655743,0.997993371163878,0.779478882106305,-0.391638732703967,FALSE
"scapulothoracic","sagittal plane elevation",3,8,"Henninger et al._14.0","in vivo",87,0.0942375450313309,0.254992459881927,0.41590727042281,0.999818900799872,0.722554905150007,-0.510935554531597,FALSE
"scapulothoracic","sagittal plane elevation",3,8,"Moissenet et al._3.0","ex vivo",100,0.0860591187279854,0.204981513242686,0.698820113596507,0.999561403987353,0.659847817015173,-0.653754388615122,FALSE
"scapulothoracic","sagittal plane elevation",3,8,"Moissenet et al._1.0","ex vivo",100,0.0840704170214936,0.191494061450753,0.52981038136988,0.999639957105526,0.644599688761958,-0.690534666366504,FALSE
"scapulothoracic","sagittal plane elevation",3,8,"Henninger et al._12.0","in vivo",63,0.0770435310864746,0.236179745304445,-0.191947314987506,0.999790051119961,0.590721896226196,-0.827847350865228,FALSE
"scapulothoracic","sagittal plane elevation",3,8,"Moissenet et al._9.0","ex vivo",100,0.0711547527366319,0.147968249869482,-4.06375580244456,0.99954999144753,0.545570405059853,-0.952935468576191,FALSE
"scapulothoracic","sagittal plane elevation",3,8,"Moissenet et al._6.0","ex vivo",100,0.064869005690847,0.155003397884001,-10.3532112157943,0.999036828320272,0.497375204739704,-1.09843340818959,FALSE
"scapulothoracic","sagittal plane elevation",3,8,"Moissenet et al._4.0","ex vivo",100,0.0594984698757202,0.126790717654151,0.625420586537831,0.999695692039428,0.456197275123503,-1.2343856146556,FALSE
"scapulothoracic","sagittal plane elevation",3,8,"Karduna et al._","in vivo",25,0.0562116026280361,0.198043031358443,-5.19495024552833,0.999776330300441,0.430995620606703,-1.32378471399375,FALSE
"scapulothoracic","sagittal plane elevation",3,8,"Matsumura et al._","ex vivo",11,0.0561574898762282,0.112391241639272,0.576433534488115,0.999898002221987,0.430580717669269,-1.32529987251609,FALSE
"scapulothoracic","sagittal plane elevation",3,8,"Oki et al._","ex vivo",21,0.0516666387916203,0.0960081517884079,0.839732718010856,0.99983855671602,0.396147663641781,-1.45641998199098,FALSE
"scapulothoracic","sagittal plane elevation",3,8,"Fung et al._","ex vivo",69,0.0366164594309588,0.0924733472760932,-0.576604931412856,0.999856782884765,0.280752245426908,-1.99808467963106,FALSE
"scapulothoracic","sagittal plane elevation",3,8,"Moissenet et al._5.0","ex vivo",100,0.0252211690604018,0.0618625868515457,-3.64977855434113,0.99972240425134,0.193380243640177,-2.58458425799025,FALSE
"glenohumeral","sagittal plane elevation",3,10,"Moissenet et al._10.0","ex vivo",100,2.36243128497339,8.3992833959215,-2.47426190835951,0.993923895677387,5.8615321807946,3.41859381482823,TRUE
"glenohumeral","sagittal plane elevation",3,10,"Moissenet et al._9.0","ex vivo",100,2.18052073689559,12.6128725975603,-9.06148115268332,0.96631889814294,5.41018591799907,3.26373268741834,TRUE
"glenohumeral","sagittal plane elevation",3,10,"Moissenet et al._2.0","ex vivo",100,1.41104812824724,7.76993404824058,-4.55097829433825,0.99330875994229,3.50101358078838,2.4225696687838,FALSE
"glenohumeral","sagittal plane elevation",3,10,"Henninger et al._9.0","in vivo",69,1.31700580658319,9.2102548907634,-0.393637317621967,0.983107110526092,3.26768103973347,2.28926881932717,FALSE
"glenohumeral","sagittal plane elevation",3,10,"Moissenet et al._5.0","ex vivo",100,1.050985304794,3.27441691088021,-2.43912627258862,0.998162300226159,2.60764587091965,1.85319250786419,FALSE
"glenohumeral","sagittal plane elevation",3,10,"Henninger et al._20.0","in vivo",84,0.985709133423541,3.59733098046188,-2.89912657048247,0.977906669139122,2.445686290736,1.7292649263084,FALSE
"glenohumeral","sagittal plane elevation",3,10,"Henninger et al._17.0","in vivo",80,0.954819516183478,3.87892899234433,-34.9226523214757,0.871627014079506,2.36904470261586,1.66773030077797,FALSE
"glenohumeral","sagittal plane elevation",3,10,"Henninger et al._18.0","in vivo",100,0.93313185550662,2.08087446635801,-15.7378340777852,0.988287769239387,2.31523449370433,1.62332534737964,FALSE
"glenohumeral","sagittal plane elevation",3,10,"Moissenet et al._1.0","ex vivo",100,0.832175808287139,2.9324433946993,-13.537580548912,0.996767856306125,2.06474800404989,1.40202786340316,FALSE
"glenohumeral","sagittal plane elevation",3,10,"Moissenet et al._7.0","ex vivo",100,0.782766746573643,2.38661983320067,-5.34675668407191,0.997791662706007,1.9421570076054,1.2837303819526,FALSE
"glenohumeral","sagittal plane elevation",3,10,"Moissenet et al._3.0","ex vivo",100,0.601008836070282,2.22505505392299,-0.108809236629914,0.996032358795259,1.49118946061009,0.773067239931054,FALSE
"glenohumeral","sagittal plane elevation",3,10,"Henninger et al._10.0","in vivo",82,0.521096800968435,2.58828740140382,-4.69778226181649,0.998422973773699,1.2929161951138,0.497324121153604,FALSE
"glenohumeral","sagittal plane elevation",3,10,"Henninger et al._6.0","in vivo",59,0.503594187721088,1.58367086104126,-9.53009523299476,0.994675468775863,1.2494896914733,0.431293918638834,FALSE
"glenohumeral","sagittal plane elevation",3,10,"Henninger et al._16.0","in vivo",81,0.479359812804602,1.19381985372994,-2.94732612516215,0.995693092772518,1.18936071783586,0.335975450335815,FALSE
"glenohumeral","sagittal plane elevation",3,10,"Henninger et al._14.0","in vivo",75,0.46455907044898,1.12243064722511,-1.26705840299451,0.994798811584077,1.15263794491589,0.275361187286082,FALSE
"glenohumeral","sagittal plane elevation",3,10,"Henninger et al._5.0","in vivo",67,0.464072086505146,1.30619734481498,-3.33191601943231,0.998906966531919,1.15142966763118,0.273334149520834,FALSE
"glenohumeral","sagittal plane elevation",3,10,"Henninger et al._8.0","in vivo",75,0.414760480445727,1.16659072749328,-1.23596572041828,0.998523000756815,1.02908047269694,0.056219158818336,FALSE
"glenohumeral","sagittal plane elevation",3,10,"Moissenet et al._8.0","ex vivo",100,0.391319299415903,1.38908742734875,-4.99763292487274,0.999492803241555,0.970919527303056,-0.056219158818336,FALSE
"glenohumeral","sagittal plane elevation",3,10,"Henninger et al._7.0","in vivo",67,0.382089449616099,1.00799608726182,-36.1952294424569,0.982588939028691,0.948018940958146,-0.102350553019813,FALSE
"glenohumeral","sagittal plane elevation",3,10,"Henninger et al._4.0","in vivo",54,0.380799705338719,0.87183502011213,-3.89222437971566,0.998694166300602,0.944818899697711,-0.108885363407448,FALSE
"glenohumeral","sagittal plane elevation",3,10,"Henninger et al._13.0","in vivo",67,0.380398613270304,0.825452740029895,-2.19563233587368,0.994437803658369,0.943823732523355,-0.110922108611224,FALSE
"glenohumeral","sagittal plane elevation",3,10,"Begon et al._1.0","in vivo",100,0.36594958953603,1.46619943434366,-8.21624229478964,0.999229127598428,0.907973624146354,-0.185763471498057,FALSE
"glenohumeral","sagittal plane elevation",3,10,"Henninger et al._11.0","in vivo",81,0.355237731136507,0.972083315981521,-51.7406615149932,0.989768064706011,0.881395961073447,-0.243180285344628,FALSE
"glenohumeral","sagittal plane elevation",3,10,"Henninger et al._3.0","in vivo",73,0.345090596434653,1.05296153156337,-13.1373693467553,0.998910476240727,0.856219458808135,-0.299189893521843,FALSE
"glenohumeral","sagittal plane elevation",3,10,"Ludewig et al._","in vivo",19,0.328325663344704,0.680610146468368,-13.4349097841556,0.999037514628198,0.814623245855549,-0.395439371089528,FALSE
"glenohumeral","sagittal plane elevation",3,10,"Yoshida et al._","in vivo",13,0.326409051442838,0.657097239687423,-8.50524001158309,0.999080454129479,0.809867855757078,-0.406754524889115,FALSE
"glenohumeral","sagittal plane elevation",3,10,"Begon et al._2.0","in vivo",100,0.317240570658688,1.05544647848076,-39.5188577430086,0.99680065141409,0.787119534776434,-0.461818510783125,FALSE
"glenohumeral","sagittal plane elevation",3,10,"Moissenet et al._6.0","ex vivo",100,0.285468103724908,1.00994718794086,-4.43094169057679,0.99979388149068,0.708287469446041,-0.665774605745228,FALSE
"glenohumeral","sagittal plane elevation",3,10,"Henninger et al._1.0","in vivo",74,0.282904830429305,0.95593186386013,-9.99777394961192,0.988488177291631,0.701927619317947,-0.683206913207963,FALSE
"glenohumeral","sagittal plane elevation",3,10,"Henninger et al._15.0","in vivo",61,0.261913616786059,0.677395201642454,-12.6890349512825,0.996052404406668,0.649845395777125,-0.832208601960531,FALSE
"glenohumeral","sagittal plane elevation",3,10,"Henninger et al._12.0","in vivo",56,0.256675904838737,0.886060229789116,-1.02525552155796,0.999680911865906,0.636849878265889,-0.871249792191573,FALSE
"glenohumeral","sagittal plane elevation",3,10,"Henninger et al._2.0","in vivo",59,0.231819473305998,0.693309599307923,-15.4738806214125,0.999490436527535,0.57517749259457,-1.06810366718459,FALSE
"glenohumeral","sagittal plane elevation",3,10,"Moissenet et al._4.0","ex vivo",100,0.230932135119479,0.590597616412441,-0.233624213959887,0.999655365885388,0.572975878787382,-1.07551561197291,FALSE
"glenohumeral","sagittal plane elevation",3,10,"Henninger et al._19.0","in vivo",42,0.218087548432451,0.42692983844821,-4.77597238424836,0.998979099319541,0.541106609744974,-1.18611778644,FALSE
"sternoclavicular","horizontal flexion",3,6,"Oki et al._","ex vivo",17,0.212600266475063,0.487007337201884,-314.254186648356,0.981304891346208,2.15278235439556,0.875243963365923,FALSE
"sternoclavicular","horizontal flexion",3,6,"Moissenet et al._1.0","ex vivo",100,0.19247714329181,0.520146676245378,-3.26665221483681,0.987520349054585,1.94901636095398,0.765704948538257,FALSE
"sternoclavicular","horizontal flexion",3,6,"Moissenet et al._5.0","ex vivo",100,0.163101755514438,0.323073926742287,-0.270699750314597,0.998386982745453,1.65156228194853,0.583276570414933,FALSE
"sternoclavicular","horizontal flexion",3,6,"Moissenet et al._2.0","ex vivo",100,0.124496416170598,0.340797630140568,0.212967670674666,0.993728012734654,1.26064605826346,0.285737399343323,FALSE
"sternoclavicular","horizontal flexion",3,6,"Moissenet et al._8.0","ex vivo",100,0.121706220770134,0.414852395865221,-19.1783224353359,0.995761290165113,1.23239264389562,0.26076764071291,FALSE
"sternoclavicular","horizontal flexion",3,6,"Moissenet et al._9.0","ex vivo",100,0.0758058649648447,0.167698361517824,-0.424961124790397,0.999572323016233,0.767607356104382,-0.26076764071291,FALSE
"sternoclavicular","horizontal flexion",3,6,"Moissenet et al._7.0","ex vivo",100,0.0749445274463981,0.192240453655025,0.624845785144098,0.994980715468782,0.758885484576963,-0.273356125851667,FALSE
"sternoclavicular","horizontal flexion",3,6,"Moissenet et al._6.0","ex vivo",100,0.0318444082329288,0.116449257751247,-2174.80674564627,0.992747784750868,0.322455287882054,-1.21620039212038,FALSE
"sternoclavicular","horizontal flexion",3,6,"Moissenet et al._10.0","ex vivo",100,0.0257328946009496,0.0594638962102327,-2.03528018892394,0.999402386785265,0.260570329204846,-1.45094213974782,FALSE
"sternoclavicular","horizontal flexion",3,6,"Moissenet et al._3.0","ex vivo",100,0.0256275197201159,0.0546053535527703,-26.5950304113032,0.998039878744423,0.259503307098916,-1.45546239562336,FALSE
"acromioclavicular","horizontal flexion",3,7,"Moissenet et al._8.0","ex vivo",100,0.18894768316612,0.573672079335292,-3.11217788959622,0.981149185103385,3.05486097699041,0.962757682607644,FALSE
"acromioclavicular","horizontal flexion",3,7,"Moissenet et al._2.0","ex vivo",100,0.15274458749848,0.432797047665318,-2.65554846414555,0.998322684876336,2.4695379799146,0.779382379237768,FALSE
"acromioclavicular","horizontal flexion",3,7,"Moissenet et al._1.0","ex vivo",100,0.135246622834725,0.398575114576719,-0.379967619067848,0.996525293892628,2.18663506979495,0.674490759476595,FALSE
"acromioclavicular","horizontal flexion",3,7,"Moissenet et al._9.0","ex vivo",100,0.080698939842114,0.187284959926853,-7.3047860283899,0.999006540784437,1.30472116978238,0.229314479097691,FALSE
"acromioclavicular","horizontal flexion",3,7,"Moissenet et al._3.0","ex vivo",100,0.0618514834518812,0.155766378796304,-2.96593812015448,0.999703848513284,1,0,FALSE
"acromioclavicular","horizontal flexion",3,7,"Moissenet et al._7.0","ex vivo",100,0.0384305319491952,0.100424028589643,-0.951101723231958,0.9997714580065,0.621335654448662,-0.410268501721066,FALSE
"acromioclavicular","horizontal flexion",3,7,"Moissenet et al._5.0","ex vivo",100,0.0326997886329438,0.0713714630892595,-11.6815278886308,0.999260794921224,0.528682366339415,-0.549486610906396,FALSE
"acromioclavicular","horizontal flexion",3,7,"Moissenet et al._6.0","ex vivo",100,0.0262837986484374,0.0877666734029141,-5.46533604023888,0.999569665104118,0.424950173893331,-0.737787097813465,FALSE
"acromioclavicular","horizontal flexion",3,7,"Moissenet et al._10.0","ex vivo",100,0.0182393365649457,0.0426359732532529,-8.32725089173254,0.999730904714083,0.294889233806904,-1.05278134520227,FALSE
"scapulothoracic","horizontal flexion",3,6,"Bourne et al._1.0","in vivo",61,0.269861127888717,0.823039219840496,-23.8031508353288,0.982791795111866,2.91596160870852,1.32140421851847,FALSE
"scapulothoracic","horizontal flexion",3,6,"Bourne et al._7.0","in vivo",65,0.21037623458093,0.958673723021361,-84.0076035318005,0.924290685276203,2.27320262174113,1.01394493451218,FALSE
"scapulothoracic","horizontal flexion",3,6,"Bourne et al._4.0","in vivo",58,0.174587449460197,0.95788035535983,-7.45009794103362,0.984570479994589,1.88648992899121,0.783703247280679,FALSE
"scapulothoracic","horizontal flexion",3,6,"Bourne et al._2.0","in vivo",61,0.159808309354943,0.522122263154873,-22.8162973730816,0.997833688377059,1.72679517971848,0.674490759476595,FALSE
"scapulothoracic","horizontal flexion",3,6,"Bourne et al._3.0","in vivo",57,0.157317883814826,0.681538273590461,0.503168397045392,0.995917071097143,1.69988509703579,0.655097480003975,FALSE
"scapulothoracic","horizontal flexion",3,6,"Bourne et al._6.0","in vivo",58,0.130716416402499,0.494458408866953,-5.41838134176864,0.998131836980452,1.41244518927092,0.42637880640149,FALSE
"scapulothoracic","horizontal flexion",3,6,"Bourne et al._5.0","in vivo",61,0.112117970188032,0.54254165402522,0.335159379173744,0.998740021321578,1.21148125064328,0.236874668383742,FALSE
"scapulothoracic","horizontal flexion",3,6,"Moissenet et al._8.0","ex vivo",100,0.0971606348362834,0.298865524545202,-4.32240884264665,0.982616849827767,1.04986102769563,0.0600790921459945,FALSE
"scapulothoracic","horizontal flexion",3,6,"Moissenet et al._9.0","ex vivo",100,0.0925461868506007,0.19500350583846,-30.4725800288211,0.998698377662278,1,0,FALSE
"scapulothoracic","horizontal flexion",3,6,"Moissenet et al._2.0","ex vivo",100,0.0902138589835011,0.223530615238756,0.399748184821839,0.999427196674554,0.97479822836067,-0.0315161240994355,FALSE
"scapulothoracic","horizontal flexion",3,6,"Moissenet et al._3.0","ex vivo",100,0.0576483372317331,0.140525353313259,-0.35779523402632,0.999324078657801,0.622914235513518,-0.584453540851997,FALSE
"scapulothoracic","horizontal flexion",3,6,"Moissenet et al._7.0","ex vivo",100,0.0558058990846772,0.145583210452562,0.411160170590825,0.998588899223327,0.603005925838585,-0.624559717531461,FALSE
"scapulothoracic","horizontal flexion",3,6,"Moissenet et al._1.0","ex vivo",89,0.0382591874386383,0.0936659029377758,-8.77058921128522,0.999666070564188,0.413406416197362,-1.09066397921289,FALSE
"scapulothoracic","horizontal flexion",3,6,"Moissenet et al._6.0","ex vivo",100,0.0365438369867247,0.0786476536881202,-76.907204580641,0.99678523301973,0.394871341870824,-1.14730234674054,FALSE
"scapulothoracic","horizontal flexion",3,6,"Moissenet et al._10.0","ex vivo",100,0.0299939310396916,0.0957288680998238,-56.1521830479619,0.999633447372214,0.324096886758948,-1.39118249184768,FALSE
"scapulothoracic","horizontal flexion",3,6,"Moissenet et al._5.0","ex vivo",100,0.010597896662109,0.027980216154325,-22.6737451738608,0.999846110464842,0.114514676646996,-2.67571759545803,FALSE
"scapulothoracic","horizontal flexion",3,6,"Oki et al._","ex vivo",2,0.00398635302220866,0.00444732051020691,-2434.95929680484,0.999569714670895,0.0430742006544679,-3.88300727583019,FALSE
"glenohumeral","horizontal flexion",3,7,"Moissenet et al._2.0","ex vivo",100,0.450320032576681,1.31401307083892,-2.82394293085491,0.994916829415333,4.67466740254064,1.408096341996,FALSE
"glenohumeral","horizontal flexion",3,7,"Moissenet et al._9.0","ex vivo",100,0.244127816469863,0.616635838406168,0.23981437972467,0.999789357378406,2.53423401836062,0.84905483467421,FALSE
"glenohumeral","horizontal flexion",3,7,"Moissenet et al._1.0","ex vivo",100,0.237116826806981,0.565776532121568,-1.74586994188911,0.999551696029098,2.46145456715769,0.822448954167284,FALSE
"glenohumeral","horizontal flexion",3,7,"Moissenet et al._8.0","ex vivo",100,0.232252417651692,0.570142098239697,-1.81097454591263,0.99590416133689,2.41095826837938,0.803522706982483,FALSE
"glenohumeral","horizontal flexion",3,7,"Moissenet et al._7.0","ex vivo",100,0.0963319940862395,0.220622448575411,0.17869618200225,0.999900194489417,1,0,FALSE
"glenohumeral","horizontal flexion",3,7,"Moissenet et al._3.0","ex vivo",100,0.0595622375699855,0.134942382184644,-16.8852581829061,0.999916614730233,0.618301719329753,-0.438984041925592,FALSE
"glenohumeral","horizontal flexion",3,7,"Moissenet et al._10.0","ex vivo",100,0.0481430587266083,0.0902692376732492,0.77303968642808,0.999978138324556,0.499761882677412,-0.633325990615178,FALSE
"glenohumeral","horizontal flexion",3,7,"Moissenet et al._6.0","ex vivo",100,0.0462987526021607,0.133312131730902,0.761676777415611,0.999972593795024,0.480616570240543,-0.668992237181871,FALSE
"glenohumeral","horizontal flexion",3,7,"Moissenet et al._5.0","ex vivo",100,0.046020778218258,0.11862636339632,0.59790043628146,0.999976150968,0.477730982886732,-0.674490759476595,FALSE
"sternoclavicular","internal-external rotation 0 degree-abducted",3,4,"Moissenet et al._10.0","ex vivo",100,0.344959656460953,0.931433361100195,0.60003348366899,0.948443443935401,4.67635616495409,3.27691373089062,TRUE
"sternoclavicular","internal-external rotation 0 degree-abducted",3,4,"Begon et al._2.0","in vivo",100,0.16722015661494,0.404537811445592,-14.1162944796472,0.258876576104083,2.26687670759371,1.73958392342054,FALSE
"sternoclavicular","internal-external rotation 0 degree-abducted",3,4,"Moissenet et al._1.0","ex vivo",100,0.10746988699275,0.274331967326748,-2.51739387651536,0.933623857192705,1.45688766547793,0.800985470314679,FALSE
"sternoclavicular","internal-external rotation 0 degree-abducted",3,4,"Begon et al._1.0","in vivo",100,0.0953969963667979,0.297320510947798,-0.830676261507256,0.993147807028361,1.29322465315151,0.547996048638511,FALSE
"sternoclavicular","internal-external rotation 0 degree-abducted",3,4,"Moissenet et al._9.0","ex vivo",100,0.0902382519377756,0.176449852753979,-33.0256707849937,0.938430153596123,1.22329147151057,0.429968287568179,FALSE
"sternoclavicular","internal-external rotation 0 degree-abducted",3,4,"Moissenet et al._7.0","ex vivo",100,0.0770299378269684,0.145478591362714,-476.85206421172,0.850157855257953,1.04423638502768,0.0939770749151876,FALSE
"sternoclavicular","internal-external rotation 0 degree-abducted",3,4,"Moissenet et al._4.0","ex vivo",100,0.0705035879750975,0.130376053685129,-201.999145823093,0.989395663943162,0.955763614972323,-0.0939770749151885,FALSE
"sternoclavicular","internal-external rotation 0 degree-abducted",3,4,"Moissenet et al._5.0","ex vivo",100,0.0702609383207663,0.187629813319249,-478.443178037328,0.895244134655135,0.952474197831208,-0.101296477731025,FALSE
"sternoclavicular","internal-external rotation 0 degree-abducted",3,4,"Moissenet et al._6.0","ex vivo",100,0.0583038395702025,0.124332193074338,-1164.09968199591,0.984879270510265,0.790380888048783,-0.49734599363283,FALSE
"sternoclavicular","internal-external rotation 0 degree-abducted",3,4,"Moissenet et al._3.0","ex vivo",100,0.0318237501594007,0.0579648528737158,-164.639789953341,0.977690380812433,0.431410419921722,-1.78275309710518,FALSE
"sternoclavicular","internal-external rotation 0 degree-abducted",3,4,"Moissenet et al._2.0","ex vivo",100,0.0268620339805588,0.0676090637116693,-13.0720099427296,0.989152600094901,0.364148200682162,-2.14260665551414,FALSE
"sternoclavicular","internal-external rotation 0 degree-abducted",3,4,"Moissenet et al._8.0","ex vivo",100,0.0250631791749053,0.0605978164902634,-4866.68229041701,0.976088342702042,0.339762491794991,-2.28976348336262,FALSE
"acromioclavicular","internal-external rotation 0 degree-abducted",3,6,"Begon et al._2.0","in vivo",100,0.138582543445846,0.341866749624101,-23.1169323940509,0.943279429783523,1.66936112026949,0.846081903023227,FALSE
"acromioclavicular","internal-external rotation 0 degree-abducted",3,6,"Moissenet et al._1.0","ex vivo",100,0.13529115134992,0.264052035114744,-13.6158734408882,0.928407886415883,1.62971311078807,0.806416449921838,FALSE
"acromioclavicular","internal-external rotation 0 degree-abducted",3,6,"Moissenet et al._5.0","ex vivo",100,0.121861522891142,0.295264123428912,-311.975222701417,0.464838620266014,1.46794021319718,0.633900021740151,FALSE
"acromioclavicular","internal-external rotation 0 degree-abducted",3,6,"Begon et al._1.0","in vivo",100,0.0933241489010302,0.287057360245479,-49.54154121009,0.974051019485763,1.12417987059459,0.193620469610592,FALSE
"acromioclavicular","internal-external rotation 0 degree-abducted",3,6,"Moissenet et al._10.0","ex vivo",100,0.0906788432605253,0.261057194739514,-186.122431047996,0.926951623942158,1.09231459898328,0.146169717078003,FALSE
"acromioclavicular","internal-external rotation 0 degree-abducted",3,6,"Moissenet et al._6.0","ex vivo",100,0.0849757941440269,0.167583728746568,-35.5533224766032,0.99615486497685,1.02361584208833,0.0389777176562711,FALSE
"acromioclavicular","internal-external rotation 0 degree-abducted",3,6,"Moissenet et al._3.0","ex vivo",100,0.0810548408853477,0.261479184548009,-1932.40656063059,0.738155025320721,0.976384157911668,-0.0389777176562719,FALSE
"acromioclavicular","internal-external rotation 0 degree-abducted",3,6,"Moissenet et al._4.0","ex vivo",100,0.0653207497663218,0.145581728648534,-3.51433977082742,0.989794128162544,0.786851772924497,-0.395114072472425,FALSE
"acromioclavicular","internal-external rotation 0 degree-abducted",3,6,"Moissenet et al._7.0","ex vivo",100,0.0538074345742487,0.120120305517471,-863.890476468831,0.965926358354473,0.648162726893491,-0.715081497213039,FALSE
"acromioclavicular","internal-external rotation 0 degree-abducted",3,6,"Moissenet et al._2.0","ex vivo",100,0.0364162514418159,0.118493820182924,-142.28976768709,0.998190347087549,0.438669061711088,-1.35930732555068,FALSE
"acromioclavicular","internal-external rotation 0 degree-abducted",3,6,"Moissenet et al._8.0","ex vivo",100,0.0257722395806715,0.0660280293806981,-59.0409105249468,0.997351436229362,0.310451617270653,-1.92980413505522,FALSE
"acromioclavicular","internal-external rotation 0 degree-abducted",3,6,"Moissenet et al._9.0","ex vivo",100,0.0141983498685469,0.0396850647623488,-24.6567453742921,0.999901088975013,0.17103289240609,-2.9135975615189,FALSE
"scapulothoracic","internal-external rotation 0 degree-abducted",3,5,"Henninger et al._2.0","in vivo",81,0.791881630485025,1.68239438546082,0.168856511113473,0.62163237232201,7.24473841978974,1.72911778125237,FALSE
"scapulothoracic","internal-external rotation 0 degree-abducted",3,5,"Henninger et al._19.0","in vivo",57,0.661200683299869,1.61165154571542,-69.0900967843693,0.761386625301458,6.04916923070912,1.57163756171567,FALSE
"scapulothoracic","internal-external rotation 0 degree-abducted",3,5,"Henninger et al._3.0","in vivo",72,0.3716338646431,1.06035050136785,-57.0674563087887,0.924104775981147,3.39999064711947,1.06856199270457,FALSE
"scapulothoracic","internal-external rotation 0 degree-abducted",3,5,"Henninger et al._12.0","in vivo",100,0.346979709658129,0.815098368329958,-85.5529451749525,0.760698674980926,3.17443559324398,1.00862511022007,FALSE
"scapulothoracic","internal-external rotation 0 degree-abducted",3,5,"Henninger et al._13.0","in vivo",66,0.283663973257663,0.593253709146274,-104.374944906834,0.336551415684547,2.59517484211785,0.832702280422192,FALSE
"scapulothoracic","internal-external rotation 0 degree-abducted",3,5,"Henninger et al._17.0","in vivo",66,0.272450928795852,0.675991189208411,-10.6760897899527,0.932950350385929,2.49258934084093,0.797485727738227,FALSE
"scapulothoracic","internal-external rotation 0 degree-abducted",3,5,"Henninger et al._16.0","in vivo",100,0.265538048828107,1.03685897643231,-72.5059882893525,0.971683327276371,2.42934503112882,0.775044918884483,FALSE
"scapulothoracic","internal-external rotation 0 degree-abducted",3,5,"Henninger et al._6.0","in vivo",97,0.236653795746281,0.716444189510975,-78.216044449054,0.954885805548007,2.1650898066445,0.674490759476595,FALSE
"scapulothoracic","internal-external rotation 0 degree-abducted",3,5,"Henninger et al._11.0","in vivo",100,0.216211165801238,0.637761417427285,-402.210636826676,0.886167678246478,1.97806500285699,0.595606154222013,FALSE
"scapulothoracic","internal-external rotation 0 degree-abducted",3,5,"Henninger et al._15.0","in vivo",95,0.208178598785319,0.506335307892844,-197.461636442669,0.922198997174504,1.9045769402104,0.562548632625225,FALSE
"scapulothoracic","internal-external rotation 0 degree-abducted",3,5,"Henninger et al._4.0","in vivo",49,0.189420151633456,0.438608002017524,-1.97329471404212,0.825055879143325,1.73296032789745,0.480096217763462,FALSE
"scapulothoracic","internal-external rotation 0 degree-abducted",3,5,"Henninger et al._8.0","in vivo",34,0.181355295130793,0.39977031851684,-270.467949345634,0.912771724945204,1.65917685634609,0.44210500587725,FALSE
"scapulothoracic","internal-external rotation 0 degree-abducted",3,5,"Henninger et al._20.0","in vivo",90,0.168114764673579,0.49541967917132,-100.417195887728,0.938781296580589,1.53804236350147,0.375908920358247,FALSE
"scapulothoracic","internal-external rotation 0 degree-abducted",3,5,"Henninger et al._5.0","in vivo",74,0.131999514204014,0.514013924327715,-15.7571647094765,0.977373291606354,1.20763244799815,0.164733875526094,FALSE
"scapulothoracic","internal-external rotation 0 degree-abducted",3,5,"Henninger et al._7.0","in vivo",79,0.114585200621101,0.308197846551407,-2.76728857010018,0.965336090330723,1.04831299694444,0.041198099231833,FALSE
"scapulothoracic","internal-external rotation 0 degree-abducted",3,5,"Henninger et al._18.0","in vivo",74,0.109304378515851,0.292251251524243,-23.1515365746454,0.979711015388882,1,0,FALSE
"scapulothoracic","internal-external rotation 0 degree-abducted",3,5,"Henninger et al._9.0","in vivo",48,0.109106622208818,0.267489629834703,-93.6065567602718,0.990927482537051,0.998190774150878,-0.0015811931270084,FALSE
"scapulothoracic","internal-external rotation 0 degree-abducted",3,5,"Moissenet et al._1.0","ex vivo",100,0.106619811616388,0.226007123505153,-150.254036624321,0.962743533647478,0.97543953009098,-0.0217132221256896,FALSE
"scapulothoracic","internal-external rotation 0 degree-abducted",3,5,"Begon et al._1.0","in vivo",100,0.0917008087318195,0.232205461079303,-6.15548729574079,0.735467414727104,0.838949088563011,-0.153333298447063,FALSE
"scapulothoracic","internal-external rotation 0 degree-abducted",3,5,"Begon et al._2.0","in vivo",52,0.0820411872053626,0.312617169541831,-1345.41221150486,0.853295039204241,0.750575487636712,-0.250525708092019,FALSE
"scapulothoracic","internal-external rotation 0 degree-abducted",3,5,"Henninger et al._14.0","in vivo",53,0.0759524616838397,0.179836588087748,-1760.18705241816,0.754019339444508,0.69487117273006,-0.317859158445312,FALSE
"scapulothoracic","internal-external rotation 0 degree-abducted",3,5,"Moissenet et al._2.0","ex vivo",100,0.0677502998525332,0.212303543783113,-21.0299733963249,0.992435658284969,0.619831527084785,-0.41764397622308,FALSE
"scapulothoracic","internal-external rotation 0 degree-abducted",3,5,"Henninger et al._10.0","in vivo",91,0.0629528438253403,0.163625025122592,-45.4740864743373,0.985526818769272,0.575940732476797,-0.481772181124671,FALSE
"scapulothoracic","internal-external rotation 0 degree-abducted",3,5,"Moissenet et al._9.0","ex vivo",100,0.0491054063870254,0.11897782842609,-170.768760722345,0.997079385846265,0.449253790687848,-0.698682357128622,FALSE
"scapulothoracic","internal-external rotation 0 degree-abducted",3,5,"Moissenet et al._6.0","ex vivo",100,0.0428800229769625,0.0762381251441764,-196.392915072649,0.9915126633133,0.392299224964206,-0.817052021223558,FALSE
"scapulothoracic","internal-external rotation 0 degree-abducted",3,5,"Moissenet et al._10.0","ex vivo",100,0.0364762120856792,0.103735346693679,-656.687802686638,0.992709797013641,0.333712268263705,-0.95828359168713,FALSE
"scapulothoracic","internal-external rotation 0 degree-abducted",3,5,"Moissenet et al._4.0","ex vivo",100,0.0344305613728419,0.0764436038333396,-631.608536343109,0.980551059047755,0.31499709197696,-1.00867926545163,FALSE
"scapulothoracic","internal-external rotation 0 degree-abducted",3,5,"Moissenet et al._8.0","ex vivo",100,0.0281145947554904,0.0589258879580061,-28.3550431149464,0.927537823787803,0.257213801836981,-1.1856322567179,FALSE
"scapulothoracic","internal-external rotation 0 degree-abducted",3,5,"Moissenet et al._3.0","ex vivo",86,0.0241413358664909,0.0442814572419081,-313.602533453957,0.974335339518438,0.220863392613224,-1.31867134781713,FALSE
"scapulothoracic","internal-external rotation 0 degree-abducted",3,5,"Moissenet et al._7.0","ex vivo",69,0.018593208415014,0.0360551381008012,-1241.31194924389,0.943703905671238,0.170104882050244,-1.54668159719742,FALSE
"scapulothoracic","internal-external rotation 0 degree-abducted",3,5,"Moissenet et al._5.0","ex vivo",92,0.0183489452912647,0.0495898140446203,-2989.05318754321,0.965975057752865,0.16787017629494,-1.55822864568699,FALSE
"glenohumeral","internal-external rotation 0 degree-abducted",3,7,"Henninger et al._3.0","in vivo",72,7.32278338496269,18.878595583461,-1.12227221339507,0.978308946127838,10.0615413065925,1.73569242330418,FALSE
"glenohumeral","internal-external rotation 0 degree-abducted",3,7,"Henninger et al._19.0","in vivo",57,6.9006266093703,17.7953788509808,-0.4520964653766,0.970462913723641,9.48149576759666,1.69105192428163,FALSE
"glenohumeral","internal-external rotation 0 degree-abducted",3,7,"Henninger et al._2.0","in vivo",81,6.27464081722222,12.9055353885713,-0.575563999448255,0.963423240413736,8.62138813175267,1.61955891460447,FALSE
"glenohumeral","internal-external rotation 0 degree-abducted",3,7,"Henninger et al._5.0","in vivo",74,5.21745069892428,15.6606859085085,-10.8141386531626,0.97338688625289,7.16880357681155,1.48084658558091,FALSE
"glenohumeral","internal-external rotation 0 degree-abducted",3,7,"Henninger et al._13.0","in vivo",66,4.11431936169495,12.7089440983148,-0.098250083289724,0.950163623126957,5.65309555533412,1.30226776570743,FALSE
"glenohumeral","internal-external rotation 0 degree-abducted",3,7,"Henninger et al._4.0","in vivo",49,2.3181083958669,5.41873988859671,-36.7654073006625,0.961066495596277,3.18509262831248,0.870944515294494,FALSE
"glenohumeral","internal-external rotation 0 degree-abducted",3,7,"Henninger et al._17.0","in vivo",66,2.21458226976464,5.39884582370402,0.3564048813848,0.998141479996073,3.04284720886878,0.836596563363981,FALSE
"glenohumeral","internal-external rotation 0 degree-abducted",3,7,"Henninger et al._8.0","in vivo",34,1.89092339314947,3.49754093647064,-413.230736336253,0.856523942238231,2.59813827988474,0.717813521283827,FALSE
"glenohumeral","internal-external rotation 0 degree-abducted",3,7,"Henninger et al._16.0","in vivo",100,1.58519201290077,5.00621780182962,0.341225188578878,0.998546586714989,2.17806182133338,0.585226544341883,FALSE
"glenohumeral","internal-external rotation 0 degree-abducted",3,7,"Henninger et al._11.0","in vivo",100,1.43840529291571,3.39049531188286,0.466108250914683,0.998853517396126,1.97637612769102,0.512173927256161,FALSE
"glenohumeral","internal-external rotation 0 degree-abducted",3,7,"Henninger et al._20.0","in vivo",90,1.22769917516021,2.98372629246284,0.605365108015566,0.998440117249202,1.68686485910672,0.39309413567107,FALSE
"glenohumeral","internal-external rotation 0 degree-abducted",3,7,"Henninger et al._15.0","in vivo",95,1.04071444774266,3.71460169871075,-1.60474830502252,0.998203550296878,1.42994690049592,0.268871181063228,FALSE
"glenohumeral","internal-external rotation 0 degree-abducted",3,7,"Henninger et al._14.0","in vivo",53,1.03818885562536,3.26491395445702,0.931016892423611,0.999076611835952,1.42647672418783,0.267044509081826,FALSE
"glenohumeral","internal-external rotation 0 degree-abducted",3,7,"Henninger et al._12.0","in vivo",100,1.01204945998571,2.41507220303983,0.880584118567463,0.999662981751412,1.3905610627335,0.24787344763292,FALSE
"glenohumeral","internal-external rotation 0 degree-abducted",3,7,"Henninger et al._9.0","in vivo",48,0.825819932916629,1.98838251717682,-5.59977970679321,0.989179849686865,1.13468075321068,0.094990740806307,FALSE
"glenohumeral","internal-external rotation 0 degree-abducted",3,7,"Moissenet et al._4.0","ex vivo",100,0.727799366103546,1.75257574595477,0.211769482202995,0.99943971386015,1,0,FALSE
"glenohumeral","internal-external rotation 0 degree-abducted",3,7,"Begon et al._1.0","in vivo",100,0.5972430032859,1.61703219787759,-0.198969604730694,0.99936061179426,0.820614898970562,-0.148631565924294,FALSE
"glenohumeral","internal-external rotation 0 degree-abducted",3,7,"Henninger et al._6.0","in vivo",97,0.543985274299144,1.53187003006767,0.853554318710992,0.999800259961375,0.74743851071416,-0.218850966402581,FALSE
"glenohumeral","internal-external rotation 0 degree-abducted",3,7,"Begon et al._2.0","in vivo",52,0.477689706296411,1.6231161590857,-1885.33447596333,0.979775422459889,0.656348065887776,-0.316555300328773,FALSE
"glenohumeral","internal-external rotation 0 degree-abducted",3,7,"Henninger et al._7.0","in vivo",79,0.473082055251064,1.15945975539521,0.995371133500071,0.999783893718311,0.65001713011077,-0.323842121912589,FALSE
"glenohumeral","internal-external rotation 0 degree-abducted",3,7,"Moissenet et al._10.0","ex vivo",100,0.391220468225165,1.36921338285707,0.929382590240798,0.99987235783901,0.537538896632544,-0.466682020721806,FALSE
"glenohumeral","internal-external rotation 0 degree-abducted",3,7,"Moissenet et al._6.0","ex vivo",100,0.355723987855193,1.18991477470425,-0.322629481378654,0.999813086273885,0.488766553562212,-0.538190191143161,FALSE
"glenohumeral","internal-external rotation 0 degree-abducted",3,7,"Moissenet et al._7.0","ex vivo",69,0.306844809115698,1.03537308983175,-8.05436471164526,0.999896960530682,0.421606315430676,-0.649315779820587,FALSE
"glenohumeral","internal-external rotation 0 degree-abducted",3,7,"Moissenet et al._3.0","ex vivo",86,0.296739832809313,1.13309532326284,-8.43715943915351,0.999918080596173,0.407722027016846,-0.674490759476595,FALSE
"glenohumeral","internal-external rotation 0 degree-abducted",3,7,"Moissenet et al._8.0","ex vivo",100,0.276545472443058,1.17570103351603,-0.976704066995733,0.999909386121078,0.379974874014541,-0.727477895886426,FALSE
"glenohumeral","internal-external rotation 0 degree-abducted",3,7,"Moissenet et al._5.0","ex vivo",92,0.27510642957826,0.943982022959077,-6.58674876226295,0.999915493250874,0.377997621859869,-0.731400197849532,FALSE
"glenohumeral","internal-external rotation 0 degree-abducted",3,7,"Henninger et al._10.0","in vivo",91,0.271570963354695,0.651192020278827,0.680655620442065,0.99992155781597,0.373139873436023,-0.741124379485837,FALSE
"glenohumeral","internal-external rotation 0 degree-abducted",3,7,"Moissenet et al._2.0","ex vivo",100,0.255799282153583,1.08591828596932,-1.92149609485083,0.99991625806028,0.351469503914339,-0.786104780428477,FALSE
"glenohumeral","internal-external rotation 0 degree-abducted",3,7,"Henninger et al._18.0","in vivo",74,0.147106030069134,0.527390340770353,0.92957461497213,0.999973396361638,0.202124427308453,-1.20202935891602,FALSE
"glenohumeral","internal-external rotation 0 degree-abducted",3,7,"Moissenet et al._1.0","ex vivo",100,0.0893073563046588,0.218759798259455,-3.02283852591569,0.999954491063735,0.122708758023228,-1.57722923620043,FALSE
"glenohumeral","internal-external rotation 0 degree-abducted",3,7,"Moissenet et al._9.0","ex vivo",100,0.0415677229554713,0.105325788529374,0.529956543483454,0.99999701512394,0.0571142610057693,-2.15217454392121,FALSE
"scapulothoracic","internal-external rotation 90 degree-abducted",3,6,"Henninger et al._6.0","in vivo",82,0.459178510432258,1.19286723184424,0.886764235657073,0.99717586841033,2.17483480254543,1.33126677350359,FALSE
"scapulothoracic","internal-external rotation 90 degree-abducted",3,6,"Henninger et al._10.0","in vivo",100,0.406679097221398,1.00139082620512,-0.193450958938076,0.995431682820596,1.92617867345806,1.12721485805866,FALSE
"scapulothoracic","internal-external rotation 90 degree-abducted",3,6,"Henninger et al._2.0","in vivo",94,0.366300990476234,1.13547715023486,0.225684319876315,0.977515700859543,1.73493341738627,0.95147398424974,FALSE
"scapulothoracic","internal-external rotation 90 degree-abducted",3,6,"Karduna et al._","in vivo",18,0.350813204610996,0.91616911334698,-2.63589421980831,0.954304770094143,1.66157768546758,0.878868704399725,FALSE
"scapulothoracic","internal-external rotation 90 degree-abducted",3,6,"Henninger et al._3.0","in vivo",100,0.335327134531911,0.953805691130432,0.129782406290596,0.998840421340273,1.58823008013007,0.802993185292558,FALSE
"scapulothoracic","internal-external rotation 90 degree-abducted",3,6,"Begon et al._1.0","in vivo",100,0.32269578095165,0.928031832345415,-4.17361086911889,0.970648886701019,1.52840344028199,0.738463154115222,FALSE
"scapulothoracic","internal-external rotation 90 degree-abducted",3,6,"Henninger et al._18.0","in vivo",100,0.306905701393161,1.0482107287368,0.611297278579481,0.997162798700293,1.45361593655837,0.6541472882447,FALSE
"scapulothoracic","internal-external rotation 90 degree-abducted",3,6,"Henninger et al._19.0","in vivo",100,0.296252629336933,0.721716659293488,0.811037184427893,0.993173785014019,1.40315915050342,0.594774376421958,FALSE
"scapulothoracic","internal-external rotation 90 degree-abducted",3,6,"Henninger et al._5.0","in vivo",100,0.293912482750782,0.743289115354693,-0.284966289069774,0.995797861414311,1.39207537344724,0.581446177834263,FALSE
"scapulothoracic","internal-external rotation 90 degree-abducted",3,6,"Henninger et al._7.0","in vivo",91,0.2842482299593,0.796400089109849,0.528928214083875,0.998717607898103,1.346301991562,0.525256077622368,FALSE
"scapulothoracic","internal-external rotation 90 degree-abducted",3,6,"Henninger et al._20.0","in vivo",100,0.270657253297165,1.00718487121243,-5.03969459421508,0.996401263892688,1.28193023118156,0.44291469346517,FALSE
"scapulothoracic","internal-external rotation 90 degree-abducted",3,6,"Chu et al._","in vivo",8,0.247637712246886,0.385895220754598,-2.92433009767904,0.985632731421044,1.17290139407931,0.293530334804484,FALSE
"scapulothoracic","internal-external rotation 90 degree-abducted",3,6,"Henninger et al._16.0","in vivo",100,0.17462747303968,0.623344197489196,-26.9719127444472,0.996003401152816,0.827098605920688,-0.293530334804484,FALSE
"scapulothoracic","internal-external rotation 90 degree-abducted",3,6,"Henninger et al._15.0","in vivo",100,0.164179367999467,0.491808974157129,0.672731092685751,0.999437895056318,0.777612617474246,-0.397216958557272,FALSE
"scapulothoracic","internal-external rotation 90 degree-abducted",3,6,"Henninger et al._11.0","in vivo",100,0.150059023665656,0.364863116482685,-8.04627414652024,0.998910390432065,0.710733581144371,-0.5483565532704,FALSE
"scapulothoracic","internal-external rotation 90 degree-abducted",3,6,"Henninger et al._4.0","in vivo",100,0.148867807784514,0.5947214083251,0.764278496162877,0.998840950352538,0.705091553704509,-0.56175108464264,FALSE
"scapulothoracic","internal-external rotation 90 degree-abducted",3,6,"Henninger et al._9.0","in vivo",100,0.146155568066957,0.392476294179416,0.724812133811721,0.998366401097344,0.692245409565414,-0.592652866869795,FALSE
"scapulothoracic","internal-external rotation 90 degree-abducted",3,6,"Henninger et al._12.0","in vivo",100,0.144503803382356,0.536611231924658,0.481425181838341,0.99931281526148,0.68442205712171,-0.611754397555096,FALSE
"scapulothoracic","internal-external rotation 90 degree-abducted",3,6,"Henninger et al._14.0","in vivo",98,0.137534088724381,0.781326598840839,-39.0114832534316,0.988493996902448,0.65141097829813,-0.69483423070849,FALSE
"scapulothoracic","internal-external rotation 90 degree-abducted",3,6,"Henninger et al._8.0","in vivo",100,0.133834797832312,0.501157627350595,0.21361083175102,0.999081752014748,0.633889804301466,-0.74065738523096,FALSE
"scapulothoracic","internal-external rotation 90 degree-abducted",3,6,"Henninger et al._17.0","in vivo",100,0.132845193016557,0.424571193448988,0.0915152444447184,0.998745144298113,0.629202679479261,-0.753130445213081,FALSE
"scapulothoracic","internal-external rotation 90 degree-abducted",3,6,"Henninger et al._1.0","in vivo",81,0.13182233921591,0.35616306468359,-4.66730258358033,0.997734451141124,0.624358075489696,-0.766120611372967,FALSE
"scapulothoracic","internal-external rotation 90 degree-abducted",3,6,"Henninger et al._13.0","in vivo",100,0.0828503175191933,0.247043558559747,-24.2374402850476,0.997234245576067,0.392408943034069,-1.54663357885797,FALSE
"scapulothoracic","internal-external rotation 90 degree-abducted",3,6,"Begon et al._2.0","in vivo",100,0.0727608784409604,0.21724478339328,-309.661396167377,0.990831226948136,0.344621725760233,-1.76487416481814,FALSE
"glenohumeral","internal-external rotation 90 degree-abducted",3,6,"Henninger et al._6.0","in vivo",82,1.30867227933135,3.18578593956497,0.971506929044776,0.997157230447824,3.87416914925481,2.3991567626445,FALSE
"glenohumeral","internal-external rotation 90 degree-abducted",3,6,"Henninger et al._2.0","in vivo",94,0.85226391774554,2.32631791062351,0.900288943975318,0.999204683839247,2.52302629871539,1.63973745833175,FALSE
"glenohumeral","internal-external rotation 90 degree-abducted",3,6,"Begon et al._1.0","in vivo",100,0.509615481129575,1.47199736671001,0.979055311151489,0.999734086117541,1.50865622062661,0.729154631259982,FALSE
"glenohumeral","internal-external rotation 90 degree-abducted",3,6,"Henninger et al._19.0","in vivo",100,0.500032714813041,1.31206192811713,0.991692916303923,0.999624031445246,1.48028757691468,0.695540827111619,FALSE
"glenohumeral","internal-external rotation 90 degree-abducted",3,6,"Henninger et al._10.0","in vivo",100,0.490946416650092,1.40384593405841,0.842287883074661,0.999714823791554,1.4533886683187,0.663068123711465,FALSE
"glenohumeral","internal-external rotation 90 degree-abducted",3,6,"Henninger et al._5.0","in vivo",100,0.476082977789674,1.85301648954416,0.758028058284838,0.999564438134749,1.40938721952642,0.608630691843305,FALSE
"glenohumeral","internal-external rotation 90 degree-abducted",3,6,"Henninger et al._18.0","in vivo",100,0.420162267656729,1.14816474055011,0.925576746092191,0.999777335554393,1.24384058617665,0.38737515636246,FALSE
"glenohumeral","internal-external rotation 90 degree-abducted",3,6,"Henninger et al._3.0","in vivo",100,0.373017536865956,1.12573614432198,0.912194707010953,0.999875293429252,1.10427419934002,0.17663003648565,FALSE
"glenohumeral","internal-external rotation 90 degree-abducted",3,6,"Henninger et al._11.0","in vivo",100,0.365124006535949,1.07736602690399,0.514955645194158,0.999754064528954,1.0809063385194,0.138756837546909,FALSE
"glenohumeral","internal-external rotation 90 degree-abducted",3,6,"Henninger et al._7.0","in vivo",91,0.36360009357314,0.963174264224712,0.845115206095806,0.999717241302253,1.07639497484195,0.131350875813506,FALSE
"glenohumeral","internal-external rotation 90 degree-abducted",3,6,"Henninger et al._20.0","in vivo",100,0.349108200281551,1.19303693379866,0.992895958871946,0.999773532625396,1.03349344266213,0.0593302353790535,FALSE
"glenohumeral","internal-external rotation 90 degree-abducted",3,6,"Henninger et al._15.0","in vivo",100,0.326480411838326,1.03402080313165,0.908490631312734,0.999875107346597,0.966506557337869,-0.0593302353790535,FALSE
"glenohumeral","internal-external rotation 90 degree-abducted",3,6,"Henninger et al._12.0","in vivo",100,0.25283301258262,0.950527173199085,0.927442936131449,0.999957587248491,0.748482162211925,-0.512002432440036,FALSE
"glenohumeral","internal-external rotation 90 degree-abducted",3,6,"Henninger et al._8.0","in vivo",100,0.241575372422971,0.703117908423579,0.988266911578632,0.999946982481551,0.715155253031726,-0.592655410489249,FALSE
"glenohumeral","internal-external rotation 90 degree-abducted",3,6,"Henninger et al._4.0","in vivo",100,0.23241626458208,0.797871862654738,0.971284395130366,0.999952049332424,0.688040800015262,-0.661097042373441,FALSE
"glenohumeral","internal-external rotation 90 degree-abducted",3,6,"Henninger et al._16.0","in vivo",100,0.229181736196637,0.798844878636658,0.6237500394223,0.999964437693283,0.678465362160281,-0.685913395241725,FALSE
"glenohumeral","internal-external rotation 90 degree-abducted",3,6,"Henninger et al._9.0","in vivo",100,0.228143321363664,0.578103701531191,0.998951471518037,0.999964585826664,0.67539125814389,-0.693954772394708,FALSE
"glenohumeral","internal-external rotation 90 degree-abducted",3,6,"Henninger et al._1.0","in vivo",81,0.223050624095917,0.725491198896997,0.976206618831538,0.99997600297805,0.660314931585434,-0.733929622259108,FALSE
"glenohumeral","internal-external rotation 90 degree-abducted",3,6,"Henninger et al._14.0","in vivo",98,0.220787416613343,0.696293986157414,0.968689019723392,0.999937442978617,0.653614974120274,-0.751988360881323,FALSE
"glenohumeral","internal-external rotation 90 degree-abducted",3,6,"Henninger et al._17.0","in vivo",100,0.13346222172249,0.466144608581658,0.931602655742716,0.999988081004844,0.395099086420978,-1.64334473121063,FALSE
"glenohumeral","internal-external rotation 90 degree-abducted",3,6,"Henninger et al._13.0","in vivo",100,0.103638277485907,0.273161106099231,0.973902483089695,0.999993546286533,0.306808834923101,-2.09118460403175,FALSE
"glenohumeral","internal-external rotation 90 degree-abducted",3,6,"Begon et al._2.0","in vivo",100,0.100250361703798,0.249483326220087,0.917076618210446,0.999980727443793,0.296779311863267,-2.1500368923819,FALSE
